CREATE DATABASE  IF NOT EXISTS `seaports` /*!40100 DEFAULT CHARACTER SET latin1 */;
USE `seaports`;
-- MySQL dump 10.13  Distrib 5.5.16, for Win32 (x86)
--
-- Host: localhost    Database: seaports
-- ------------------------------------------------------
-- Server version	5.5.28

/*!40101 SET @OLD_CHARACTER_SET_CLIENT=@@CHARACTER_SET_CLIENT */;
/*!40101 SET @OLD_CHARACTER_SET_RESULTS=@@CHARACTER_SET_RESULTS */;
/*!40101 SET @OLD_COLLATION_CONNECTION=@@COLLATION_CONNECTION */;
/*!40101 SET NAMES utf8 */;
/*!40103 SET @OLD_TIME_ZONE=@@TIME_ZONE */;
/*!40103 SET TIME_ZONE='+00:00' */;
/*!40014 SET @OLD_UNIQUE_CHECKS=@@UNIQUE_CHECKS, UNIQUE_CHECKS=0 */;
/*!40014 SET @OLD_FOREIGN_KEY_CHECKS=@@FOREIGN_KEY_CHECKS, FOREIGN_KEY_CHECKS=0 */;
/*!40101 SET @OLD_SQL_MODE=@@SQL_MODE, SQL_MODE='NO_AUTO_VALUE_ON_ZERO' */;
/*!40111 SET @OLD_SQL_NOTES=@@SQL_NOTES, SQL_NOTES=0 */;

--
-- Table structure for table `abs_data`
--

DROP TABLE IF EXISTS `abs_data`;
/*!40101 SET @saved_cs_client     = @@character_set_client */;
/*!40101 SET character_set_client = utf8 */;
CREATE TABLE `abs_data` (
  `id` int(11) NOT NULL AUTO_INCREMENT,
  `data` varchar(255) DEFAULT NULL,
  `seaport_id` varchar(255) DEFAULT NULL,
  `abs_variable_id` int(11) DEFAULT NULL,
  PRIMARY KEY (`id`),
  KEY `FK661BA7579A47FD94` (`abs_variable_id`),
  KEY `FK661BA7578FB9E94F` (`seaport_id`),
  CONSTRAINT `FK661BA7578FB9E94F` FOREIGN KEY (`seaport_id`) REFERENCES `seaport` (`code`),
  CONSTRAINT `FK661BA7579A47FD94` FOREIGN KEY (`abs_variable_id`) REFERENCES `abs_variable` (`id`)
) ENGINE=InnoDB AUTO_INCREMENT=9 DEFAULT CHARSET=latin1;
/*!40101 SET character_set_client = @saved_cs_client */;

--
-- Dumping data for table `abs_data`
--

LOCK TABLES `abs_data` WRITE;
/*!40000 ALTER TABLE `abs_data` DISABLE KEYS */;
INSERT INTO `abs_data` VALUES (1,'2001,381248;2002,384826;2003,388460;2004,391638;2005,395806;2006,399712;2007,402318;2008,406202;2009,408966;2010,410825;2011,413962','AUNTL',1),(2,'2001,3784614;2002,3815623;2003,3841038;2004,3863306;2005,3892711;2006,3927676;2007,3983300;2008,4048560;2009,4120338;2010,4179466;2011,4231954','AUSYD',1),(3,'2001,262785;2002,265247;2003,266898;2004,267829;2005,269255;2006,270997;2007,272556;2008,275602;2009,277778;2010,279642;2011,280705','AUPKL',1),(4,'2001,12266;2002,12307;2003,12270;2004,12500;2005,12666;2006,12925;2007,13078;2008,13194;2009,13287;2010,13407;2011,13479','AUBSJ',1),(5,'2001,28442;2002,28755;2003,29107;2004,29451;2005,30019;2006,30492;2007,30749;2008,30965;2009,31237;2010,31479;2011,31538','AUALH',1),(6,'2001,31994;2002,32260;2003,32427;2004,32506;2005,33338;2006,34175;2007,34766;2008,35554;2009,36289;2010,36670;2011,37114','AUGET',1),(7,'2001,50260;2002,51040;2003,51646;2004,53531;2005,55919;2006,58694;2007,60371;2008,62457;2009,64503;2010,66053;2011,67421','AUBUY',1),(8,'2001,1419994;2002,1439792;2003,1462442;2004,1488351;2005,1513581;2006,1546145;2007,1587077;2008,1636507;2009,1689336;2010,1726993;2011,1771434','AUFRE',1);
/*!40000 ALTER TABLE `abs_data` ENABLE KEYS */;
UNLOCK TABLES;

--
-- Table structure for table `abs_variable`
--

DROP TABLE IF EXISTS `abs_variable`;
/*!40101 SET @saved_cs_client     = @@character_set_client */;
/*!40101 SET character_set_client = utf8 */;
CREATE TABLE `abs_variable` (
  `id` int(11) NOT NULL AUTO_INCREMENT,
  `description` varchar(255) DEFAULT NULL,
  `name` varchar(255) DEFAULT NULL,
  `short_name` varchar(255) DEFAULT NULL,
  `uom` varchar(255) DEFAULT NULL,
  `uom_variation` varchar(255) DEFAULT NULL,
  PRIMARY KEY (`id`)
) ENGINE=InnoDB AUTO_INCREMENT=2 DEFAULT CHARSET=latin1;
/*!40101 SET character_set_client = @saved_cs_client */;

--
-- Dumping data for table `abs_variable`
--

LOCK TABLES `abs_variable` WRITE;
/*!40000 ALTER TABLE `abs_variable` DISABLE KEYS */;
INSERT INTO `abs_variable` VALUES (1,'Population in urban centre','Urban Population','Pop.','people','%');
/*!40000 ALTER TABLE `abs_variable` ENABLE KEYS */;
UNLOCK TABLES;

--
-- Table structure for table `acorn_sat_data`
--

DROP TABLE IF EXISTS `acorn_sat_data`;
/*!40101 SET @saved_cs_client     = @@character_set_client */;
/*!40101 SET character_set_client = utf8 */;
CREATE TABLE `acorn_sat_data` (
  `id` int(11) NOT NULL AUTO_INCREMENT,
  `date_measured` datetime DEFAULT NULL,
  `extreme` bit(1) DEFAULT NULL,
  `period_end` datetime DEFAULT NULL,
  `period_start` datetime DEFAULT NULL,
  `value` double DEFAULT NULL,
  `acorn_sat_station_id` int(11) DEFAULT NULL,
  `acorn_sat_variable_id` int(11) DEFAULT NULL,
  PRIMARY KEY (`id`),
  KEY `FKF34670595ADB8573` (`acorn_sat_variable_id`),
  KEY `FKF3467059E0274E1` (`acorn_sat_station_id`),
  CONSTRAINT `FKF3467059E0274E1` FOREIGN KEY (`acorn_sat_station_id`) REFERENCES `acorn_sat_station` (`id`),
  CONSTRAINT `FKF34670595ADB8573` FOREIGN KEY (`acorn_sat_variable_id`) REFERENCES `acorn_sat_variable` (`id`)
) ENGINE=InnoDB AUTO_INCREMENT=122 DEFAULT CHARSET=latin1;
/*!40101 SET character_set_client = @saved_cs_client */;

--
-- Dumping data for table `acorn_sat_data`
--

LOCK TABLES `acorn_sat_data` WRITE;
/*!40000 ALTER TABLE `acorn_sat_data` DISABLE KEYS */;
INSERT INTO `acorn_sat_data` VALUES (1,NULL,'\0','2010-01-01 00:00:00','1981-01-01 00:00:00',19.6,1,1),(2,NULL,'\0','2010-01-01 00:00:00','1981-01-01 00:00:00',1473.6,1,2),(3,'1970-01-01 09:00:00','\0','2010-01-01 00:00:00','1981-01-01 00:00:00',76,1,3),(4,'1970-01-01 15:00:00','\0','2010-01-01 00:00:00','1981-01-01 00:00:00',68,1,3),(5,'1970-01-01 09:00:00','\0','2010-01-01 00:00:00','1981-01-01 00:00:00',11.8,1,4),(6,'1970-01-01 15:00:00','\0','2010-01-01 00:00:00','1981-01-01 00:00:00',18.1,1,4),(7,'2002-01-12 00:00:00','','2010-01-01 00:00:00','1981-01-01 00:00:00',42.5,1,5),(8,'1999-03-02 00:00:00','','2010-01-01 00:00:00','1981-01-01 00:00:00',300,1,6),(9,NULL,'\0','2010-01-01 00:00:00','1981-01-01 00:00:00',18.9,2,1),(10,NULL,'\0','2010-01-01 00:00:00','1981-01-01 00:00:00',1658.8,2,2),(11,'1970-01-01 09:00:00','\0','2010-01-01 00:00:00','1981-01-01 00:00:00',67,2,3),(12,'1970-01-01 15:00:00','\0','2010-01-01 00:00:00','1981-01-01 00:00:00',63,2,3),(13,'1970-01-01 09:00:00','\0','2010-01-01 00:00:00','1981-01-01 00:00:00',13.2,2,4),(14,'1970-01-01 15:00:00','\0','2010-01-01 00:00:00','1981-01-01 00:00:00',19.4,2,4),(15,'2002-01-12 00:00:00','','2010-01-01 00:00:00','1981-01-01 00:00:00',43.3,2,5),(16,'2009-11-07 00:00:00','','2010-01-01 00:00:00','1981-01-01 00:00:00',371,2,6),(17,'1985-07-09 00:00:00','','2010-01-01 00:00:00','1981-01-01 00:00:00',124,2,7),(18,NULL,'\0','2010-01-01 00:00:00','1981-01-01 00:00:00',17.9,3,1),(19,NULL,'\0','2010-01-01 00:00:00','1981-01-01 00:00:00',1126.5,3,2),(20,'1970-01-01 09:00:00','\0','2010-01-01 00:00:00','1981-01-01 00:00:00',73,3,3),(21,'1970-01-01 15:00:00','\0','2010-01-01 00:00:00','1981-01-01 00:00:00',56,3,3),(22,'1970-01-01 09:00:00','\0','2010-01-01 00:00:00','1981-01-01 00:00:00',14.5,3,4),(23,'1970-01-01 15:00:00','\0','2010-01-01 00:00:00','1981-01-01 00:00:00',21.3,3,4),(24,'2006-01-01 00:00:00','','2010-01-01 00:00:00','1981-01-01 00:00:00',44.4,3,5),(25,'1990-02-03 00:00:00','','2010-01-01 00:00:00','1981-01-01 00:00:00',276,3,6),(26,'1992-08-12 00:00:00','','2010-01-01 00:00:00','1981-01-01 00:00:00',122,3,7),(27,'1998-06-23 00:00:00','','2010-01-01 00:00:00','1981-01-01 00:00:00',122,3,7),(28,NULL,'\0','2010-01-01 00:00:00','1981-01-01 00:00:00',18.5,4,1),(29,NULL,'\0','2010-01-01 00:00:00','1981-01-01 00:00:00',1222.7,4,2),(30,'1970-01-01 09:00:00','\0','2010-01-01 00:00:00','1981-01-01 00:00:00',70,4,3),(31,'1970-01-01 15:00:00','\0','2010-01-01 00:00:00','1981-01-01 00:00:00',56,4,3),(32,'1970-01-01 09:00:00','\0','2010-01-01 00:00:00','1981-01-01 00:00:00',8.3,4,4),(33,'1970-01-01 15:00:00','\0','2010-01-01 00:00:00','1981-01-01 00:00:00',13.9,4,4),(34,'2006-01-01 00:00:00','','2010-01-01 00:00:00','1981-01-01 00:00:00',44.2,4,5),(35,'1986-08-06 00:00:00','','2010-01-01 00:00:00','1981-01-01 00:00:00',327.6,4,6),(36,'1981-09-27 00:00:00','','2010-01-01 00:00:00','1981-01-01 00:00:00',117,4,7),(37,NULL,'\0','2010-01-01 00:00:00','1981-01-01 00:00:00',16.1,5,1),(38,NULL,'\0','2010-01-01 00:00:00','1981-01-01 00:00:00',951.4,5,2),(39,'1970-01-01 09:00:00','\0','2010-01-01 00:00:00','1981-01-01 00:00:00',76,5,3),(40,'1970-01-01 15:00:00','\0','2010-01-01 00:00:00','1981-01-01 00:00:00',66,5,3),(41,'1970-01-01 09:00:00','\0','2010-01-01 00:00:00','1981-01-01 00:00:00',12.1,5,4),(42,'1970-01-01 15:00:00','\0','2010-01-01 00:00:00','1981-01-01 00:00:00',22.7,5,4),(43,'2003-01-30 00:00:00','','2010-01-01 00:00:00','1981-01-01 00:00:00',43.2,5,5),(44,'1999-01-29 00:00:00','','2010-01-01 00:00:00','1981-01-01 00:00:00',206.2,5,6),(45,NULL,'\0','2010-01-01 00:00:00','1981-01-01 00:00:00',15.3,6,1),(46,NULL,'\0','2010-01-01 00:00:00','1981-01-01 00:00:00',913.5,6,2),(47,'1970-01-01 09:00:00','\0','2010-01-01 00:00:00','1981-01-01 00:00:00',79,6,3),(48,'1970-01-01 15:00:00','\0','2010-01-01 00:00:00','1981-01-01 00:00:00',75,6,3),(49,'1970-01-01 09:00:00','\0','2010-01-01 00:00:00','1981-01-01 00:00:00',24.8,6,4),(50,'1970-01-01 15:00:00','\0','2010-01-01 00:00:00','1981-01-01 00:00:00',32.8,6,4),(51,'1990-01-03 00:00:00','','2010-01-01 00:00:00','1981-01-01 00:00:00',40.8,6,5),(52,'1999-01-24 00:00:00','','2010-01-01 00:00:00','1981-01-01 00:00:00',237,6,6),(53,NULL,'\0','2010-01-01 00:00:00','1981-01-01 00:00:00',14,7,1),(54,NULL,'\0','2010-01-01 00:00:00','1981-01-01 00:00:00',559.2,7,2),(55,'1970-01-01 09:00:00','\0','2010-01-01 00:00:00','1981-01-01 00:00:00',78,7,3),(56,'1970-01-01 15:00:00','\0','2010-01-01 00:00:00','1981-01-01 00:00:00',56,7,3),(57,'1970-01-01 09:00:00','\0','2010-01-01 00:00:00','1981-01-01 00:00:00',12.4,7,4),(58,'1970-01-01 15:00:00','\0','2010-01-01 00:00:00','1981-01-01 00:00:00',20.6,7,4),(59,'1982-01-24 00:00:00','','2010-01-01 00:00:00','1981-01-01 00:00:00',44.6,7,5),(60,'2004-04-24 00:00:00','','2010-01-01 00:00:00','1981-01-01 00:00:00',108.8,7,6),(61,'1998-12-27 00:00:00','','2010-01-01 00:00:00','1981-01-01 00:00:00',152,7,7),(62,NULL,'\0','2010-01-01 00:00:00','1981-01-01 00:00:00',14.2,8,1),(63,NULL,'\0','2010-01-01 00:00:00','1981-01-01 00:00:00',1059,8,2),(64,'1970-01-01 09:00:00','\0','2010-01-01 00:00:00','1981-01-01 00:00:00',75,8,3),(65,'1970-01-01 15:00:00','\0','2010-01-01 00:00:00','1981-01-01 00:00:00',72,8,3),(66,'1970-01-01 09:00:00','\0','2010-01-01 00:00:00','1981-01-01 00:00:00',34.1,8,4),(67,'1970-01-01 15:00:00','\0','2010-01-01 00:00:00','1981-01-01 00:00:00',35.8,8,4),(68,'2009-02-07 00:00:00','','2010-01-01 00:00:00','1981-01-01 00:00:00',42,8,5),(69,'1988-05-20 00:00:00','','2010-01-01 00:00:00','1981-01-01 00:00:00',123.2,8,6),(70,NULL,'\0','2010-01-01 00:00:00','1981-01-01 00:00:00',19.9,9,1),(71,NULL,'\0','2010-01-01 00:00:00','1981-01-01 00:00:00',416.3,9,2),(72,'1970-01-01 09:00:00','\0','2010-01-01 00:00:00','1981-01-01 00:00:00',59,9,3),(73,'1970-01-01 15:00:00','\0','2010-01-01 00:00:00','1981-01-01 00:00:00',48,9,3),(74,'1970-01-01 09:00:00','\0','2010-01-01 00:00:00','1981-01-01 00:00:00',19.4,9,4),(75,'1970-01-01 15:00:00','\0','2010-01-01 00:00:00','1981-01-01 00:00:00',25,9,4),(76,'1985-02-20 00:00:00','','2010-01-01 00:00:00','1981-01-01 00:00:00',47.3,9,5),(77,'1999-03-20 00:00:00','','2010-01-01 00:00:00','1981-01-01 00:00:00',100.8,9,6),(78,'1994-05-23 00:00:00','','2010-01-01 00:00:00','1981-01-01 00:00:00',128.8,9,7),(79,NULL,'\0','2010-01-01 00:00:00','1981-01-01 00:00:00',18.6,10,1),(80,NULL,'\0','2010-01-01 00:00:00','1981-01-01 00:00:00',725,10,2),(81,'1970-01-01 09:00:00','\0','2010-01-01 00:00:00','1981-01-01 00:00:00',62,10,3),(82,'1970-01-01 15:00:00','\0','2010-01-01 00:00:00','1981-01-01 00:00:00',45,10,3),(83,'1970-01-01 09:00:00','\0','2010-01-01 00:00:00','1981-01-01 00:00:00',15.4,10,4),(84,'1970-01-01 15:00:00','\0','2010-01-01 00:00:00','1981-01-01 00:00:00',19.5,10,4),(85,'1991-02-23 00:00:00','','2010-01-01 00:00:00','1981-01-01 00:00:00',46.7,10,5),(86,'1992-02-09 00:00:00','','2010-01-01 00:00:00','1981-01-01 00:00:00',132,10,6),(87,'1990-07-22 00:00:00','','2010-01-01 00:00:00','1981-01-01 00:00:00',124,10,7),(88,NULL,'\0','2010-01-01 00:00:00','1981-01-01 00:00:00',15.6,11,1),(89,NULL,'\0','2010-01-01 00:00:00','1981-01-01 00:00:00',756.7,11,2),(90,'1970-01-01 09:00:00','\0','2010-01-01 00:00:00','1981-01-01 00:00:00',79,11,3),(91,'1970-01-01 15:00:00','\0','2010-01-01 00:00:00','1981-01-01 00:00:00',57,11,3),(92,'1970-01-01 09:00:00','\0','2010-01-01 00:00:00','1981-01-01 00:00:00',5.8,11,4),(93,'1970-01-01 15:00:00','\0','2010-01-01 00:00:00','1981-01-01 00:00:00',8.2,11,4),(94,'1991-01-31 00:00:00','','2010-01-01 00:00:00','1981-01-01 00:00:00',43.5,11,5),(95,'1985-04-09 00:00:00','','2010-01-01 00:00:00','1981-01-01 00:00:00',84.2,11,6),(96,NULL,'\0','2010-01-01 00:00:00','1981-01-01 00:00:00',18,12,1),(97,NULL,'\0','2010-01-01 00:00:00','1981-01-01 00:00:00',890.9,12,2),(98,'1970-01-01 09:00:00','\0','2010-01-01 00:00:00','1981-01-01 00:00:00',71,12,3),(99,'1970-01-01 15:00:00','\0','2010-01-01 00:00:00','1981-01-01 00:00:00',66,12,3),(100,'1970-01-01 09:00:00','\0','2010-01-01 00:00:00','1981-01-01 00:00:00',30.2,12,4),(101,'1970-01-01 15:00:00','\0','2010-01-01 00:00:00','1981-01-01 00:00:00',30.7,12,4),(102,'2007-03-07 00:00:00','','2010-01-01 00:00:00','1981-01-01 00:00:00',39.9,12,5),(103,'1994-08-11 00:00:00','','2010-01-01 00:00:00','1981-01-01 00:00:00',174,12,6),(104,NULL,'\0','2010-01-01 00:00:00','1981-01-01 00:00:00',15.4,13,1),(105,NULL,'\0','2010-01-01 00:00:00','1981-01-01 00:00:00',784.7,13,2),(106,'1970-01-01 09:00:00','\0','2010-01-01 00:00:00','1981-01-01 00:00:00',73,13,3),(107,'1970-01-01 15:00:00','\0','2010-01-01 00:00:00','1981-01-01 00:00:00',61,13,3),(108,'1970-01-01 09:00:00','\0','2010-01-01 00:00:00','1981-01-01 00:00:00',17.3,13,4),(109,'1970-01-01 15:00:00','\0','2010-01-01 00:00:00','1981-01-01 00:00:00',22.4,13,4),(110,'1991-01-31 00:00:00','','2010-01-01 00:00:00','1981-01-01 00:00:00',45.3,13,5),(111,'2005-04-02 00:00:00','','2010-01-01 00:00:00','1981-01-01 00:00:00',108,13,6),(112,'1983-09-01 00:00:00','','2010-01-01 00:00:00','1981-01-01 00:00:00',130,13,7),(113,NULL,'\0','2010-01-01 00:00:00','1981-01-01 00:00:00',17,14,1),(114,NULL,'\0','2010-01-01 00:00:00','1981-01-01 00:00:00',602.4,14,2),(115,'1970-01-01 09:00:00','\0','2010-01-01 00:00:00','1981-01-01 00:00:00',66,14,3),(116,'1970-01-01 15:00:00','\0','2010-01-01 00:00:00','1981-01-01 00:00:00',57,14,3),(117,'1970-01-01 09:00:00','\0','2010-01-01 00:00:00','1981-01-01 00:00:00',19.6,14,4),(118,'1970-01-01 15:00:00','\0','2010-01-01 00:00:00','1981-01-01 00:00:00',24.3,14,4),(119,'2010-01-06 00:00:00','','2010-01-01 00:00:00','1981-01-01 00:00:00',46.9,14,5),(120,'2007-01-05 00:00:00','','2010-01-01 00:00:00','1981-01-01 00:00:00',153.2,14,6),(121,'1993-05-28 00:00:00','','2010-01-01 00:00:00','1981-01-01 00:00:00',152,14,7);
/*!40000 ALTER TABLE `acorn_sat_data` ENABLE KEYS */;
UNLOCK TABLES;

--
-- Table structure for table `acorn_sat_station`
--

DROP TABLE IF EXISTS `acorn_sat_station`;
/*!40101 SET @saved_cs_client     = @@character_set_client */;
/*!40101 SET character_set_client = utf8 */;
CREATE TABLE `acorn_sat_station` (
  `id` int(11) NOT NULL AUTO_INCREMENT,
  `latitude` double DEFAULT NULL,
  `longitude` double DEFAULT NULL,
  `name` varchar(255) DEFAULT NULL,
  `number` double DEFAULT NULL,
  `region_id` int(11) DEFAULT NULL,
  PRIMARY KEY (`id`),
  KEY `FK6AF40E253365D05` (`region_id`),
  CONSTRAINT `FK6AF40E253365D05` FOREIGN KEY (`region_id`) REFERENCES `region` (`id`)
) ENGINE=InnoDB AUTO_INCREMENT=15 DEFAULT CHARSET=latin1;
/*!40101 SET character_set_client = @saved_cs_client */;

--
-- Dumping data for table `acorn_sat_station`
--

LOCK TABLES `acorn_sat_station` WRITE;
/*!40000 ALTER TABLE `acorn_sat_station` DISABLE KEYS */;
INSERT INTO `acorn_sat_station` VALUES (1,-29.43,153.36,'Yamba',58012,1),(2,-30.31,153.12,'Coffs Harbour',59040,1),(3,-32.79,151.84,'Williamtown',61078,1),(4,-33.86,151.21,'Sydney',66062,1),(5,-35.91,150.15,'Moruya Heads',69018,2),(6,-37.57,149.92,'Gabo Island',84016,2),(7,-38.12,147.13,'Sale',85072,2),(8,-39.13,146.42,'Wilsons Promontory',85096,2),(9,-28.8,114.7,'Geraldton',8051,3),(10,-31.93,115.98,'Perth',9021,3),(11,-33.96,116.14,'Bridgetown',9510,3),(12,-34.37,115.14,'Cape Leeuwin',9518,3),(13,-34.94,117.8,'Albany',9741,3),(14,-33.83,121.89,'Esperance',9789,3);
/*!40000 ALTER TABLE `acorn_sat_station` ENABLE KEYS */;
UNLOCK TABLES;

--
-- Table structure for table `acorn_sat_variable`
--

DROP TABLE IF EXISTS `acorn_sat_variable`;
/*!40101 SET @saved_cs_client     = @@character_set_client */;
/*!40101 SET character_set_client = utf8 */;
CREATE TABLE `acorn_sat_variable` (
  `id` int(11) NOT NULL AUTO_INCREMENT,
  `description` varchar(255) DEFAULT NULL,
  `name` varchar(255) DEFAULT NULL,
  `short_name` varchar(255) DEFAULT NULL,
  `uom` varchar(255) DEFAULT NULL,
  `uom_variation` varchar(255) DEFAULT NULL,
  PRIMARY KEY (`id`)
) ENGINE=InnoDB AUTO_INCREMENT=8 DEFAULT CHARSET=latin1;
/*!40101 SET character_set_client = @saved_cs_client */;

--
-- Dumping data for table `acorn_sat_variable`
--

LOCK TABLES `acorn_sat_variable` WRITE;
/*!40000 ALTER TABLE `acorn_sat_variable` DISABLE KEYS */;
INSERT INTO `acorn_sat_variable` VALUES (1,'Measured sea surface temperature','Surface Temperature','T','&#8451;','&#8451;'),(2,'Measured rain fall','Rainfall','RF','mm','%'),(3,'Measured relative humidity','Measured relative humidity','RH','%','%'),(4,'Measured wind speed','Wind Speed','WS','km/h','%'),(5,'Highest measured temperature','Highest temperature','Max.T','&#8451;','&#8451;'),(6,'Highest measured rainfall','Highest daily rainfall','Max.RF','mm','%'),(7,'Maximum measured wind speed','Maximum wind gust','Max.WS','km/h','%');
/*!40000 ALTER TABLE `acorn_sat_variable` ENABLE KEYS */;
UNLOCK TABLES;

--
-- Table structure for table `bitre_data`
--

DROP TABLE IF EXISTS `bitre_data`;
/*!40101 SET @saved_cs_client     = @@character_set_client */;
/*!40101 SET character_set_client = utf8 */;
CREATE TABLE `bitre_data` (
  `id` int(11) NOT NULL AUTO_INCREMENT,
  `data` varchar(255) DEFAULT NULL,
  `seaport_id` varchar(255) DEFAULT NULL,
  `bitre_variable_id` int(11) DEFAULT NULL,
  PRIMARY KEY (`id`),
  KEY `FKA680AC898FB9E94F` (`seaport_id`),
  KEY `FKA680AC89CDB84070` (`bitre_variable_id`),
  CONSTRAINT `FKA680AC89CDB84070` FOREIGN KEY (`bitre_variable_id`) REFERENCES `bitre_variable` (`id`),
  CONSTRAINT `FKA680AC898FB9E94F` FOREIGN KEY (`seaport_id`) REFERENCES `seaport` (`code`)
) ENGINE=InnoDB AUTO_INCREMENT=244 DEFAULT CHARSET=latin1;
/*!40101 SET character_set_client = @saved_cs_client */;

--
-- Dumping data for table `bitre_data`
--

LOCK TABLES `bitre_data` WRITE;
/*!40000 ALTER TABLE `bitre_data` DISABLE KEYS */;
INSERT INTO `bitre_data` VALUES (1,'2000,56409;2001,49127;2002,18183;2003,0;2004,0;2005,0;2006,0;2007,0;2008,0;2009,0;2010,0;2011,0','AUQDN',2),(2,'2000,735248;2001,757091;2002,736106;2003,753469;2004,887724;2005,939759;2006,1329001;2007,1272094;2008,1197917;2009,1127529;2010,1227599;2011,590525','AUQDN',1),(3,'2000,209;2001,0;2002,0;2003,0;2004,192;2005,870;2006,492;2007,585;2008,447;2009,119;2010,386;2011,0','AUQDN',6),(4,'2000,254;2001,0;2002,0;2003,16239;2004,65069;2005,106408;2006,204;2007,434;2008,808;2009,458;2010,61;2011,0','AUQDN',5),(5,'2000,0;2001,0;2002,0;2003,0;2004,0;2005,0;2006,0;2007,0;2008,0;2009,20;2010,266;2011,24','AUQDN',4),(6,'2000,0;2001,0;2002,0;2003,0;2004,0;2005,0;2006,0;2007,0;2008,0;2009,348;2010,325;2011,54','AUQDN',3),(7,'2000,0;2001,0;2002,0;2003,0;2004,0;2005,0;2006,0;2007,0;2008,0;2009,0;2010,1;2011,0','AUQDN',7),(8,'2000,7;2001,5;2002,2;2003,0;2004,0;2005,0;2006,0;2007,0;2008,0;2009,0;2010,0;2011,0','AUQDN',8),(9,'2000,1;2001,0;2002,0;2003,0;2004,0;2005,0;2006,0;2007,0;2008,0;2009,0;2010,0;2011,0','AUQDN',9),(10,'2000,16;2001,18;2002,20;2003,20;2004,28;2005,31;2006,40;2007,40;2008,36;2009,27;2010,30;2011,18','AUQDN',10),(11,'2000,0;2001,0;2002,0;2003,0;2004,0;2005,0;2006,0;2007,0;2008,0;2009,0;2010,0;2011,0','AUQDN',22),(12,'2000,0;2001,0;2002,0;2003,0;2004,0;2005,0;2006,0;2007,0;2008,0;2009,0;2010,0;2011,0','AUQDN',12),(13,'2000,3;2001,0;2002,0;2003,0;2004,11;2005,32;2006,26;2007,31;2008,33;2009,44;2010,28;2011,8','AUQDN',13),(14,'2000,0;2001,0;2002,0;2003,0;2004,0;2005,0;2006,0;2007,0;2008,2;2009,0;2010,0;2011,0','AUQDN',33),(15,'2000,0;2001,0;2002,0;2003,16239;2004,45638;2005,91965;2006,205853;2007,295162;2008,289533;2009,228365;2010,219631;2011,93407','AUQDN',37),(16,'2000,735248;2001,757091;2002,736106;2003,753469;2004,887724;2005,954028;2006,1123148;2007,976932;2008,908382;2009,899164;2010,1007643;2011,497118','AUQDN',39),(17,'2000,3330237;2001,3187571;2002,2893384;2003,2536076;2004,2552111;2005,2371034;2006,2755974;2007,2759079;2008,2703158;2009,2945904;2010,2987553;2011,3243373','AUNTL',2),(18,'2000,69949941;2001,71747360;2002,73437704;2003,79635751;2004,80347268;2005,82545203;2006,82270372;2007,89930112;2008,92498365;2009,99481907;2010,110793822;2011,125210296','AUNTL',1),(19,'2000,87546;2001,188786;2002,135343;2003,196658;2004,313346;2005,281472;2006,301844;2007,266047;2008,307385;2009,266707;2010,284487;2011,350494','AUNTL',6),(20,'2000,346179;2001,271511;2002,255853;2003,200283;2004,157868;2005,183396;2006,178630;2007,183065;2008,166053;2009,160833;2010,308531;2011,286116','AUNTL',5),(21,'2000,10964;2001,4185;2002,10048;2003,26379;2004,24616;2005,22893;2006,29924;2007,22804;2008,16595;2009,16725;2010,10613;2011,22496','AUNTL',4),(22,'2000,105036;2001,98140;2002,108289;2003,115210;2004,164984;2005,168889;2006,155708;2007,153804;2008,148301;2009,154496;2010,190738;2011,170468','AUNTL',3),(23,'2000,9;2001,12;2002,9;2003,2;2004,3;2005,9;2006,2;2007,13;2008,16;2009,26;2010,34;2011,26','AUNTL',7),(24,'2000,58;2001,60;2002,85;2003,87;2004,71;2005,67;2006,70;2007,79;2008,92;2009,96;2010,107;2011,117','AUNTL',8),(25,'2000,1;2001,0;2002,0;2003,0;2004,0;2005,0;2006,0;2007,0;2008,0;2009,0;2010,0;2011,0','AUNTL',9),(26,'2000,1259;2001,1230;2002,1099;2003,1134;2004,1152;2005,1150;2006,1125;2007,1216;2008,1229;2009,1315;2010,1459;2011,1546','AUNTL',10),(27,'2000,0;2001,0;2002,0;2003,0;2004,0;2005,0;2006,0;2007,0;2008,0;2009,1;2010,1;2011,2','AUNTL',22),(28,'2000,0;2001,0;2002,0;2003,0;2004,0;2005,1;2006,1;2007,0;2008,0;2009,0;2010,0;2011,0','AUNTL',12),(29,'2000,172;2001,164;2002,185;2003,198;2004,224;2005,226;2006,204;2007,229;2008,218;2009,205;2010,252;2011,267','AUNTL',13),(30,'2000,258943;2001,214398;2002,202863;2003,159804;2004,132759;2005,136691;2006,139312;2007,129044;2008,105101;2009,123650;2010,120755;2011,166181','AUNTL',15),(31,'2000,67218835;2001,69321381;2002,71412573;2003,77712033;2004,77724045;2005,80277740;2006,80773674;2007,88882187;2008,90677723;2009,97077637;2010,108405829;2011,121904634','AUNTL',17),(32,'2000,315007;2001,285977;2002,406379;2003,313834;2004,171211;2005,285980;2006,200485;2007,290280;2008,310744;2009,334748;2010,376176;2011,305624','AUNTL',18),(33,'2000,1610452;2001,1483901;2002,868949;2003,783820;2004,1804407;2005,0;2006,1364709;2007,564562;2008,882090;2009,1210295;2010,1329803;2011,1686730','AUNTL',23),(34,'2000,56542;2001,0;2002,0;2003,5697;2004,4112;2005,0;2006,0;2007,0;2008,0;2009,0;2010,0;2011,0','AUNTL',25),(35,'2000,18461;2001,19263;2002,0;2003,0;2004,0;2005,0;2006,0;2007,0;2008,0;2009,0;2010,0;2011,0','AUNTL',27),(36,'2000,0;2001,0;2002,0;2003,0;2004,0;2005,0;2006,0;2007,263;2008,350;2009,4527;2010,0;2011,0','AUNTL',29),(37,'2000,11320;2001,16543;2002,2715;2003,0;2004,0;2005,0;2006,0;2007,0;2008,0;2009,0;2010,0;2011,0','AUNTL',30),(38,'2000,51;2001,0;2002,0;2003,0;2004,0;2005,0;2006,0;2007,374;2008,0;2009,0;2010,0;2011,0','AUNTL',31),(39,'2000,35534;2001,30591;2002,15929;2003,23354;2004,20903;2005,16184;2006,15696;2007,21581;2008,5501;2009,5500;2010,5380;2011,5497','AUNTL',34),(40,'2000,74529;2001,38547;2002,30198;2003,20066;2004,29838;2005,44562;2006,51252;2007,60194;2008,21033;2009,24383;2010,60427;2011,58531','AUNTL',35),(41,'2000,2112;2001,0;2002,0;2003,0;2004,0;2005,0;2006,0;2007,0;2008,0;2009,0;2010,125231;2011,8782','AUNTL',37),(42,'2000,2073;2001,0;2002,2516;2003,1139;2004,0;2005,0;2006,0;2007,0;2008,0;2009,0;2010,0;2011,433','AUNTL',38),(43,'2000,255266;2001,170531;2002,245312;2003,246849;2004,218013;2005,249598;2006,242111;2007,255906;2008,264530;2009,330721;2010,349441;2011,257764','AUNTL',39),(44,'2000,100083;2001,61718;2002,79381;2003,164786;2004,135663;2005,77349;2006,102667;2007,90880;2008,100842;2009,71688;2010,77143;2011,83759','AUNTL',41),(45,'2000,43541;2001,45062;2002,30107;2003,4945;2004,0;2005,0;2006,0;2007,0;2008,0;2009,0;2010,0;2011,0','AUNTL',43),(46,'2000,8985314;2001,8765896;2002,9292500;2003,9308784;2004,9273930;2005,9232962;2006,9137586;2007,9583765;2008,6737328;2009,7984614;2010,8186946;2011,6068593','AUPKL',2),(47,'2000,12853239;2001,12051792;2002,10188944;2003,10438099;2004,12045676;2005,13203775;2006,13100871;2007,16684623;2008,14959831;2009,15107871;2010,14484573;2011,17915909','AUPKL',1),(48,'2000,229084;2001,100694;2002,293020;2003,314860;2004,505888;2005,215579;2006,293687;2007,312393;2008,592616;2009,1151199;2010,2096321;2011,824858','AUPKL',6),(49,'2000,2960356;2001,2620698;2002,2936526;2003,2062849;2004,2559313;2005,3256933;2006,2881253;2007,10614;2008,2103952;2009,2932044;2010,5210106;2011,3011318','AUPKL',5),(50,'2000,4531;2001,3170;2002,3476;2003,595;2004,2316;2005,668;2006,312;2007,2625;2008,4469;2009,11732;2010,15603;2011,23042','AUPKL',4),(51,'2000,8584;2001,17370;2002,17130;2003,21565;2004,22720;2005,10023;2006,10490;2007,818;2008,5760;2009,21353;2010,14167;2011,80342','AUPKL',3),(52,'2000,1;2001,2;2002,0;2003,2;2004,0;2005,0;2006,0;2007,0;2008,6;2009,13;2010,8;2011,26','AUPKL',7),(53,'2000,26;2001,30;2002,27;2003,22;2004,26;2005,29;2006,30;2007,27;2008,34;2009,2;2010,0;2011,4','AUPKL',8),(54,'2000,2;2001,0;2002,0;2003,1;2004,0;2005,0;2006,0;2007,0;2008,0;2009,3;2010,3;2011,0','AUPKL',9),(55,'2000,479;2001,468;2002,418;2003,398;2004,456;2005,445;2006,435;2007,476;2008,433;2009,420;2010,438;2011,435','AUPKL',10),(56,'2000,9;2001,0;2002,0;2003,0;2004,1;2005,0;2006,1;2007,60;2008,214;2009,323;2010,322;2011,369','AUPKL',22),(57,'2000,0;2001,0;2002,1;2003,0;2004,0;2005,0;2006,0;2007,2;2008,0;2009,0;2010,0;2011,0','AUPKL',12),(58,'2000,142;2001,152;2002,152;2003,144;2004,143;2005,117;2006,149;2007,191;2008,175;2009,240;2010,243;2011,176','AUPKL',13),(59,'2000,0;2001,0;2002,0;2003,0;2004,0;2005,2;2006,0;2007,0;2008,0;2009,0;2010,0;2011,166','AUPKL',15),(60,'2000,9589508;2001,9186000;2002,8966033;2003,8330892;2004,9997360;2005,9665376;2006,11679376;2007,12654047;2008,13232503;2009,13726530;2010,14049205;2011,14555425','AUPKL',17),(61,'2000,31537;2001,55000;2002,4714;2003,266716;2004,395079;2005,455684;2006,449232;2007,387071;2008,373505;2009,364769;2010,357140;2011,423883','AUPKL',19),(62,'2000,0;2001,0;2002,256;2003,0;2004,0;2005,0;2006,0;2007,0;2008,0;2009,0;2010,0;2011,0','AUPKL',20),(63,'2000,0;2001,0;2002,0;2003,0;2004,0;2005,0;2006,0;2007,0;2008,0;2009,0;2010,0;2011,21','AUPKL',22),(64,'2000,2824972;2001,2344304;2002,838148;2003,809190;2004,1190156;2005,0;2006,1625092;2007,349629;2008,815391;2009,680472;2010,1628073;2011,2878405','AUPKL',23),(65,'2000,0;2001,0;2002,0;2003,0;2004,0;2005,0;2006,0;2007,15875;2008,0;2009,0;2010,0;2011,74346','AUPKL',24),(66,'2000,0;2001,0;2002,0;2003,0;2004,1114;2005,0;2006,0;2007,0;2008,0;2009,0;2010,0;2011,0','AUPKL',27),(67,'2000,0;2001,0;2002,350;2003,0;2004,0;2005,0;2006,0;2007,74;2008,0;2009,0;2010,0;2011,0','AUPKL',28),(68,'2000,11762;2001,0;2002,0;2003,0;2004,0;2005,0;2006,0;2007,0;2008,0;2009,0;2010,0;2011,123129','AUPKL',30),(69,'2000,0;2001,0;2002,0;2003,0;2004,0;2005,0;2006,0;2007,3418;2008,1656;2009,4033;2010,7483;2011,10287','AUPKL',31),(70,'2000,16168;2001,0;2002,0;2003,0;2004,0;2005,0;2006,0;2007,0;2008,0;2009,0;2010,0;2011,60043','AUPKL',33),(71,'2000,2947862;2001,2567000;2002,2804645;2003,2678163;2004,2577300;2005,3244723;2006,2802000;2007,3164358;2008,2059893;2009,2747758;2010,3175214;2011,1816354','AUPKL',35),(72,'2000,128543;2001,13280;2002,0;2003,19778;2004,0;2005,0;2006,0;2007,0;2008,0;2009,0;2010,0;2011,0','AUPKL',37),(73,'2000,61;2001,440;2002,0;2003,0;2004,0;2005,0;2006,282;2007,0;2008,0;2009,0;2010,0;2011,484','AUPKL',38),(74,'2000,0;2001,0;2002,40;2003,0;2004,0;2005,0;2006,0;2007,0;2008,0;2009,0;2010,0;2011,0','AUPKL',42),(75,'2000,0;2001,0;2002,0;2003,0;2004,0;2005,0;2006,0;2007,53;2008,0;2009,0;2010,0;2011,0','AUPKL',43),(76,'2000,12880976;2001,12240137;2002,12879086;2003,12915960;2004,13086909;2005,13761682;2006,13522154;2007,13889007;2008,12572572;2009,12651637;2010,13058132;2011,13218418','AUSYD',2),(77,'2000,1052854;2001,820189;2002,533612;2003,701537;2004,772279;2005,887295;2006,857459;2007,1122445;2008,669728;2009,569577;2010,842675;2011,1020883','AUSYD',1),(78,'2000,531275;2001,533202;2002,566143;2003,599083;2004,599415;2005,212854;2006,203885;2007,58419;2008,15327;2009,686;2010,518;2011,875','AUSYD',6),(79,'2000,29580;2001,16793;2002,21718;2003,26643;2004,40906;2005,27671;2006,34144;2007,20209;2008,2488;2009,531;2010,389;2011,426','AUSYD',5),(80,'2000,5984209;2001,6163853;2002,5553640;2003,6645712;2004,6739526;2005,6376572;2006,7224484;2007,7972870;2008,7731460;2009,8046922;2010,8567779;2011,8515714','AUSYD',4),(81,'2000,4798929;2001,5056687;2002,4610488;2003,4806330;2004,5271457;2005,4879206;2006,6191665;2007,6192472;2008,6780262;2009,6892595;2010,7263832;2011,7314163','AUSYD',3),(82,'2000,1138;2001,1067;2002,1079;2003,1091;2004,1183;2005,1307;2006,1349;2007,1342;2008,1204;2009,1067;2010,1116;2011,1129','AUSYD',7),(83,'2000,395;2001,364;2002,372;2003,428;2004,415;2005,384;2006,371;2007,442;2008,415;2009,419;2010,526;2011,537','AUSYD',8),(84,'2000,59;2001,54;2002,62;2003,80;2004,52;2005,60;2006,86;2007,103;2008,86;2009,63;2010,47;2011,39','AUSYD',9),(85,'2000,193;2001,201;2002,214;2003,218;2004,176;2005,155;2006,151;2007,162;2008,164;2009,139;2010,145;2011,92','AUSYD',10),(86,'2000,228;2001,232;2002,247;2003,270;2004,275;2005,349;2006,349;2007,281;2008,95;2009,0;2010,0;2011,0','AUSYD',22),(87,'2000,0;2001,0;2002,1;2003,2;2004,3;2005,4;2006,0;2007,0;2008,0;2009,0;2010,0;2011,0','AUSYD',12),(88,'2000,124;2001,140;2002,356;2003,319;2004,343;2005,84;2006,82;2007,129;2008,168;2009,149;2010,102;2011,145','AUSYD',13),(89,'2000,0;2001,0;2002,0;2003,368929;2004,410407;2005,395039;2006,368548;2007,354484;2008,440342;2009,472809;2010,513752;2011,529296','AUSYD',15),(90,'2000,0;2001,0;2002,0;2003,0;2004,0;2005,39395;2006,107424;2007,25492;2008,3410;2009,3410;2010,3937;2011,847','AUSYD',14),(91,'2000,0;2001,0;2002,0;2003,0;2004,1043;2005,173;2006,0;2007,0;2008,154;2009,428;2010,863;2011,377','AUSYD',16),(92,'2000,0;2001,0;2002,0;2003,0;2004,0;2005,788;2006,1681;2007,3320;2008,4554;2009,3363;2010,3684;2011,3443','AUSYD',17),(93,'2000,0;2001,0;2002,0;2003,0;2004,845;2005,265;2006,133;2007,293;2008,671;2009,47;2010,265;2011,13475','AUSYD',19),(94,'2000,0;2001,0;2002,0;2003,81105;2004,72525;2005,64203;2006,55735;2007,59917;2008,60032;2009,60214;2010,52313;2011,50445','AUSYD',20),(95,'2000,353226;2001,283196;2002,247727;2003,191957;2004,159005;2005,105158;2006,196946;2007,102754;2008,55729;2009,132446;2010,173987;2011,342778','AUSYD',21),(96,'2000,43683;2001,71373;2002,76789;2003,113547;2004,69275;2005,88917;2006,136767;2007,168430;2008,102756;2009,35013;2010,20560;2011,12224','AUSYD',22),(97,'2000,0;2001,0;2002,0;2003,318593;2004,450481;2005,575886;2006,487380;2007,479900;2008,766258;2009,904970;2010,967625;2011,1003218','AUSYD',23),(98,'2000,0;2001,0;2002,0;2003,0;2004,0;2005,476;2006,218;2007,893;2008,2530;2009,769;2010,0;2011,0','AUSYD',24),(99,'2000,0;2001,0;2002,0;2003,0;2004,5542;2005,7841;2006,9718;2007,6917;2008,21228;2009,8675;2010,7286;2011,13419','AUSYD',26),(100,'2000,0;2001,0;2002,0;2003,9803;2004,5987;2005,5625;2006,5468;2007,7318;2008,15652;2009,15345;2010,10170;2011,9027','AUSYD',27),(101,'2000,0;2001,0;2002,0;2003,0;2004,0;2005,0;2006,0;2007,126;2008,32;2009,10;2010,0;2011,0','AUSYD',28),(102,'2000,0;2001,0;2002,0;2003,0;2004,0;2005,1890;2006,2039;2007,792;2008,0;2009,608;2010,189;2011,0','AUSYD',29),(103,'2000,0;2001,0;2002,0;2003,0;2004,0;2005,0;2006,809;2007,3977;2008,2740;2009,1932;2010,1620;2011,0','AUSYD',30),(104,'2000,1724;2001,2162;2002,4346;2003,5604;2004,7000;2005,8968;2006,22476;2007,10445;2008,1089;2009,0;2010,0;2011,0','AUSYD',31),(105,'2000,0;2001,0;2002,0;2003,13987;2004,6157;2005,6602;2006,8861;2007,7763;2008,2253;2009,1878;2010,4603;2011,2846','AUSYD',32),(106,'2000,974496;2001,716030;2002,416839;2003,582552;2004,709912;2005,755011;2006,658770;2007,930324;2008,553004;2009,513809;2010,766420;2011,965563','AUSYD',33),(107,'2000,0;2001,0;2002,0;2003,3108;2004,1231;2005,3108;2006,1231;2007,674;2008,383;2009,1032;2010,963;2011,0','AUSYD',34),(108,'2000,11457;2001,7259;2002,10881;2003,376815;2004,317519;2005,382597;2006,467548;2007,427982;2008,407755;2009,391421;2010,355968;2011,245878','AUSYD',35),(109,'2000,0;2001,0;2002,0;2003,7403;2004,5095;2005,17135;2006,20352;2007,20815;2008,15426;2009,18536;2010,24456;2011,17308','AUSYD',36),(110,'2000,0;2001,608;2002,0;2003,389;2004,315;2005,281;2006,20;2007,14970;2008,74522;2009,59294;2010,96962;2011,91433','AUSYD',37),(111,'2000,1056;2001,52487;2002,42934;2003,71431;2004,56240;2005,73734;2006,100396;2007,130685;2008,165801;2009,149399;2010,150821;2011,144579','AUSYD',38),(112,'2000,0;2001,69;2002,0;2003,0;2004,0;2005,0;2006,723;2007,2467;2008,3313;2009,5264;2010,4962;2011,545','AUSYD',39),(113,'2000,179935;2001,148936;2002,103357;2003,96713;2004,111183;2005,258733;2006,108534;2007,93141;2008,85932;2009,88885;2010,87392;2011,74990','AUSYD',40),(114,'2000,0;2001,0;2002,0;2003,0;2004,0;2005,3108;2006,1863;2007,3291;2008,7893;2009,2225;2010,944;2011,323','AUSYD',42),(115,'2000,0;2001,0;2002,0;2003,8065;2004,1706;2005,2933;2006,2981;2007,4642;2008,1967;2009,2762;2010,1502;2011,576','AUSYD',43),(116,'2000,0;2001,0;2002,0;2003,0;2004,0;2005,0;2006,0;2007,0;2008,0;2009,0;2010,0;2011,36','AUYBA',2),(117,'2000,96;2001,410;2002,886;2003,816;2004,973;2005,951;2006,950;2007,922;2008,0;2009,0;2010,0;2011,1732','AUYBA',1),(118,'2000,564;2001,579;2002,674;2003,427;2004,772;2005,2004;2006,476;2007,3456;2008,4709;2009,229;2010,489;2011,0','AUYBA',6),(119,'2000,12062;2001,10283;2002,8499;2003,11434;2004,10317;2005,11400;2006,8442;2007,11825;2008,11293;2009,7482;2010,4854;2011,0','AUYBA',5),(120,'2000,0;2001,0;2002,0;2003,0;2004,0;2005,0;2006,0;2007,0;2008,0;2009,0;2010,0;2011,0','AUYBA',4),(121,'2000,112;2001,0;2002,0;2003,0;2004,0;2005,0;2006,0;2007,0;2008,0;2009,0;2010,0;2011,39','AUYBA',3),(122,'2000,0;2001,0;2002,0;2003,0;2004,0;2005,0;2006,0;2007,0;2008,0;2009,0;2010,1;2011,2','AUYBA',7),(123,'2000,0;2001,0;2002,0;2003,0;2004,0;2005,0;2006,0;2007,0;2008,0;2009,0;2010,0;2011,0','AUYBA',8),(124,'2000,0;2001,0;2002,0;2003,0;2004,0;2005,0;2006,0;2007,0;2008,0;2009,0;2010,1;2011,0','AUYBA',9),(125,'2000,1;2001,0;2002,0;2003,0;2004,0;2005,0;2006,0;2007,0;2008,0;2009,0;2010,0;2011,0','AUYBA',10),(126,'2000,0;2001,0;2002,0;2003,0;2004,0;2005,0;2006,0;2007,0;2008,0;2009,0;2010,0;2011,0','AUYBA',22),(127,'2000,0;2001,0;2002,0;2003,0;2004,0;2005,0;2006,0;2007,0;2008,0;2009,0;2010,0;2011,0','AUYBA',12),(128,'2000,55;2001,44;2002,35;2003,39;2004,44;2005,45;2006,38;2007,44;2008,46;2009,27;2010,20;2011,8','AUYBA',13),(129,'2000,0;2001,0;2002,0;2003,0;2004,0;2005,0;2006,32;2007,5;2008,4;2009,5;2010,1;2011,3','AUYBA',22),(130,'2000,50;2001,92;2002,83;2003,97;2004,48;2005,44;2006,30;2007,39;2008,41;2009,20;2010,0;2011,0','AUYBA',31),(131,'2000,1357;2001,0;2002,1505;2003,1490;2004,1522;2005,1572;2006,1504;2007,624;2008,1402;2009,349;2010,0;2011,0','AUYBA',33),(132,'2000,0;2001,0;2002,0;2003,0;2004,0;2005,0;2006,0;2007,41;2008,8;2009,0;2010,0;2011,2','AUYBA',35),(133,'2000,5500;2001,4633;2002,3100;2003,6223;2004,5521;2005,6450;2006,3858;2007,4;2008,3952;2009,3860;2010,2178;2011,0','AUYBA',37),(134,'2000,154;2001,0;2002,0;2003,0;2004,0;2005,0;2006,261;2007,6039;2008,619;2009,204;2010,229;2011,1233','AUYBA',38),(135,'2000,239980;2001,156314;2002,140694;2003,153910;2004,151647;2005,120545;2006,89651;2007,110926;2008,144368;2009,127280;2010,114305;2011,107335','AUALH',2),(136,'2000,1425426;2001,1434123;2002,1813468;2003,2684629;2004,2834170;2005,2538167;2006,3408478;2007,3485273;2008,4024311;2009,3292527;2010,2954333;2011,3348777','AUALH',1),(137,'2000,4225;2001,4087;2002,7084;2003,2486;2004,4418;2005,1249;2006,2948;2007,751;2008,0;2009,0;2010,502;2011,0','AUALH',6),(138,'2000,3779;2001,0;2002,0;2003,0;2004,0;2005,0;2006,0;2007,69049;2008,0;2009,0;2010,0;2011,0','AUALH',5),(139,'2000,0;2001,0;2002,0;2003,0;2004,0;2005,0;2006,0;2007,0;2008,0;2009,0;2010,0;2011,0','AUALH',7),(140,'2000,4;2001,4;2002,2;2003,2;2004,0;2005,2;2006,2;2007,5;2008,3;2009,5;2010,8;2011,7','AUALH',8),(141,'2000,0;2001,0;2002,0;2003,0;2004,0;2005,0;2006,0;2007,0;2008,0;2009,0;2010,0;2011,0','AUALH',9),(142,'2000,81;2001,73;2002,94;2003,107;2004,89;2005,86;2006,113;2007,117;2008,152;2009,136;2010,113;2011,117','AUALH',10),(143,'2000,0;2001,0;2002,0;2003,0;2004,0;2005,0;2006,0;2007,0;2008,0;2009,0;2010,0;2011,0','AUALH',22),(144,'2000,0;2001,0;2002,0;2003,0;2004,0;2005,0;2006,0;2007,0;2008,0;2009,0;2010,0;2011,0','AUALH',12),(145,'2000,5;2001,7;2002,8;2003,7;2004,31;2005,3;2006,4;2007,7;2008,0;2009,0;2010,1;2011,0','AUALH',13),(146,'2000,1341576;2001,1239554;2002,1478364;2003,2303229;2004,2247688;2005,1292551;2006,1942348;2007,1785564;2008,2210174;2009,1841760;2010,1344251;2011,1762549','AUALH',23),(147,'2000,83850;2001,123829;2002,122258;2003,158215;2004,127750;2005,162300;2006,56065;2007,138224;2008,89650;2009,160875;2010,175522;2011,169599','AUALH',34),(148,'2000,0;2001,0;2002,0;2003,0;2004,0;2005,0;2006,0;2007,69049;2008,97950;2009,65918;2010,0;2011,0','AUALH',37),(149,'2000,0;2001,70740;2002,212846;2003,223185;2004,458732;2005,1083316;2006,1410065;2007,1561485;2008,1626537;2009,1197443;2010,1382398;2011,1373491','AUALH',39),(150,'2000,1156180;2001,1116171;2002,1147445;2003,1120387;2004,1200701;2005,1232389;2006,1361864;2007,1486165;2008,1538472;2009,1427814;2010,1583265;2011,1640291','AUBUY',2),(151,'2000,10104313;2001,10321725;2002,10878709;2003,10467235;2004,11005185;2005,10959918;2006,12148967;2007,12106794;2008,11732802;2009,12392270;2010,12349687;2011,12595832','AUBUY',1),(152,'2000,4167;2001,0;2002,1503;2003,996;2004,1864;2005,0;2006,0;2007,6652;2008,0;2009,29188;2010,45506;2011,3515','AUBUY',6),(153,'2000,8589;2001,37892;2002,19142;2003,139558;2004,59176;2005,12724;2006,11505;2007,59137;2008,5975;2009,17615;2010,19108;2011,33972','AUBUY',5),(154,'2000,0;2001,0;2002,0;2003,0;2004,0;2005,0;2006,0;2007,0;2008,0;2009,0;2010,639;2011,101','AUBUY',4),(155,'2000,0;2001,0;2002,0;2003,0;2004,0;2005,0;2006,0;2007,0;2008,0;2009,0;2010,0;2011,0','AUBUY',3),(156,'2000,0;2001,0;2002,0;2003,0;2004,0;2005,0;2006,0;2007,0;2008,0;2009,0;2010,0;2011,0','AUBUY',7),(157,'2000,46;2001,36;2002,38;2003,36;2004,33;2005,31;2006,35;2007,28;2008,42;2009,51;2010,50;2011,38','AUBUY',8),(158,'2000,0;2001,0;2002,0;2003,0;2004,0;2005,0;2006,0;2007,0;2008,0;2009,0;2010,0;2011,0','AUBUY',9),(159,'2000,287;2001,283;2002,290;2003,285;2004,287;2005,282;2006,313;2007,306;2008,288;2009,327;2010,330;2011,364','AUBUY',10),(160,'2000,0;2001,0;2002,0;2003,0;2004,0;2005,0;2006,0;2007,0;2008,0;2009,0;2010,0;2011,0','AUBUY',22),(161,'2000,0;2001,0;2002,0;2003,0;2004,1;2005,0;2006,0;2007,0;2008,0;2009,0;2010,0;2011,0','AUBUY',12),(162,'2000,9;2001,13;2002,9;2003,8;2004,5;2005,4;2006,5;2007,3;2008,4;2009,13;2010,34;2011,9','AUBUY',13),(163,'2000,7715209;2001,8188280;2002,8248673;2003,8435401;2004,8469142;2005,8531913;2006,9127092;2007,9315589;2008,9476391;2009,9663730;2010,9439269;2011,9496531','AUBUY',14),(164,'2000,0;2001,0;2002,0;2003,0;2004,0;2005,0;2006,0;2007,0;2008,0;2009,108507;2010,155739;2011,215846','AUBUY',18),(165,'2000,932630;2001,837975;2002,1005415;2003,806308;2004,852912;2005,1014241;2006,1113234;2007,1096167;2008,732732;2009,720774;2010,482458;2011,486812','AUBUY',30),(166,'2000,0;2001,0;2002,0;2003,0;2004,0;2005,0;2006,0;2007,0;2008,0;2009,0;2010,10691;2011,23286','AUBUY',33),(167,'2000,383077;2001,375619;2002,459192;2003,348810;2004,334532;2005,257105;2006,289045;2007,135141;2008,218068;2009,250524;2010,245551;2011,350220','AUBUY',34),(168,'2000,0;2001,0;2002,0;2003,10025;2004,0;2005,0;2006,0;2007,0;2008,0;2009,0;2010,0;2011,0','AUBUY',36),(169,'2000,0;2001,22986;2002,10403;2003,130312;2004,39129;2005,50445;2006,63583;2007,43015;2008,0;2009,87290;2010,85974;2011,42567','AUBUY',37),(170,'2000,982842;2001,809623;2002,1045693;2003,734705;2004,1212621;2005,966090;2006,1283402;2007,1347925;2008,1094405;2009,1313394;2010,1522675;2011,1389988','AUBUY',39),(171,'2000,375186;2001,424032;2002,431247;2003,366082;2004,379968;2005,362764;2006,498338;2007,690297;2008,489899;2009,362365;2010,397278;2011,717235','AUEPR',2),(172,'2000,3910219;2001,5754770;2002,5578288;2003,6929580;2004,7394155;2005,7943835;2006,9451014;2007,9188726;2008,9388909;2009,10758035;2010,10464965;2011,10616063','AUEPR',1),(173,'2000,878;2001,0;2002,0;2003,1469;2004,0;2005,2564;2006,377;2007,18623;2008,11566;2009,9356;2010,16674;2011,51076','AUEPR',6),(174,'2000,4738;2001,5410;2002,0;2003,0;2004,0;2005,0;2006,0;2007,36481;2008,64355;2009,137231;2010,241341;2011,366793','AUEPR',5),(175,'2000,0;2001,0;2002,0;2003,0;2004,0;2005,0;2006,4961;2007,17333;2008,11566;2009,9356;2010,16674;2011,50837','AUEPR',4),(176,'2000,0;2001,0;2002,0;2003,0;2004,0;2005,0;2006,0;2007,36481;2008,64355;2009,61613;2010,233375;2011,284256','AUEPR',3),(177,'2000,0;2001,0;2002,0;2003,0;2004,0;2005,0;2006,4;2007,0;2008,11;2009,16;2010,31;2011,58','AUEPR',7),(178,'2000,15;2001,15;2002,19;2003,14;2004,20;2005,31;2006,41;2007,36;2008,27;2009,19;2010,18;2011,22','AUEPR',8),(179,'2000,0;2001,0;2002,0;2003,0;2004,0;2005,0;2006,0;2007,0;2008,0;2009,0;2010,0;2011,0','AUEPR',9),(180,'2000,128;2001,147;2002,124;2003,136;2004,132;2005,136;2006,139;2007,138;2008,170;2009,167;2010,135;2011,135','AUEPR',10),(181,'2000,0;2001,0;2002,0;2003,0;2004,0;2005,0;2006,0;2007,0;2008,0;2009,0;2010,0;2011,0','AUEPR',22),(182,'2000,1;2001,0;2002,0;2003,0;2004,0;2005,0;2006,0;2007,0;2008,0;2009,0;2010,0;2011,0','AUEPR',12),(183,'2000,3;2001,3;2002,0;2003,2;2004,0;2005,6;2006,0;2007,1;2008,0;2009,0;2010,0;2011,0','AUEPR',13),(184,'2000,990946;2001,1278762;2002,1106859;2003,1560923;2004,1797246;2005,1646154;2006,1625550;2007,1559536;2008,1697345;2009,1338209;2010,1607665;2011,1692394','AUEPR',23),(185,'2000,2349133;2001,4177294;2002,4205182;2003,5107886;2004,5374973;2005,5998309;2006,7572075;2007,0;2008,7392929;2009,9211331;2010,8807994;2011,8904585','AUEPR',24),(186,'2000,0;2001,0;2002,0;2003,0;2004,0;2005,86262;2006,79588;2007,0;2008,8925;2009,0;2010,0;2011,0','AUEPR',25),(187,'2000,2143;2001,0;2002,0;2003,0;2004,0;2005,0;2006,0;2007,0;2008,0;2009,0;2010,0;2011,0','AUEPR',28),(188,'2000,0;2001,0;2002,0;2003,260771;2004,221936;2005,213110;2006,173801;2007,229130;2008,328019;2009,323684;2010,290647;2011,299987','AUEPR',32),(189,'2000,7848851;2001,8509407;2002,8495272;2003,9004040;2004,8724958;2005,8600245;2006,8916422;2007,9605427;2008,9304843;2009,8934320;2010,9613314;2011,9593699','AUFRE',2),(190,'2000,10263464;2001,9324487;2002,9611262;2003,11102529;2004,10981062;2005,10657116;2006,9599477;2007,8930222;2008,10228937;2009,10516865;2010,9632485;2011,11333945','AUFRE',1),(191,'2000,208560;2001,244168;2002,281247;2003,344222;2004,458983;2005,418515;2006,499670;2007,579961;2008,505339;2009,467704;2010,465218;2011,705621','AUFRE',6),(192,'2000,517118;2001,415803;2002,418436;2003,369466;2004,545303;2005,506374;2006,502144;2007,555265;2008,497135;2009,531576;2010,533676;2011,482448','AUFRE',5),(193,'2000,1672074;2001,1874418;2002,2245936;2003,2388669;2004,2249762;2005,2217554;2006,2590173;2007,2783082;2008,2734346;2009,2700961;2010,3012424;2011,3333531','AUFRE',4),(194,'2000,2091079;2001,2283266;2002,2437404;2003,2740174;2004,2586174;2005,2644388;2006,2903579;2007,3629954;2008,3316739;2009,3017047;2010,2865775;2011,2762577','AUFRE',3),(195,'2000,563;2001,574;2002,520;2003,469;2004,1183;2005,483;2006,497;2007,519;2008,548;2009,517;2010,558;2011,479','AUFRE',7),(196,'2000,206;2001,218;2002,228;2003,249;2004,249;2005,272;2006,264;2007,262;2008,257;2009,247;2010,254;2011,257','AUFRE',8),(197,'2000,10;2001,8;2002,9;2003,9;2004,6;2005,2;2006,6;2007,5;2008,8;2009,9;2010,3;2011,3','AUFRE',9),(198,'2000,373;2001,355;2002,336;2003,382;2004,376;2005,350;2006,318;2007,301;2008,372;2009,371;2010,303;2011,377','AUFRE',10),(199,'2000,98;2001,106;2002,109;2003,127;2004,135;2005,141;2006,157;2007,170;2008,127;2009,151;2010,181;2011,202','AUFRE',22),(200,'2000,147;2001,132;2002,126;2003,105;2004,88;2005,76;2006,95;2007,85;2008,86;2009,68;2010,70;2011,50','AUFRE',12),(201,'2000,207;2001,196;2002,241;2003,204;2004,217;2005,251;2006,291;2007,318;2008,376;2009,307;2010,336;2011,366','AUFRE',13),(202,'2000,2884528;2001,2765000;2002,2734201;2003,2814169;2004,2672378;2005,2934774;2006,2813148;2007,3050380;2008,2766998;2009,2845405;2010,2817320;2011,2876814','AUFRE',14),(203,'2000,0;2001,0;2002,0;2003,0;2004,0;2005,0;2006,0;2007,0;2008,0;2009,128720;2010,0;2011,0','AUFRE',16),(204,'2000,0;2001,0;2002,0;2003,0;2004,0;2005,0;2006,42192;2007,410664;2008,579917;2009,545199;2010,1133279;2011,487740','AUFRE',17),(205,'2000,234553;2001,225000;2002,230006;2003,230046;2004,198709;2005,38557;2006,71485;2007,52333;2008,54482;2009,53604;2010,32351;2011,31904','AUFRE',22),(206,'2000,3676812;2001,3491868;2002,3308072;2003,5031921;2004,5348488;2005,5132539;2006,4061069;2007,3849820;2008,4147917;2009,4301339;2010,3185106;2011,3885257','AUFRE',23),(207,'2000,0;2001,0;2002,0;2003,0;2004,0;2005,0;2006,0;2007,0;2008,0;2009,44000;2010,90995;2011,1827990','AUFRE',24),(208,'2000,283027;2001,232000;2002,219934;2003,164952;2004,167385;2005,206605;2006,194969;2007,186636;2008,194175;2009,162391;2010,189419;2011,118963','AUFRE',28),(209,'2000,295683;2001,394000;2002,347656;2003,304357;2004,202261;2005,111809;2006,122430;2007,109675;2008,0;2009,0;2010,0;2011,0','AUFRE',30),(210,'2000,645;2001,2823;2002,1135;2003,1995;2004,3233;2005,2074;2006,2443;2007,6214;2008,1358;2009,2019;2010,5385;2011,3206','AUFRE',31),(211,'2000,63818;2001,40000;2002,37745;2003,50293;2004,37648;2005,56471;2006,129485;2007,0;2008,0;2009,0;2010,0;2011,0','AUFRE',32),(212,'2000,2391877;2001,0;2002,2403372;2003,2578737;2004,2455538;2005,2076435;2006,2550308;2007,2365109;2008,2089237;2009,2051398;2010,2342488;2011,1705230','AUFRE',33),(213,'2000,346414;2001,207000;2002,230411;2003,112165;2004,125311;2005,111533;2006,85932;2007,8086;2008,0;2009,0;2010,0;2011,0','AUFRE',34),(214,'2000,0;2001,7016;2002,11726;2003,25321;2004,56127;2005,378713;2006,339907;2007,123180;2008,832;2009,0;2010,0;2011,0','AUFRE',35),(215,'2000,0;2001,0;2002,1704;2003,36;2004,0;2005,0;2006,0;2007,0;2008,0;2009,0;2010,0;2011,0','AUFRE',36),(216,'2000,0;2001,0;2002,0;2003,0;2004,0;2005,0;2006,17999;2007,21216;2008,5;2009,0;2010,0;2011,0','AUFRE',37),(217,'2000,26682;2001,30000;2002,28638;2003,16541;2004,0;2005,0;2006,23644;2007,17401;2008,0;2009,0;2010,0;2011,0','AUFRE',38),(218,'2000,116002;2001,95000;2002,73194;2003,83225;2004,85823;2005,89841;2006,85165;2007,73599;2008,0;2009,0;2010,67864;2011,48628','AUFRE',40),(219,'2000,290993;2001,297963;2002,325431;2003,387988;2004,336300;2005,312533;2006,200871;2007,227442;2008,267169;2009,471034;2010,1100388;2011,1100060','AUGET',2),(220,'2000,2529272;2001,2334310;2002,2156911;2003,3953577;2004,5140089;2005,4872419;2006,6222587;2007,6441830;2008,7346256;2009,8499706;2010,8861783;2011,9216470','AUGET',1),(221,'2000,0;2001,12;2002,9267;2003,12463;2004,17537;2005,24526;2006,10633;2007,39596;2008,27364;2009,722;2010,40109;2011,107938','AUGET',6),(222,'2000,0;2001,0;2002,0;2003,3980;2004,8603;2005,4530;2006,908;2007,0;2008,15332;2009,17094;2010,2104;2011,3013','AUGET',5),(223,'2000,0;2001,0;2002,0;2003,0;2004,0;2005,0;2006,0;2007,0;2008,0;2009,0;2010,0;2011,0','AUGET',4),(224,'2000,0;2001,0;2002,0;2003,0;2004,0;2005,0;2006,0;2007,0;2008,0;2009,0;2010,0;2011,0','AUGET',3),(225,'2000,0;2001,0;2002,0;2003,0;2004,0;2005,0;2006,0;2007,0;2008,0;2009,0;2010,0;2011,0','AUGET',7),(226,'2000,7;2001,5;2002,7;2003,8;2004,11;2005,0;2006,0;2007,14;2008,19;2009,21;2010,15;2011,24','AUGET',8),(227,'2000,0;2001,0;2002,0;2003,0;2004,0;2005,11;2006,9;2007,0;2008,0;2009,0;2010,0;2011,0','AUGET',9),(228,'2000,170;2001,166;2002,168;2003,224;2004,258;2005,254;2006,263;2007,200;2008,258;2009,298;2010,302;2011,294','AUGET',10),(229,'2000,0;2001,0;2002,0;2003,0;2004,0;2005,0;2006,0;2007,0;2008,0;2009,0;2010,0;2011,0','AUGET',22),(230,'2000,16;2001,19;2002,17;2003,21;2004,20;2005,20;2006,17;2007,15;2008,23;2009,27;2010,2;2011,4','AUGET',12),(231,'2000,0;2001,0;2002,0;2003,0;2004,0;2005,19;2006,16;2007,9;2008,12;2009,1;2010,12;2011,62','AUGET',13),(232,'2000,0;2001,0;2002,0;2003,0;2004,0;2005,0;2006,0;2007,0;2008,0;2009,0;2010,0;2011,7062','AUGET',19),(233,'2000,51529;2001,119602;2002,144752;2003,135662;2004,81881;2005,76220;2006,90508;2007,92988;2008,166558;2009,186457;2010,164872;2011,186871','AUGET',18),(234,'2000,1463728;2001,1250100;2002,980962;2003,2194963;2004,2124150;2005,2024386;2006,1314679;2007,613102;2008,1932637;2009,2132348;2010,1828777;2011,2655438','AUGET',23),(235,'2000,0;2001,0;2002,0;2003,386973;2004,1866491;2005,1706004;2006,3470666;2007,4433031;2008,4167085;2009,5315521;2010,5890591;2011,5261289','AUGET',24),(236,'2000,0;2001,0;2002,0;2003,0;2004,0;2005,0;2006,0;2007,0;2008,0;2009,0;2010,7286;2011,13419','AUGET',26),(237,'2000,21903;2001,13813;2002,16932;2003,5410;2004,11015;2005,16314;2006,32959;2007,20750;2008,0;2009,0;2010,0;2011,22118','AUGET',25),(238,'2000,6751;2001,6993;2002,10619;2003,12139;2004,13315;2005,9237;2006,10291;2007,9190;2008,15302;2009,16951;2010,2009;2011,1361','AUGET',28),(239,'2000,0;2001,0;2002,19725;2003,0;2004,0;2005,6531;2006,0;2007,0;2008,0;2009,0;2010,0;2011,0','AUGET',29),(240,'2000,569803;2001,771836;2002,848359;2003,866584;2004,907042;2005,836262;2006,1004759;2007,973781;2008,464964;2009,437959;2010,604486;2011,810135','AUGET',30),(241,'2000,29124;2001,0;2002,0;2003,0;2004,0;2005,0;2006,0;2007,0;2008,0;2009,0;2010,0;2011,0','AUGET',32),(242,'2000,0;2001,0;2002,0;2003,0;2004,0;2005,0;2006,0;2007,5338;2008,0;2009,0;2010,0;2011,0','AUGET',33),(243,'2000,203613;2001,170553;2002,133875;2003,130753;2004,134300;2005,195531;2006,296975;2007,291925;2008,349624;2009,234964;2010,185817;2011,154193','AUGET',41);
/*!40000 ALTER TABLE `bitre_data` ENABLE KEYS */;
UNLOCK TABLES;

--
-- Table structure for table `bitre_variable`
--

DROP TABLE IF EXISTS `bitre_variable`;
/*!40101 SET @saved_cs_client     = @@character_set_client */;
/*!40101 SET character_set_client = utf8 */;
CREATE TABLE `bitre_variable` (
  `id` int(11) NOT NULL AUTO_INCREMENT,
  `description` varchar(255) DEFAULT NULL,
  `name` varchar(255) DEFAULT NULL,
  `short_name` varchar(255) DEFAULT NULL,
  `uom` varchar(255) DEFAULT NULL,
  `uom_variation` varchar(255) DEFAULT NULL,
  `bitre_variable_category_id` int(11) DEFAULT NULL,
  PRIMARY KEY (`id`),
  KEY `FK30DF07DB9A85EA27` (`bitre_variable_category_id`),
  CONSTRAINT `FK30DF07DB9A85EA27` FOREIGN KEY (`bitre_variable_category_id`) REFERENCES `bitre_variable_category` (`id`)
) ENGINE=InnoDB AUTO_INCREMENT=44 DEFAULT CHARSET=latin1;
/*!40101 SET character_set_client = @saved_cs_client */;

--
-- Dumping data for table `bitre_variable`
--

LOCK TABLES `bitre_variable` WRITE;
/*!40000 ALTER TABLE `bitre_variable` DISABLE KEYS */;
INSERT INTO `bitre_variable` VALUES (1,'Bulk export','Bulk - Export','Bulk exp.','Mass tonnes','%',1),(2,'Bulk import','Bulk - Import','Bulk imp.','Mass tonnes','%',1),(3,'Containerized export','Containerized - Export','Cont. exp.','Mass tonnes','%',1),(4,'Containerized import','Containerized - Import','Cont. imp.','Mass tonnes','%',1),(5,'General export','General - Export','Gen. exp.','Mass tonnes','%',1),(6,'General import','General - Import','Gen. imp.','Mass tonnes','%',1),(7,'Bulk liquids inc. LNG, Chemicals, etc.','Bulk Liquids','Bulk liq.','Number of calls','%',2),(8,'Car carriers','Car Carriers','Car carriers','Number of calls','%',2),(9,'Containers','Containers','Cont.','Number of calls','%',2),(10,'Dry bulk','Dry Bulk','Dry Bulk','Number of calls','%',2),(11,'Gas','Gas','Gas','Number of calls','%',2),(12,'General cargo + others','General cargo','Gen. cargo','Number of calls','%',2),(13,'Livestock carriers','Livestock Carriers','Liv. carriers','Number of calls','%',2),(14,'Alumina commodities','Alumina','Al.','Mass tonnes','%',3),(15,'Aluminium commodities','Aluminium','Al.','Mass tonnes','%',3),(16,'Bauxite commodities','Bauxite','Baux.','Mass tonnes','%',3),(17,'Coal commodities','Coal','Coal','Mass tonnes','%',3),(18,'Copper concentrate commodities','Copper Concentrate','Cop. conc.','Mass tonnes','%',3),(19,'Copper ore commodities','Copper Ore','Cop. ore','Mass tonnes','%',3),(20,'Refined copper commodities','Refined Copper','Ref. cop.','Mass tonnes','%',3),(21,'Cotton','Cotton','Cotton','Mass tonnes','%',3),(22,'Gas commodities','Gas','Gas','Mass tonnes','%',3),(23,'Grain commodities','Grain','Grain','Mass tonnes','%',3),(24,'Iron ore commodities','Iron Ore','Iron ore','Mass tonnes','%',3),(25,'Lead concentrate commodities','Lead Concentrate','Lead conc.','Mass tonnes','%',3),(26,'Lead ore commodities','Lead Ore','Lead ore','Mass tonnes','%',3),(27,'Refined lead commodities','Refined Lead','Ref. lead','Mass tonnes','%',3),(28,'Livestock commodities','Livestock','Livestock','Mass tonnes','%',3),(29,'Manganese commodities','Manganese','Manganese','Mass tonnes','%',3),(30,'Mineral sand commodities','Mineral Sand','Min. sand','Mass tonnes','%',3),(31,'Motor vehicle commodities','Motor Vehicle','Mot. Veh.','Mass tonnes','%',3),(32,'Nickel commodities','Nickel','Nickel','Mass tonnes','%',3),(33,'Oil and petroleum commodities','Oil and Petroleum','Oil & Petrol.','Mass tonnes','%',3),(34,'Silica sand commodities','Silica sand','Silica sand','Mass tonnes','%',3),(35,'Steel  commodities','Steel','Steel','Mass tonnes','%',3),(36,'Sugar commodities','Sugar','Sugar','Mass tonnes','%',3),(37,'Timber logs commodities','Timber - Logs','Timber logs','Mass tonnes','%',3),(38,'Timber products commodities','Timber - Products','Timber prod.','Mass tonnes','%',3),(39,'Timber wood chips commodities','Timber - Wood Chips','Timber wood chips','Mass tonnes','%',3),(40,'Wool commodities','Wool','Wool','Mass tonnes','%',3),(41,'Zinc concentrate commodities','Zinc Concentrate','Zc conc.','Mass tonnes','%',3),(42,'Zinc ore commodities','Zinc Ore','Zc ore','Mass tonnes','%',3),(43,'Refined Zinc commodities','Refined Zinc','Ref. Zc','Mass tonnes','%',3);
/*!40000 ALTER TABLE `bitre_variable` ENABLE KEYS */;
UNLOCK TABLES;

--
-- Table structure for table `bitre_variable_category`
--

DROP TABLE IF EXISTS `bitre_variable_category`;
/*!40101 SET @saved_cs_client     = @@character_set_client */;
/*!40101 SET character_set_client = utf8 */;
CREATE TABLE `bitre_variable_category` (
  `id` int(11) NOT NULL AUTO_INCREMENT,
  `name` varchar(255) DEFAULT NULL,
  PRIMARY KEY (`id`)
) ENGINE=InnoDB AUTO_INCREMENT=4 DEFAULT CHARSET=latin1;
/*!40101 SET character_set_client = @saved_cs_client */;

--
-- Dumping data for table `bitre_variable_category`
--

LOCK TABLES `bitre_variable_category` WRITE;
/*!40000 ALTER TABLE `bitre_variable_category` DISABLE KEYS */;
INSERT INTO `bitre_variable_category` VALUES (1,'Freight throughput by cargo type'),(2,'Commercial vessel calls by type'),(3,'Export Commodities by type');
/*!40000 ALTER TABLE `bitre_variable_category` ENABLE KEYS */;
UNLOCK TABLES;

--
-- Table structure for table `climate_emission_scenario`
--

DROP TABLE IF EXISTS `climate_emission_scenario`;
/*!40101 SET @saved_cs_client     = @@character_set_client */;
/*!40101 SET character_set_client = utf8 */;
CREATE TABLE `climate_emission_scenario` (
  `id` int(11) NOT NULL AUTO_INCREMENT,
  `description` varchar(255) DEFAULT NULL,
  `name` varchar(255) DEFAULT NULL,
  PRIMARY KEY (`id`)
) ENGINE=InnoDB AUTO_INCREMENT=4 DEFAULT CHARSET=latin1;
/*!40101 SET character_set_client = @saved_cs_client */;

--
-- Dumping data for table `climate_emission_scenario`
--

LOCK TABLES `climate_emission_scenario` WRITE;
/*!40000 ALTER TABLE `climate_emission_scenario` DISABLE KEYS */;
INSERT INTO `climate_emission_scenario` VALUES (1,'medium','A1B'),(2,'high','A1FI'),(3,'No CO2 emissions increase','Base');
/*!40000 ALTER TABLE `climate_emission_scenario` ENABLE KEYS */;
UNLOCK TABLES;

--
-- Table structure for table `climate_model`
--

DROP TABLE IF EXISTS `climate_model`;
/*!40101 SET @saved_cs_client     = @@character_set_client */;
/*!40101 SET character_set_client = utf8 */;
CREATE TABLE `climate_model` (
  `id` int(11) NOT NULL AUTO_INCREMENT,
  `code` varchar(255) DEFAULT NULL,
  `description` varchar(255) DEFAULT NULL,
  `name` varchar(255) DEFAULT NULL,
  PRIMARY KEY (`id`)
) ENGINE=InnoDB AUTO_INCREMENT=7 DEFAULT CHARSET=latin1;
/*!40101 SET character_set_client = @saved_cs_client */;

--
-- Dumping data for table `climate_model`
--

LOCK TABLES `climate_model` WRITE;
/*!40000 ALTER TABLE `climate_model` DISABLE KEYS */;
INSERT INTO `climate_model` VALUES (1,'csiro_mk3_5','The CSIRO Mk3.5 climate model','CSIRO Mk3.5'),(2,'mri_cgcm2_3_2','The MRI-CGCM 2.3.2 climate model','MRI-CGCM2.3.2'),(3,'ipsl_cm4','The IPSL-CM4 climate model','IPSL-CM4'),(4,'miroc_3_2_medres','The Miroc 3.2 MedRes climate model','MIROC 3.2 (medres)'),(5,'cccma_cgcm3_1_t63','The CCCMA CGCM 3.1 T63 climate model','CCCMA CGCM 3.1 T63'),(6,'reference','Reference climate model: considering there is no change','(Reference)');
/*!40000 ALTER TABLE `climate_model` ENABLE KEYS */;
UNLOCK TABLES;

--
-- Table structure for table `climate_params`
--

DROP TABLE IF EXISTS `climate_params`;
/*!40101 SET @saved_cs_client     = @@character_set_client */;
/*!40101 SET character_set_client = utf8 */;
CREATE TABLE `climate_params` (
  `id` int(11) NOT NULL AUTO_INCREMENT,
  `model_name` varchar(255) DEFAULT NULL,
  `climate_emission_scenario_id` int(11) DEFAULT NULL,
  `climate_model_id` int(11) DEFAULT NULL,
  `region_id` int(11) DEFAULT NULL,
  PRIMARY KEY (`id`),
  KEY `FKA6107AE0F00AAA5A` (`climate_model_id`),
  KEY `FKA6107AE01E25895D` (`climate_emission_scenario_id`),
  KEY `FKA6107AE03365D05` (`region_id`),
  CONSTRAINT `FKA6107AE03365D05` FOREIGN KEY (`region_id`) REFERENCES `region` (`id`),
  CONSTRAINT `FKA6107AE01E25895D` FOREIGN KEY (`climate_emission_scenario_id`) REFERENCES `climate_emission_scenario` (`id`),
  CONSTRAINT `FKA6107AE0F00AAA5A` FOREIGN KEY (`climate_model_id`) REFERENCES `climate_model` (`id`)
) ENGINE=InnoDB AUTO_INCREMENT=21 DEFAULT CHARSET=latin1;
/*!40101 SET character_set_client = @saved_cs_client */;

--
-- Dumping data for table `climate_params`
--

LOCK TABLES `climate_params` WRITE;
/*!40000 ALTER TABLE `climate_params` DISABLE KEYS */;
INSERT INTO `climate_params` VALUES (1,'Hotter & Drier',1,1,1),(2,'Hotter & Drier',2,1,1),(3,'Most Likely',1,3,1),(4,'Most Likely',2,3,1),(5,'Cooler & Wetter',1,4,1),(6,'Cooler & Wetter',2,4,1),(7,'Hotter & Drier',1,1,2),(8,'Hotter & Drier',2,1,2),(9,'Most Likely',1,3,2),(10,'Most Likely',2,3,2),(11,'Cooler & Wetter',1,4,2),(12,'Cooler & Wetter',2,4,2),(13,'Hotter & Drier',1,4,3),(14,'Hotter & Drier',2,4,3),(15,'Most Likely',1,1,3),(16,'Most Likely',2,1,3),(17,'Cooler & Wetter',1,5,3),(18,'Cooler & Wetter',2,5,3),(19,'Baseline',3,6,1),(20,'Baseline',3,6,2);
/*!40000 ALTER TABLE `climate_params` ENABLE KEYS */;
UNLOCK TABLES;

--
-- Table structure for table `cmar_data`
--

DROP TABLE IF EXISTS `cmar_data`;
/*!40101 SET @saved_cs_client     = @@character_set_client */;
/*!40101 SET character_set_client = utf8 */;
CREATE TABLE `cmar_data` (
  `id` int(11) NOT NULL AUTO_INCREMENT,
  `creation_date` datetime DEFAULT NULL,
  `picture` varchar(255) DEFAULT NULL,
  `value` longtext,
  `year` int(11) DEFAULT NULL,
  `climate_params_id` int(11) DEFAULT NULL,
  `climate_variable_id` int(11) DEFAULT NULL,
  PRIMARY KEY (`id`),
  KEY `FK64859B4E201EEBA` (`climate_params_id`),
  KEY `FK64859B4EB7D2D10B` (`climate_variable_id`),
  CONSTRAINT `FK64859B4EB7D2D10B` FOREIGN KEY (`climate_variable_id`) REFERENCES `csiro_variable` (`id`),
  CONSTRAINT `FK64859B4E201EEBA` FOREIGN KEY (`climate_params_id`) REFERENCES `climate_params` (`id`)
) ENGINE=InnoDB AUTO_INCREMENT=7 DEFAULT CHARSET=latin1;
/*!40101 SET character_set_client = @saved_cs_client */;

--
-- Dumping data for table `cmar_data`
--

LOCK TABLES `cmar_data` WRITE;
/*!40000 ALTER TABLE `cmar_data` DISABLE KEYS */;
INSERT INTO `cmar_data` VALUES (1,'2008-07-28 00:00:00','sealevelrise-ecs-2030.png','-34.5,151.5,167;-33.5,152.5,176;-32.5,152.5,168;-31.5,153.5,166;-30.5,153.5,164;-29.5,153.5,163;-28.5,153.5,159',2030,3,5),(2,'2008-07-28 00:00:00','sealevelrise-ecs-2070.png','-34.5,151.5,437;-33.5,152.5,447;-32.5,152.5,445;-31.5,153.5,439;-30.5,153.5,436;-29.5,153.5,434;-28.5,153.5,429',2070,3,5),(3,'2008-07-28 00:00:00','sealevelrise-ssve-2030.png','-39.5,146.5,128;-39.5,147.5,132;-38.5,148.5,156;-38.5,149.5,163;-37.5,150.5,180;-36.5,150.5,176;-35.5,151.5,172;-34.5,151.5,167',2030,9,5),(4,'2008-07-28 00:00:00','sealevelrise-ssve-2070.png','-39.5,146.5,369;-39.5,147.5,375;-38.5,148.5,416;-38.5,149.5,426;-37.5,150.5,444;-36.5,150.5,440;-35.5,151.5,440;-34.5,151.5,437',2070,9,5),(5,'2008-07-28 00:00:00','sealevelrise-sswfw-2030.png','-27.5,113.5,125;-28.5,113.5,124;-29.5,114.5,121;-30.5,114.5,120;-31.5,115.5,119;-32.5,115.5,118;-33.5,114.5,118;-34.5,114.5,117;-34.5,115.5,117;-35.5,116.5,119;-35.5,117.5,119;-35.5,118.5,121;-34.5,119.5,118;-34.5,120.5,118;-34.5,121.5,123;-34.5,122.5,123;-34.5,123.5,124;-33.5,124.5,120',2030,15,5),(6,'2008-07-28 00:00:00','sealevelrise-sswfw-2070.png','-27.5,113.5,370;-28.5,113.5,369;-29.5,114.5,365;-30.5,114.5,363;-31.5,115.5,361;-32.5,115.5,360;-33.5,114.5,360;-34.5,114.5,360;-34.5,115.5,361;-35.5,116.5,363;-35.5,117.5,363;-35.5,118.5,364;-34.5,119.5,354;-34.5,120.5,354;-34.5,121.5,361;-34.5,122.5,360;-34.5,123.5,360;-33.5,124.5,354',2070,15,5);
/*!40000 ALTER TABLE `cmar_data` ENABLE KEYS */;
UNLOCK TABLES;

--
-- Table structure for table `csiro_data`
--

DROP TABLE IF EXISTS `csiro_data`;
/*!40101 SET @saved_cs_client     = @@character_set_client */;
/*!40101 SET character_set_client = utf8 */;
CREATE TABLE `csiro_data` (
  `id` int(11) NOT NULL AUTO_INCREMENT,
  `creation_date` datetime DEFAULT NULL,
  `picture` varchar(255) DEFAULT NULL,
  `value` double DEFAULT NULL,
  `year` int(11) DEFAULT NULL,
  `climate_params_id` int(11) DEFAULT NULL,
  `csiro_variable_id` int(11) DEFAULT NULL,
  PRIMARY KEY (`id`),
  KEY `FKFFD9FC53201EEBA` (`climate_params_id`),
  KEY `FKFFD9FC533119D5C` (`csiro_variable_id`),
  CONSTRAINT `FKFFD9FC533119D5C` FOREIGN KEY (`csiro_variable_id`) REFERENCES `csiro_variable` (`id`),
  CONSTRAINT `FKFFD9FC53201EEBA` FOREIGN KEY (`climate_params_id`) REFERENCES `climate_params` (`id`)
) ENGINE=InnoDB AUTO_INCREMENT=217 DEFAULT CHARSET=latin1;
/*!40101 SET character_set_client = @saved_cs_client */;

--
-- Dumping data for table `csiro_data`
--

LOCK TABLES `csiro_data` WRITE;
/*!40000 ALTER TABLE `csiro_data` DISABLE KEYS */;
INSERT INTO `csiro_data` VALUES (1,'2008-07-28 00:00:00',NULL,1.3,2030,1,1),(2,'2008-07-28 00:00:00',NULL,-4.7,2030,1,3),(3,'2008-07-28 00:00:00',NULL,0,2030,1,2),(4,'2008-07-28 00:00:00',NULL,-1.3,2030,1,4),(5,'2008-07-28 00:00:00',NULL,2.4,2055,1,1),(6,'2008-07-28 00:00:00',NULL,-8.8,2055,1,3),(7,'2008-07-28 00:00:00',NULL,0,2055,1,2),(8,'2008-07-28 00:00:00',NULL,-5.6,2055,1,4),(9,'2008-07-28 00:00:00',NULL,3,2070,1,1),(10,'2008-07-28 00:00:00',NULL,-11.1,2070,1,3),(11,'2008-07-28 00:00:00',NULL,0.1,2070,1,2),(12,'2008-07-28 00:00:00',NULL,-7.1,2070,1,4),(13,'2008-07-28 00:00:00',NULL,1.2,2030,2,1),(14,'2008-07-28 00:00:00',NULL,-4.5,2030,2,3),(15,'2008-07-28 00:00:00',NULL,0,2030,2,2),(16,'2008-07-28 00:00:00',NULL,-2.9,2030,2,4),(17,'2008-07-28 00:00:00',NULL,3,2055,2,1),(18,'2008-07-28 00:00:00',NULL,-10.9,2055,2,3),(19,'2008-07-28 00:00:00',NULL,0.1,2055,2,2),(20,'2008-07-28 00:00:00',NULL,-7,2055,2,4),(21,'2008-07-28 00:00:00',NULL,4.1,2070,2,1),(22,'2008-07-28 00:00:00',NULL,-15.1,2070,2,3),(23,'2008-07-28 00:00:00',NULL,0.1,2070,2,2),(24,'2008-07-28 00:00:00',NULL,-9.7,2070,2,4),(25,'2008-07-28 00:00:00','temperature-ecs-2030.png',1,2030,3,1),(26,'2008-07-28 00:00:00','rainfall-ecs-2030.png',-4.5,2030,3,3),(27,'2008-07-28 00:00:00','windspeed-ecs-2030.png',-2.1,2030,3,2),(28,'2008-07-28 00:00:00','humidity-ecs-2030.png',-0.2,2030,3,4),(29,'2008-07-28 00:00:00','temperature-ecs-2055.png',2,2055,3,1),(30,'2008-07-28 00:00:00','rainfall-ecs-2055.png',-8.4,2055,3,3),(31,'2008-07-28 00:00:00','windspeed-ecs-2055.png',-4,2055,3,2),(32,'2008-07-28 00:00:00','humidity-ecs-2055.png',-0.4,2055,3,4),(33,'2008-07-28 00:00:00','temperature-ecs-2070.png',2.5,2070,3,1),(34,'2008-07-28 00:00:00','rainfall-ecs-2070.png',-10.6,2070,3,3),(35,'2008-07-28 00:00:00','windspeed-ecs-2070.png',-5,2070,3,2),(36,'2008-07-28 00:00:00','humidity-ecs-2070.png',-0.5,2070,3,4),(37,'2008-07-28 00:00:00',NULL,1,2030,4,1),(38,'2008-07-28 00:00:00',NULL,-4.3,2030,4,3),(39,'2008-07-28 00:00:00',NULL,-2,2030,4,2),(40,'2008-07-28 00:00:00',NULL,-0.2,2030,4,4),(41,'2008-07-28 00:00:00',NULL,2.4,2055,4,1),(42,'2008-07-28 00:00:00',NULL,-10.4,2055,4,3),(43,'2008-07-28 00:00:00',NULL,-4.9,2055,4,2),(44,'2008-07-28 00:00:00',NULL,-0.5,2055,4,4),(45,'2008-07-28 00:00:00',NULL,3.4,2070,4,1),(46,'2008-07-28 00:00:00',NULL,-14.4,2070,4,3),(47,'2008-07-28 00:00:00',NULL,-6.8,2070,4,2),(48,'2008-07-28 00:00:00',NULL,-0.7,2070,4,4),(49,'2008-07-28 00:00:00',NULL,0.7,2030,5,1),(50,'2008-07-28 00:00:00',NULL,4.1,2030,5,3),(51,'2008-07-28 00:00:00',NULL,-1.3,2030,5,2),(52,'2008-07-28 00:00:00',NULL,1.2,2030,5,4),(53,'2008-07-28 00:00:00',NULL,1.3,2055,5,1),(54,'2008-07-28 00:00:00',NULL,7.7,2055,5,3),(55,'2008-07-28 00:00:00',NULL,-2.4,2055,5,2),(56,'2008-07-28 00:00:00',NULL,2.3,2055,5,4),(57,'2008-07-28 00:00:00',NULL,1.7,2070,5,1),(58,'2008-07-28 00:00:00',NULL,9.7,2070,5,3),(59,'2008-07-28 00:00:00',NULL,-3,2070,5,2),(60,'2008-07-28 00:00:00',NULL,2.9,2070,5,4),(61,'2008-07-28 00:00:00',NULL,0.7,2030,6,1),(62,'2008-07-28 00:00:00',NULL,4,2030,6,3),(63,'2008-07-28 00:00:00',NULL,-1.2,2030,6,2),(64,'2008-07-28 00:00:00',NULL,1.2,2030,6,4),(65,'2008-07-28 00:00:00',NULL,1.7,2055,6,1),(66,'2008-07-28 00:00:00',NULL,9.5,2055,6,3),(67,'2008-07-28 00:00:00',NULL,-2.9,2055,6,2),(68,'2008-07-28 00:00:00',NULL,2.9,2055,6,4),(69,'2008-07-28 00:00:00',NULL,2.3,2070,6,1),(70,'2008-07-28 00:00:00',NULL,13.2,2070,6,3),(71,'2008-07-28 00:00:00',NULL,-4.1,2070,6,2),(72,'2008-07-28 00:00:00',NULL,4,2070,6,4),(73,'2008-07-28 00:00:00',NULL,1.1,2030,7,1),(74,'2008-07-28 00:00:00',NULL,-4.5,2030,7,3),(75,'2008-07-28 00:00:00',NULL,-1.6,2030,7,2),(76,'2008-07-28 00:00:00',NULL,-2.2,2030,7,4),(77,'2008-07-28 00:00:00',NULL,2,2055,7,1),(78,'2008-07-28 00:00:00',NULL,-8.5,2055,7,3),(79,'2008-07-28 00:00:00',NULL,-3.1,2055,7,2),(80,'2008-07-28 00:00:00',NULL,-4.2,2055,7,4),(81,'2008-07-28 00:00:00',NULL,2.6,2070,7,1),(82,'2008-07-28 00:00:00',NULL,-10.8,2070,7,3),(83,'2008-07-28 00:00:00',NULL,-3.9,2070,7,2),(84,'2008-07-28 00:00:00',NULL,-5.3,2070,7,4),(85,'2008-07-28 00:00:00',NULL,1,2030,8,1),(86,'2008-07-28 00:00:00',NULL,-4.4,2030,8,3),(87,'2008-07-28 00:00:00',NULL,-1.6,2030,8,2),(88,'2008-07-28 00:00:00',NULL,-2.1,2030,8,4),(89,'2008-07-28 00:00:00',NULL,2.5,2055,8,1),(90,'2008-07-28 00:00:00',NULL,-10.6,2055,8,3),(91,'2008-07-28 00:00:00',NULL,-3.8,2055,8,2),(92,'2008-07-28 00:00:00',NULL,-5.2,2055,8,4),(93,'2008-07-28 00:00:00',NULL,3.5,2070,8,1),(94,'2008-07-28 00:00:00',NULL,-14.7,2070,8,3),(95,'2008-07-28 00:00:00',NULL,-5.3,2070,8,2),(96,'2008-07-28 00:00:00',NULL,-7.2,2070,8,4),(97,'2008-07-28 00:00:00','temperature-ssve-2030.png',1,2030,9,1),(98,'2008-07-28 00:00:00','rainfall-ssve-2030.png',-4.1,2030,9,3),(99,'2008-07-28 00:00:00','windspeed-ssve-2030.png',-2.7,2030,9,2),(100,'2008-07-28 00:00:00','humidity-ssve-2030.png',-0.8,2030,9,4),(101,'2008-07-28 00:00:00','temperature-ssve-2055.png',1.9,2055,9,1),(102,'2008-07-28 00:00:00','rainfall-ssve-2055.png',-7.7,2055,9,3),(103,'2008-07-28 00:00:00','windspeed-ssve-2055.png',-5,2055,9,2),(104,'2008-07-28 00:00:00','humidity-ssve-2055.png',-1.6,2055,9,4),(105,'2008-07-28 00:00:00','temperature-ssve-2070.png',2.4,2070,9,1),(106,'2008-07-28 00:00:00','rainfall-ssve-2070.png',-9.8,2070,9,3),(107,'2008-07-28 00:00:00','windspeed-ssve-2070.png',-6.4,2070,9,2),(108,'2008-07-28 00:00:00','humidity-ssve-2070.png',-2,2070,9,4),(109,'2008-07-28 00:00:00',NULL,1,2030,10,1),(110,'2008-07-28 00:00:00',NULL,-4,2030,10,3),(111,'2008-07-28 00:00:00',NULL,-2.6,2030,10,2),(112,'2008-07-28 00:00:00',NULL,-0.8,2030,10,4),(113,'2008-07-28 00:00:00',NULL,2.4,2055,10,1),(114,'2008-07-28 00:00:00',NULL,-9.6,2055,10,3),(115,'2008-07-28 00:00:00',NULL,-6.3,2055,10,2),(116,'2008-07-28 00:00:00',NULL,-2,2055,10,4),(117,'2008-07-28 00:00:00',NULL,3.3,2070,10,1),(118,'2008-07-28 00:00:00',NULL,-13.3,2070,10,3),(119,'2008-07-28 00:00:00',NULL,-8.7,2070,10,2),(120,'2008-07-28 00:00:00',NULL,-2.7,2070,10,4),(121,'2008-07-28 00:00:00',NULL,0.6,2030,11,1),(122,'2008-07-28 00:00:00',NULL,2,2030,11,3),(123,'2008-07-28 00:00:00',NULL,0.1,2030,11,2),(124,'2008-07-28 00:00:00',NULL,0.2,2030,11,4),(125,'2008-07-28 00:00:00',NULL,1.2,2055,11,1),(126,'2008-07-28 00:00:00',NULL,3.7,2055,11,3),(127,'2008-07-28 00:00:00',NULL,0.2,2055,11,2),(128,'2008-07-28 00:00:00',NULL,0.3,2055,11,4),(129,'2008-07-28 00:00:00',NULL,1.5,2070,11,1),(130,'2008-07-28 00:00:00',NULL,4.6,2070,11,3),(131,'2008-07-28 00:00:00',NULL,0.2,2070,11,2),(132,'2008-07-28 00:00:00',NULL,0.4,2070,11,4),(133,'2008-07-28 00:00:00',NULL,0.6,2030,12,1),(134,'2008-07-28 00:00:00',NULL,1.9,2030,12,3),(135,'2008-07-28 00:00:00',NULL,0.1,2030,12,2),(136,'2008-07-28 00:00:00',NULL,0.2,2030,12,4),(137,'2008-07-28 00:00:00',NULL,1.5,2055,12,1),(138,'2008-07-28 00:00:00',NULL,4.6,2055,12,3),(139,'2008-07-28 00:00:00',NULL,0.2,2055,12,2),(140,'2008-07-28 00:00:00',NULL,0.4,2055,12,4),(141,'2008-07-28 00:00:00',NULL,2,2070,12,1),(142,'2008-07-28 00:00:00',NULL,6.3,2070,12,3),(143,'2008-07-28 00:00:00',NULL,0.3,2070,12,2),(144,'2008-07-28 00:00:00',NULL,0.6,2070,12,4),(145,'2008-07-28 00:00:00',NULL,0.7,2030,13,1),(146,'2008-07-28 00:00:00',NULL,-6.7,2030,13,3),(147,'2008-07-28 00:00:00',NULL,1.1,2030,13,2),(148,'2008-07-28 00:00:00',NULL,-0.9,2030,13,4),(149,'2008-07-28 00:00:00',NULL,1.2,2055,13,1),(150,'2008-07-28 00:00:00',NULL,-12.6,2055,13,3),(151,'2008-07-28 00:00:00',NULL,2.1,2055,13,2),(152,'2008-07-28 00:00:00',NULL,-1.8,2055,13,4),(153,'2008-07-28 00:00:00',NULL,2.6,2070,13,1),(154,'2008-07-28 00:00:00',NULL,-16,2070,13,3),(155,'2008-07-28 00:00:00',NULL,2.6,2070,13,2),(156,'2008-07-28 00:00:00',NULL,-2.3,2070,13,4),(157,'2008-07-28 00:00:00',NULL,0.6,2030,14,1),(158,'2008-07-28 00:00:00',NULL,-6.5,2030,14,3),(159,'2008-07-28 00:00:00',NULL,1.1,2030,14,2),(160,'2008-07-28 00:00:00',NULL,-0.9,2030,14,4),(161,'2008-07-28 00:00:00',NULL,1.5,2055,14,1),(162,'2008-07-28 00:00:00',NULL,-15.7,2055,14,3),(163,'2008-07-28 00:00:00',NULL,2.6,2055,14,2),(164,'2008-07-28 00:00:00',NULL,-2.2,2055,14,4),(165,'2008-07-28 00:00:00',NULL,2.1,2070,14,1),(166,'2008-07-28 00:00:00',NULL,-21.7,2070,14,3),(167,'2008-07-28 00:00:00',NULL,3.6,2070,14,2),(168,'2008-07-28 00:00:00',NULL,-3.1,2070,14,4),(169,'2008-07-28 00:00:00','temperature-sswfw-2030.png',1.1,2030,15,1),(170,'2008-07-28 00:00:00','rainfall-sswfw-2030.png',-6.2,2030,15,3),(171,'2008-07-28 00:00:00','windspeed-sswfw-2030.png',-1.5,2030,15,2),(172,'2008-07-28 00:00:00','humidity-sswfw-2030.png',-1.5,2030,15,4),(173,'2008-07-28 00:00:00','temperature-sswfw-2055.png',2.1,2055,15,1),(174,'2008-07-28 00:00:00','rainfall-sswfw-2055.png',-11.6,2055,15,3),(175,'2008-07-28 00:00:00','windspeed-sswfw-2055.png',-2.8,2055,15,2),(176,'2008-07-28 00:00:00','humidity-sswfw-2055.png',-2.9,2055,15,4),(177,'2008-07-28 00:00:00','temperature-sswfw-2070.png',2.6,2070,15,1),(178,'2008-07-28 00:00:00','rainfall-sswfw-2070.png',-14.7,2070,15,3),(179,'2008-07-28 00:00:00','windspeed-sswfw-2070.png',-3.6,2070,15,2),(180,'2008-07-28 00:00:00','humidity-sswfw-2070.png',-3.7,2070,15,4),(181,'2008-07-28 00:00:00',NULL,1.1,2030,16,1),(182,'2008-07-28 00:00:00',NULL,-6,2030,16,3),(183,'2008-07-28 00:00:00',NULL,-1.5,2030,16,2),(184,'2008-07-28 00:00:00',NULL,-1.5,2030,16,4),(185,'2008-07-28 00:00:00',NULL,2.6,2055,16,1),(186,'2008-07-28 00:00:00',NULL,-14.5,2055,16,3),(187,'2008-07-28 00:00:00',NULL,-3.5,2055,16,2),(188,'2008-07-28 00:00:00',NULL,-3.6,2055,16,4),(189,'2008-07-28 00:00:00',NULL,3.6,2070,16,1),(190,'2008-07-28 00:00:00',NULL,-20.1,2070,16,3),(191,'2008-07-28 00:00:00',NULL,-4.9,2070,16,2),(192,'2008-07-28 00:00:00',NULL,-5,2070,16,4),(193,'2008-07-28 00:00:00',NULL,0.9,2030,17,1),(194,'2008-07-28 00:00:00',NULL,0.8,2030,17,3),(195,'2008-07-28 00:00:00',NULL,0.3,2030,17,2),(196,'2008-07-28 00:00:00',NULL,-0.2,2030,17,4),(197,'2008-07-28 00:00:00',NULL,1.7,2055,17,1),(198,'2008-07-28 00:00:00',NULL,1.4,2055,17,3),(199,'2008-07-28 00:00:00',NULL,0.5,2055,17,2),(200,'2008-07-28 00:00:00',NULL,-0.3,2055,17,4),(201,'2008-07-28 00:00:00',NULL,2.1,2070,17,1),(202,'2008-07-28 00:00:00',NULL,1.8,2070,17,3),(203,'2008-07-28 00:00:00',NULL,0.6,2070,17,2),(204,'2008-07-28 00:00:00',NULL,-0.4,2070,17,4),(205,'2008-07-28 00:00:00',NULL,0.9,2030,18,1),(206,'2008-07-28 00:00:00',NULL,0.7,2030,18,3),(207,'2008-07-28 00:00:00',NULL,0.3,2030,18,2),(208,'2008-07-28 00:00:00',NULL,-0.2,2030,18,4),(209,'2008-07-28 00:00:00',NULL,2.1,2055,18,1),(210,'2008-07-28 00:00:00',NULL,1.8,2055,18,3),(211,'2008-07-28 00:00:00',NULL,0.6,2055,18,2),(212,'2008-07-28 00:00:00',NULL,-0.4,2055,18,4),(213,'2008-07-28 00:00:00',NULL,2.9,2070,18,1),(214,'2008-07-28 00:00:00',NULL,2.5,2070,18,3),(215,'2008-07-28 00:00:00',NULL,0.9,2070,18,2),(216,'2008-07-28 00:00:00',NULL,-0.6,2070,18,4);
/*!40000 ALTER TABLE `csiro_data` ENABLE KEYS */;
UNLOCK TABLES;

--
-- Table structure for table `csiro_data_baseline`
--

DROP TABLE IF EXISTS `csiro_data_baseline`;
/*!40101 SET @saved_cs_client     = @@character_set_client */;
/*!40101 SET character_set_client = utf8 */;
CREATE TABLE `csiro_data_baseline` (
  `id` int(11) NOT NULL AUTO_INCREMENT,
  `creation_date` datetime DEFAULT NULL,
  `value` double DEFAULT NULL,
  `region_id` int(11) DEFAULT NULL,
  `climate_variable_id` int(11) DEFAULT NULL,
  PRIMARY KEY (`id`),
  KEY `FKE24548B1B7D2D10B` (`climate_variable_id`),
  KEY `FKE24548B13365D05` (`region_id`),
  CONSTRAINT `FKE24548B13365D05` FOREIGN KEY (`region_id`) REFERENCES `region` (`id`),
  CONSTRAINT `FKE24548B1B7D2D10B` FOREIGN KEY (`climate_variable_id`) REFERENCES `csiro_variable` (`id`)
) ENGINE=InnoDB AUTO_INCREMENT=13 DEFAULT CHARSET=latin1;
/*!40101 SET character_set_client = @saved_cs_client */;

--
-- Dumping data for table `csiro_data_baseline`
--

LOCK TABLES `csiro_data_baseline` WRITE;
/*!40000 ALTER TABLE `csiro_data_baseline` DISABLE KEYS */;
INSERT INTO `csiro_data_baseline` VALUES (1,'2008-07-28 00:00:00',16.1,1,1),(2,'2008-07-28 00:00:00',4.6,1,2),(3,'2008-07-28 00:00:00',1029.8,1,3),(4,'2008-07-28 00:00:00',74.8,1,4),(5,'2008-07-28 00:00:00',12.8,2,1),(6,'2008-07-28 00:00:00',5.3,2,2),(7,'2008-07-28 00:00:00',870,2,3),(8,'2008-07-28 00:00:00',71.3,2,4),(9,'2008-07-28 00:00:00',17.6,3,1),(10,'2008-07-28 00:00:00',5.4,3,2),(11,'2008-07-28 00:00:00',441.4,3,3),(12,'2008-07-28 00:00:00',59.2,3,4);
/*!40000 ALTER TABLE `csiro_data_baseline` ENABLE KEYS */;
UNLOCK TABLES;

--
-- Table structure for table `csiro_variable`
--

DROP TABLE IF EXISTS `csiro_variable`;
/*!40101 SET @saved_cs_client     = @@character_set_client */;
/*!40101 SET character_set_client = utf8 */;
CREATE TABLE `csiro_variable` (
  `id` int(11) NOT NULL AUTO_INCREMENT,
  `description` varchar(255) DEFAULT NULL,
  `name` varchar(255) DEFAULT NULL,
  `short_name` varchar(255) DEFAULT NULL,
  `uom` varchar(255) DEFAULT NULL,
  `uom_variation` varchar(255) DEFAULT NULL,
  PRIMARY KEY (`id`)
) ENGINE=InnoDB AUTO_INCREMENT=6 DEFAULT CHARSET=latin1;
/*!40101 SET character_set_client = @saved_cs_client */;

--
-- Dumping data for table `csiro_variable`
--

LOCK TABLES `csiro_variable` WRITE;
/*!40000 ALTER TABLE `csiro_variable` DISABLE KEYS */;
INSERT INTO `csiro_variable` VALUES (1,'Forecasted hange of temperature from now','Temperature','T','&#8451;','&#8451;'),(2,'Forecasted wind speed','Wind speed','WS','km/h','%'),(3,'Forecasted rain fall','Rainfall','RF','mm/y','%'),(4,'Forecasted relative humidity','Relative humidity','RH','%','%'),(5,'Forecasted sea level rise','Sea Level Rise','SLR','mm','%');
/*!40000 ALTER TABLE `csiro_variable` ENABLE KEYS */;
UNLOCK TABLES;

--
-- Table structure for table `data_element`
--

DROP TABLE IF EXISTS `data_element`;
/*!40101 SET @saved_cs_client     = @@character_set_client */;
/*!40101 SET character_set_client = utf8 */;
CREATE TABLE `data_element` (
  `type` varchar(31) NOT NULL,
  `id` int(11) NOT NULL AUTO_INCREMENT,
  `creation_date` datetime DEFAULT NULL,
  `display_type` varchar(255) DEFAULT NULL,
  `included` bit(1) DEFAULT NULL,
  `name` varchar(255) DEFAULT NULL,
  `position` int(11) DEFAULT NULL,
  `content` longblob,
  `filetype` varchar(255) DEFAULT NULL,
  `pictures_included` bit(1) DEFAULT NULL,
  `text` longtext,
  `user_story_id` int(11) DEFAULT NULL,
  `weather_event` int(11) DEFAULT NULL,
  PRIMARY KEY (`id`),
  KEY `FK74B46B672F7FE520` (`weather_event`),
  KEY `FK74B46B67994A1ED8` (`user_story_id`),
  CONSTRAINT `FK74B46B67994A1ED8` FOREIGN KEY (`user_story_id`) REFERENCES `user_story` (`id`),
  CONSTRAINT `FK74B46B672F7FE520` FOREIGN KEY (`weather_event`) REFERENCES `weather_event` (`id`)
) ENGINE=InnoDB DEFAULT CHARSET=latin1;
/*!40101 SET character_set_client = @saved_cs_client */;

--
-- Dumping data for table `data_element`
--

LOCK TABLES `data_element` WRITE;
/*!40000 ALTER TABLE `data_element` DISABLE KEYS */;
/*!40000 ALTER TABLE `data_element` ENABLE KEYS */;
UNLOCK TABLES;

--
-- Table structure for table `data_element_abs_data`
--

DROP TABLE IF EXISTS `data_element_abs_data`;
/*!40101 SET @saved_cs_client     = @@character_set_client */;
/*!40101 SET character_set_client = utf8 */;
CREATE TABLE `data_element_abs_data` (
  `data_element_id` int(11) NOT NULL,
  `abs_data_id` int(11) NOT NULL,
  KEY `FKFD21512F12C92CDE` (`data_element_id`),
  KEY `FKFD21512FBE7C83D4` (`abs_data_id`),
  CONSTRAINT `FKFD21512FBE7C83D4` FOREIGN KEY (`abs_data_id`) REFERENCES `abs_data` (`id`),
  CONSTRAINT `FKFD21512F12C92CDE` FOREIGN KEY (`data_element_id`) REFERENCES `data_element` (`id`)
) ENGINE=InnoDB DEFAULT CHARSET=latin1;
/*!40101 SET character_set_client = @saved_cs_client */;

--
-- Dumping data for table `data_element_abs_data`
--

LOCK TABLES `data_element_abs_data` WRITE;
/*!40000 ALTER TABLE `data_element_abs_data` DISABLE KEYS */;
/*!40000 ALTER TABLE `data_element_abs_data` ENABLE KEYS */;
UNLOCK TABLES;

--
-- Table structure for table `data_element_acorn_sat_data`
--

DROP TABLE IF EXISTS `data_element_acorn_sat_data`;
/*!40101 SET @saved_cs_client     = @@character_set_client */;
/*!40101 SET character_set_client = utf8 */;
CREATE TABLE `data_element_acorn_sat_data` (
  `data_element_id` int(11) NOT NULL,
  `acorn_sat_data_id` int(11) NOT NULL,
  KEY `FK11EB58316ACE14B7` (`data_element_id`),
  KEY `FK11EB5831EC94D333` (`acorn_sat_data_id`),
  CONSTRAINT `FK11EB5831EC94D333` FOREIGN KEY (`acorn_sat_data_id`) REFERENCES `acorn_sat_data` (`id`),
  CONSTRAINT `FK11EB58316ACE14B7` FOREIGN KEY (`data_element_id`) REFERENCES `data_element` (`id`)
) ENGINE=InnoDB DEFAULT CHARSET=latin1;
/*!40101 SET character_set_client = @saved_cs_client */;

--
-- Dumping data for table `data_element_acorn_sat_data`
--

LOCK TABLES `data_element_acorn_sat_data` WRITE;
/*!40000 ALTER TABLE `data_element_acorn_sat_data` DISABLE KEYS */;
/*!40000 ALTER TABLE `data_element_acorn_sat_data` ENABLE KEYS */;
UNLOCK TABLES;

--
-- Table structure for table `data_element_bitre_data`
--

DROP TABLE IF EXISTS `data_element_bitre_data`;
/*!40101 SET @saved_cs_client     = @@character_set_client */;
/*!40101 SET character_set_client = utf8 */;
CREATE TABLE `data_element_bitre_data` (
  `data_element_id` int(11) NOT NULL,
  `bitre_data_id` int(11) NOT NULL,
  KEY `FK92C34061525894B0` (`bitre_data_id`),
  KEY `FK92C34061ED5D362C` (`data_element_id`),
  CONSTRAINT `FK92C34061ED5D362C` FOREIGN KEY (`data_element_id`) REFERENCES `data_element` (`id`),
  CONSTRAINT `FK92C34061525894B0` FOREIGN KEY (`bitre_data_id`) REFERENCES `bitre_data` (`id`)
) ENGINE=InnoDB DEFAULT CHARSET=latin1;
/*!40101 SET character_set_client = @saved_cs_client */;

--
-- Dumping data for table `data_element_bitre_data`
--

LOCK TABLES `data_element_bitre_data` WRITE;
/*!40000 ALTER TABLE `data_element_bitre_data` DISABLE KEYS */;
/*!40000 ALTER TABLE `data_element_bitre_data` ENABLE KEYS */;
UNLOCK TABLES;

--
-- Table structure for table `data_element_cmar_data`
--

DROP TABLE IF EXISTS `data_element_cmar_data`;
/*!40101 SET @saved_cs_client     = @@character_set_client */;
/*!40101 SET character_set_client = utf8 */;
CREATE TABLE `data_element_cmar_data` (
  `data_element_id` int(11) NOT NULL,
  `cmar_data_id` int(11) NOT NULL,
  KEY `FKAE352C76719E52B5` (`data_element_id`),
  KEY `FKAE352C76CB8CE91C` (`cmar_data_id`),
  CONSTRAINT `FKAE352C76CB8CE91C` FOREIGN KEY (`cmar_data_id`) REFERENCES `cmar_data` (`id`),
  CONSTRAINT `FKAE352C76719E52B5` FOREIGN KEY (`data_element_id`) REFERENCES `data_element` (`id`)
) ENGINE=InnoDB DEFAULT CHARSET=latin1;
/*!40101 SET character_set_client = @saved_cs_client */;

--
-- Dumping data for table `data_element_cmar_data`
--

LOCK TABLES `data_element_cmar_data` WRITE;
/*!40000 ALTER TABLE `data_element_cmar_data` DISABLE KEYS */;
/*!40000 ALTER TABLE `data_element_cmar_data` ENABLE KEYS */;
UNLOCK TABLES;

--
-- Table structure for table `data_element_csiro_data`
--

DROP TABLE IF EXISTS `data_element_csiro_data`;
/*!40101 SET @saved_cs_client     = @@character_set_client */;
/*!40101 SET character_set_client = utf8 */;
CREATE TABLE `data_element_csiro_data` (
  `data_element_id` int(11) NOT NULL,
  `csiro_data_id` int(11) NOT NULL,
  KEY `FKEC1C902BED6FB022` (`data_element_id`),
  KEY `FKEC1C902B505D479C` (`csiro_data_id`),
  CONSTRAINT `FKEC1C902B505D479C` FOREIGN KEY (`csiro_data_id`) REFERENCES `csiro_data` (`id`),
  CONSTRAINT `FKEC1C902BED6FB022` FOREIGN KEY (`data_element_id`) REFERENCES `data_element` (`id`)
) ENGINE=InnoDB DEFAULT CHARSET=latin1;
/*!40101 SET character_set_client = @saved_cs_client */;

--
-- Dumping data for table `data_element_csiro_data`
--

LOCK TABLES `data_element_csiro_data` WRITE;
/*!40000 ALTER TABLE `data_element_csiro_data` DISABLE KEYS */;
/*!40000 ALTER TABLE `data_element_csiro_data` ENABLE KEYS */;
UNLOCK TABLES;

--
-- Table structure for table `data_element_engineering_model_data`
--

DROP TABLE IF EXISTS `data_element_engineering_model_data`;
/*!40101 SET @saved_cs_client     = @@character_set_client */;
/*!40101 SET character_set_client = utf8 */;
CREATE TABLE `data_element_engineering_model_data` (
  `data_element_id` int(11) NOT NULL,
  `engineering_model_data_id` int(11) NOT NULL,
  KEY `FK610A3B8437160FB9` (`engineering_model_data_id`),
  KEY `FK610A3B84354219F0` (`data_element_id`),
  CONSTRAINT `FK610A3B84354219F0` FOREIGN KEY (`data_element_id`) REFERENCES `data_element` (`id`),
  CONSTRAINT `FK610A3B8437160FB9` FOREIGN KEY (`engineering_model_data_id`) REFERENCES `engineering_model_data` (`id`)
) ENGINE=InnoDB DEFAULT CHARSET=latin1;
/*!40101 SET character_set_client = @saved_cs_client */;

--
-- Dumping data for table `data_element_engineering_model_data`
--

LOCK TABLES `data_element_engineering_model_data` WRITE;
/*!40000 ALTER TABLE `data_element_engineering_model_data` DISABLE KEYS */;
/*!40000 ALTER TABLE `data_element_engineering_model_data` ENABLE KEYS */;
UNLOCK TABLES;

--
-- Table structure for table `data_element_past_data`
--

DROP TABLE IF EXISTS `data_element_past_data`;
/*!40101 SET @saved_cs_client     = @@character_set_client */;
/*!40101 SET character_set_client = utf8 */;
CREATE TABLE `data_element_past_data` (
  `data_element_id` int(11) NOT NULL,
  `past_data_id` int(11) NOT NULL,
  KEY `FK12BA90DF71A410AC` (`data_element_id`),
  KEY `FK12BA90DF7504AA8A` (`past_data_id`),
  CONSTRAINT `FK12BA90DF7504AA8A` FOREIGN KEY (`past_data_id`) REFERENCES `past_data` (`id`),
  CONSTRAINT `FK12BA90DF71A410AC` FOREIGN KEY (`data_element_id`) REFERENCES `data_element` (`id`)
) ENGINE=InnoDB DEFAULT CHARSET=latin1;
/*!40101 SET character_set_client = @saved_cs_client */;

--
-- Dumping data for table `data_element_past_data`
--

LOCK TABLES `data_element_past_data` WRITE;
/*!40000 ALTER TABLE `data_element_past_data` DISABLE KEYS */;
/*!40000 ALTER TABLE `data_element_past_data` ENABLE KEYS */;
UNLOCK TABLES;

--
-- Table structure for table `engineering_model_asset`
--

DROP TABLE IF EXISTS `engineering_model_asset`;
/*!40101 SET @saved_cs_client     = @@character_set_client */;
/*!40101 SET character_set_client = utf8 */;
CREATE TABLE `engineering_model_asset` (
  `id` int(11) NOT NULL AUTO_INCREMENT,
  `asset_code` varchar(255) DEFAULT NULL,
  `carbonation_class` varchar(255) DEFAULT NULL,
  `ce` double DEFAULT NULL,
  `chloride_class` varchar(255) DEFAULT NULL,
  `cover` double DEFAULT NULL,
  `dbar` double DEFAULT NULL,
  `description` varchar(255) DEFAULT NULL,
  `distance_from_coast` double DEFAULT NULL,
  `dmember` double DEFAULT NULL,
  `exposure_class` varchar(255) DEFAULT NULL,
  `fprimec` double DEFAULT NULL,
  `wc` double DEFAULT NULL,
  `year_built` int(11) NOT NULL,
  `zone` varchar(255) DEFAULT NULL,
  PRIMARY KEY (`id`)
) ENGINE=InnoDB AUTO_INCREMENT=3 DEFAULT CHARSET=latin1;
/*!40101 SET character_set_client = @saved_cs_client */;

--
-- Dumping data for table `engineering_model_asset`
--

LOCK TABLES `engineering_model_asset` WRITE;
/*!40000 ALTER TABLE `engineering_model_asset` DISABLE KEYS */;
INSERT INTO `engineering_model_asset` VALUES (1,'042D','CB2',290,'CL3',70,14,'Pile No 2 @ Berth 09',0.4,1400,'C1',80,0.33,1902,'tidal'),(2,'054F','CB4',270,'CL2',60,16,'Pile No 78 @ Berth 42',2,1600,'B2',60,0.6,2000,'atmospheric');
/*!40000 ALTER TABLE `engineering_model_asset` ENABLE KEYS */;
UNLOCK TABLES;

--
-- Table structure for table `engineering_model_data`
--

DROP TABLE IF EXISTS `engineering_model_data`;
/*!40101 SET @saved_cs_client     = @@character_set_client */;
/*!40101 SET character_set_client = utf8 */;
CREATE TABLE `engineering_model_data` (
  `id` int(11) NOT NULL AUTO_INCREMENT,
  `data` text,
  `engineering_model_asset_id` int(11) DEFAULT NULL,
  `climate_params_id` int(11) DEFAULT NULL,
  `engineering_model_variable_id` int(11) DEFAULT NULL,
  PRIMARY KEY (`id`),
  KEY `FK4C7EABAC201EEBA` (`climate_params_id`),
  KEY `FK4C7EABACD1BF0EF9` (`engineering_model_variable_id`),
  KEY `FK4C7EABAC2AA35D5B` (`engineering_model_asset_id`),
  CONSTRAINT `FK4C7EABAC2AA35D5B` FOREIGN KEY (`engineering_model_asset_id`) REFERENCES `engineering_model_asset` (`id`),
  CONSTRAINT `FK4C7EABAC201EEBA` FOREIGN KEY (`climate_params_id`) REFERENCES `climate_params` (`id`),
  CONSTRAINT `FK4C7EABACD1BF0EF9` FOREIGN KEY (`engineering_model_variable_id`) REFERENCES `engineering_model_variable` (`id`)
) ENGINE=InnoDB AUTO_INCREMENT=225 DEFAULT CHARSET=latin1;
/*!40101 SET character_set_client = @saved_cs_client */;

--
-- Dumping data for table `engineering_model_data`
--

LOCK TABLES `engineering_model_data` WRITE;
/*!40000 ALTER TABLE `engineering_model_data` DISABLE KEYS */;
INSERT INTO `engineering_model_data` VALUES (1,'2065,0.58034945;2032,0.5635755;2064,0.57995474;2033,0.56426835;2067,0.5811257;2034,0.56494176;2066,0.58073974;2035,0.56559706;2069,0.5818852;2036,0.56623554;2068,0.5815075;2037,0.5668583;2038,0.5674663;2070,0.582259;2039,0.56806046;2040,0.5686416;2041,0.56921047;2042,0.5697678;2043,0.570314;2044,0.5708498;2045,0.57137567;2046,0.5718921;2047,0.5723995;2048,0.5728983;2017,0.5486281;2049,0.5733889;2016,0.54690844;2050,0.5738716;2019,0.5515309;2051,0.5743468;2018,0.55015224;2052,0.57481474;2021,0.55396986;2053,0.5752757;2020,0.5527961;2054,0.57573;2023,0.5561021;2055,0.57617795;2022,0.55506796;2056,0.5766196;2025,0.5580131;2057,0.5770554;2024,0.55708146;2058,0.5774853;2027,0.5597552;2059,0.57790977;2026,0.55890274;2060,0.57832885;2029,0.5613632;2061,0.5787427;2028,0.56057423;2062,0.5791515;2031,0.5628616;2063,0.5795555;2030,0.56212485;2002,0.0;2003,0.0;2000,0.0;2001,0.0;2006,0.0;2007,0.0;2004,0.0;2005,0.0;2010,0.0;2011,0.0;2008,0.0;2009,0.0;2014,0.5424517;2015,0.5449071;2012,0.0;2013,0.5390782',1,19,1),(2,'2065,0.5943125;2032,0.56808805;2064,0.59355104;2033,0.568988;2067,0.59583616;2034,0.5698735;2066,0.5950742;2035,0.57074565;2069,0.5973611;2036,0.5716055;2068,0.59659845;2037,0.572454;2038,0.57329184;2070,0.5981241;2039,0.5741199;2040,0.57493883;2041,0.5757518;2042,0.5765591;2043,0.5773612;2044,0.57815844;2045,0.578951;2046,0.5797393;2047,0.5805235;2048,0.5813039;2017,0.5503608;2049,0.5820807;2016,0.54844564;2050,0.5828541;2019,0.5536318;2051,0.58362573;2018,0.5520718;2052,0.5843956;2021,0.55642664;2053,0.58516383;2020,0.5550747;2054,0.58593065;2023,0.55891776;2055,0.58669597;2022,0.5577036;2056,0.5874602;2025,0.5611924;2057,0.5882234;2024,0.56007826;2058,0.5889856;2027,0.5633039;2059,0.5897469;2026,0.56226605;2060,0.5905074;2029,0.56528753;2061,0.59126806;2028,0.56430995;2062,0.59202886;2031,0.56717235;2063,0.5927898;2030,0.5662394;2002,0.0;2003,0.0;2000,0.0;2001,0.0;2006,0.0;2007,0.0;2004,0.0;2005,0.0;2010,0.0;2011,0.0;2008,0.0;2009,0.0;2014,0.54354423;2015,0.5462347;2012,0.0;2013,0.53987825',1,4,1),(3,'2065,0.59442705;2032,0.5680889;2064,0.5936593;2033,0.56898963;2067,0.5959641;2034,0.5698761;2066,0.59519535;2035,0.57074946;2069,0.5975032;2036,0.57161075;2068,0.59673333;2037,0.5724608;2038,0.5733005;2070,0.5982735;2039,0.5741305;2040,0.5749515;2041,0.57576674;2042,0.5765765;2043,0.57738113;2044,0.578181;2045,0.5789765;2046,0.57976776;2047,0.5805551;2048,0.5813387;2017,0.5503608;2049,0.58211887;2016,0.54844564;2050,0.5828958;2019,0.5536318;2051,0.583671;2018,0.5520718;2052,0.58444464;2021,0.55642664;2053,0.58521676;2020,0.5550747;2054,0.5859875;2023,0.55891776;2055,0.58675694;2022,0.5577036;2056,0.58752555;2025,0.5611924;2057,0.58829325;2024,0.56007826;2058,0.5890603;2027,0.5633039;2059,0.58982664;2026,0.56226605;2060,0.5905924;2029,0.56528753;2061,0.59135854;2028,0.56430995;2062,0.59212506;2031,0.56717265;2063,0.59289193;2030,0.5662394;2002,0.0;2003,0.0;2000,0.0;2001,0.0;2006,0.0;2007,0.0;2004,0.0;2005,0.0;2010,0.0;2011,0.0;2008,0.0;2009,0.0;2014,0.54354423;2015,0.5462347;2012,0.0;2013,0.53987825',1,2,1),(4,'2065,0.5929444;2032,0.56767565;2064,0.5922224;2033,0.5685557;2067,0.59438694;2034,0.56942064;2066,0.5936659;2035,0.57027173;2069,0.59582776;2036,0.5711099;2068,0.59510756;2037,0.5719361;2038,0.57275116;2070,0.59654754;2039,0.57355595;2040,0.574351;2041,0.5751395;2042,0.5759219;2043,0.57669854;2044,0.57746977;2045,0.5782358;2046,0.578997;2047,0.5797537;2048,0.580506;2017,0.5502092;2049,0.5812543;2016,0.54831195;2050,0.58199865;2019,0.5534459;2051,0.58274066;2018,0.5519029;2052,0.5834805;2021,0.5562072;2053,0.58421814;2020,0.55487204;2054,0.5849538;2023,0.55866474;2055,0.5856875;2022,0.55746746;2056,0.58641934;2025,0.56090546;2057,0.58714926;2024,0.5598084;2058,0.58787745;2027,0.5629824;2059,0.588604;2026,0.5619619;2060,0.5893289;2029,0.5649308;2061,0.59005314;2028,0.5639709;2062,0.5907768;2031,0.5667792;2063,0.59149987;2030,0.5658648;2002,0.0;2003,0.0;2000,0.0;2001,0.0;2006,0.0;2007,0.0;2004,0.0;2005,0.0;2010,0.0;2011,0.0;2008,0.0;2009,0.0;2014,0.5434504;2015,0.54612005;2012,0.0;2013,0.53981',1,6,1),(5,'2065,0.59232193;2032,0.5681306;2064,0.5916734;2033,0.56901443;2067,0.59361;2034,0.569881;2066,0.59296745;2035,0.5707317;2069,0.59488666;2036,0.5715676;2068,0.5942497;2037,0.5723899;2038,0.57319945;2070,0.595521;2039,0.57399714;2040,0.57478374;2041,0.5755606;2042,0.5763284;2043,0.5770875;2044,0.5778386;2045,0.578582;2046,0.5793182;2047,0.5800476;2048,0.58077055;2017,0.5504285;2049,0.58148736;2016,0.5485064;2050,0.5821983;2019,0.5537122;2051,0.58290386;2018,0.552146;2052,0.5836042;2021,0.55651665;2053,0.5842996;2020,0.55516106;2054,0.5849903;2023,0.55900997;2055,0.58567655;2022,0.5577955;2056,0.5863584;2025,0.56128156;2057,0.587036;2024,0.5601695;2058,0.5877096;2027,0.5633859;2059,0.5883794;2026,0.56235206;2060,0.58904546;2029,0.5653592;2061,0.58970773;2028,0.56438714;2062,0.59036636;2031,0.56722796;2063,0.59102154;2030,0.5663048;2002,0.0;2003,0.0;2000,0.0;2001,0.0;2006,0.0;2007,0.0;2004,0.0;2005,0.0;2010,0.0;2011,0.0;2008,0.0;2009,0.0;2014,0.54358846;2015,0.54628783;2012,0.0;2013,0.53991103',1,3,1),(6,'2065,0.59253734;2032,0.5682333;2064,0.59188366;2033,0.5691212;2067,0.59383625;2034,0.5699916;2066,0.59318817;2035,0.570846;2069,0.59512454;2036,0.5716856;2068,0.59448165;2037,0.5725114;2038,0.5733244;2070,0.59576494;2039,0.57412547;2040,0.5749154;2041,0.5756955;2042,0.5764664;2043,0.57722867;2044,0.5779828;2045,0.57872915;2046,0.5794683;2047,0.5802006;2048,0.5809264;2017,0.55046666;2049,0.581646;2016,0.54854;2050,0.58235985;2019,0.553759;2051,0.58306813;2018,0.5521885;2052,0.58377117;2021,0.5565719;2053,0.5844693;2020,0.5552121;2054,0.5851627;2023,0.5590737;2055,0.58585155;2022,0.557855;2056,0.5865363;2025,0.5613538;2057,0.5872171;2024,0.56023747;2058,0.58789414;2027,0.56346685;2059,0.5885676;2026,0.5624286;2060,0.58923763;2029,0.56544894;2061,0.58990407;2028,0.5644725;2062,0.5905672;2031,0.56732655;2063,0.59122694;2030,0.5663991;2002,0.0;2003,0.0;2000,0.0;2001,0.0;2006,0.0;2007,0.0;2004,0.0;2005,0.0;2010,0.0;2011,0.0;2008,0.0;2009,0.0;2014,0.543612;2015,0.5463167;2012,0.0;2013,0.5399282',1,1,1),(7,'2065,0.5912121;2032,0.5677194;2064,0.5905883;2033,0.56858504;2067,0.5924499;2034,0.5694333;2066,0.59183264;2035,0.5702655;2069,0.5936753;2036,0.5710828;2068,0.5930641;2037,0.57188624;2038,0.57267684;2070,0.59428364;2039,0.5734554;2040,0.57422274;2041,0.57498014;2042,0.5757282;2043,0.5764675;2044,0.5771985;2045,0.5779217;2046,0.5786375;2047,0.57934624;2048,0.5800484;2017,0.55027646;2049,0.58074415;2016,0.54837227;2050,0.5814339;2019,0.5535257;2051,0.58211803;2018,0.55197656;2052,0.5827968;2021,0.5562965;2053,0.5834704;2020,0.5549577;2054,0.5841391;2023,0.55875623;2055,0.5848031;2022,0.5575586;2056,0.58546245;2025,0.5609938;2057,0.5861173;2024,0.5598988;2058,0.5867679;2027,0.5630637;2059,0.5874144;2026,0.5620471;2060,0.588057;2029,0.5650018;2061,0.58869547;2028,0.5640474;2062,0.5893301;2031,0.5668348;2063,0.589961;2030,0.5659296;2002,0.0;2003,0.0;2000,0.0;2001,0.0;2006,0.0;2007,0.0;2004,0.0;2005,0.0;2010,0.0;2011,0.0;2008,0.0;2009,0.0;2014,0.54349434;2015,0.54617274;2012,0.0;2013,0.5398426',1,5,1),(8,'2065,0.33004755;2032,0.047091953;2064,0.32068795;2033,0.053371828;2067,0.34873897;2034,0.059944246;2066,0.33939868;2035,0.06678815;2069,0.36737818;2036,0.07388341;2068,0.35806614;2037,0.08121083;2038,0.08875226;2070,0.3766731;2039,0.09649056;2040,0.10440958;2041,0.11249418;2042,0.12073014;2043,0.12910417;2044,0.13760385;2045,0.14621754;2046,0.15493444;2047,0.16374442;2048,0.17263807;2017,1.8039909E-4;2049,0.18160659;2016,4.4145036E-5;2050,0.19064182;2019,0.0010866161;2051,0.19973613;2018,4.991671E-4;2052,0.20888244;2021,0.0033453268;2053,0.2180741;2020,0.00201662;2054,0.227305;2023,0.007334974;2055,0.2365694;2022,0.005110778;2056,0.24586196;2025,0.013184845;2057,0.25517774;2024,0.010026779;2058,0.2645121;2027,0.020858461;2059,0.27386075;2026,0.016800214;2060,0.28321972;2029,0.030228496;2061,0.29258525;2028,0.025341416;2062,0.3019539;2031,0.04112644;2063,0.31132248;2030,0.035497714;2002,0.0;2003,0.0;2000,0.0;2001,0.0;2006,0.0;2007,0.0;2004,0.0;2005,0.0;2010,0.0;2011,0.0;2008,0.0;2009,0.0;2014,1.3198445E-7;2015,5.302803E-6;2012,0.0;2013,1.8211798E-11',1,19,2),(9,'2065,0.4234422;2032,0.058219228;2064,0.41079727;2033,0.06594331;2067,0.44881022;2034,0.07404485;2066,0.43611437;2035,0.082501024;2069,0.47425982;2036,0.091289766;2068,0.4615264;2037,0.10038994;2038,0.10978136;2070,0.48700756;2039,0.11944482;2040,0.12936209;2041,0.13951597;2042,0.14989017;2043,0.16046932;2044,0.171239;2045,0.18218558;2046,0.19329624;2047,0.204559;2048,0.2159625;2017,2.488008E-4;2049,0.22749618;2016,6.300536E-5;2050,0.23915002;2019,0.0014377302;2051,0.25091466;2018,6.7218434E-4;2052,0.26278135;2021,0.0043210676;2053,0.2747418;2020,0.0026325597;2054,0.28678828;2023,0.009328847;2055,0.29891348;2022,0.00654546;2056,0.31111535;2025,0.01659223;2057,0.32338753;2024,0.01267905;2058,0.33572397;2027,0.02605203;2059,0.34811902;2026,0.021056019;2060,0.36056736;2029,0.037548576;2061,0.37306392;2028,0.031557858;2062,0.38560405;2031,0.050896116;2063,0.39818323;2030,0.043997888;2002,0.0;2003,0.0;2000,0.0;2001,0.0;2006,0.0;2007,0.0;2004,0.0;2005,0.0;2010,0.0;2011,0.0;2008,0.0;2009,0.0;2014,2.1884321E-7;2015,7.98382E-6;2012,0.0;2013,3.8419566E-11',1,4,2),(10,'2065,0.42664713;2032,0.058228802;2064,0.4138046;2033,0.065963365;2067,0.45243025;2034,0.07407971;2066,0.43952355;2035,0.082555264;2069,0.47832084;2036,0.09136825;2068,0.46536377;2037,0.10049772;2038,0.109923646;2070,0.49129838;2039,0.11962695;2040,0.12958948;2041,0.1397941;2042,0.15022454;2043,0.16086547;2044,0.17170241;2045,0.18272175;2046,0.19391063;2047,0.20525697;2048,0.2167494;2017,2.488008E-4;2049,0.22837725;2016,6.300536E-5;2050,0.24013044;2019,0.0014377302;2051,0.25199956;2018,6.7218434E-4;2052,0.26397568;2021,0.0043210676;2053,0.2760505;2020,0.0026325597;2054,0.28821614;2023,0.009328847;2055,0.30046523;2022,0.00654546;2056,0.3127988;2025,0.01659223;2057,0.32521042;2024,0.01267905;2058,0.33769396;2027,0.02605203;2059,0.3502437;2026,0.021056019;2060,0.3628541;2029,0.037548576;2061,0.3755201;2028,0.031557858;2062,0.38823688;2031,0.050899144;2063,0.4009998;2030,0.043997888;2002,0.0;2003,0.0;2000,0.0;2001,0.0;2006,0.0;2007,0.0;2004,0.0;2005,0.0;2010,0.0;2011,0.0;2008,0.0;2009,0.0;2014,2.1884321E-7;2015,7.98382E-6;2012,0.0;2013,3.8419566E-11',1,2,2),(11,'2065,0.38588884;2032,0.05356114;2064,0.37457517;2033,0.060688764;2067,0.40854043;2034,0.0681609;2066,0.3972116;2035,0.075955614;2069,0.43120497;2036,0.08405179;2068,0.4198724;2037,0.092429206;2038,0.101068616;2070,0.4425356;2039,0.109951735;2040,0.11906127;2041,0.1283809;2042,0.13789521;2043,0.14758973;2044,0.15745085;2045,0.16746579;2046,0.17762256;2047,0.1879099;2048,0.19831726;2017,2.1908937E-4;2049,0.20883477;2016,5.4732074E-5;2050,0.21945317;2019,0.0012870784;2051,0.23016378;2018,5.97556E-4;2052,0.2409585;2021,0.003905512;2053,0.2518297;2020,0.0023693666;2054,0.26277027;2023,0.008483947;2055,0.27377352;2022,0.0059361174;2056,0.28483018;2025,0.015153628;2057,0.29593438;2024,0.011557357;2058,0.30708063;2027,0.023865398;2059,0.3182638;2026,0.019261869;2060,0.32947904;2029,0.03447341;2061,0.34072188;2028,0.028943608;2062,0.3519881;2031,0.04680064;2063,0.36327377;2030,0.040430322;2002,0.0;2003,0.0;2000,0.0;2001,0.0;2006,0.0;2007,0.0;2004,0.0;2005,0.0;2010,0.0;2011,0.0;2008,0.0;2009,0.0;2014,1.7913338E-7;2015,6.789982E-6;2012,0.0;2013,2.8585783E-11',1,6,2),(12,'2065,0.40804964;2032,0.058171365;2064,0.39629772;2033,0.06584305;2067,0.43155658;2034,0.07387078;2066,0.4198036;2035,0.0822302;2069,0.45504898;2036,0.090898074;2068,0.4433059;2037,0.09985227;2038,0.109071866;2070,0.4667834;2039,0.118537076;2040,0.12822929;2041,0.13813102;2042,0.14822587;2043,0.15849847;2044,0.1689344;2045,0.17952026;2046,0.19024344;2047,0.2010922;2048,0.21205558;2017,2.488008E-4;2049,0.2231233;2016,6.300536E-5;2050,0.23428582;2019,0.0014377302;2051,0.2455342;2018,6.7218434E-4;2052,0.25686008;2021,0.0043210676;2053,0.2682557;2020,0.0026325597;2054,0.27971384;2023,0.009328847;2055,0.29122764;2022,0.00654546;2056,0.30278763;2025,0.01659223;2057,0.31438795;2024,0.01267905;2058,0.326023;2027,0.02605203;2059,0.3376877;2026,0.021056019;2060,0.34937716;2029,0.037548576;2061,0.36108693;2028,0.031557858;2062,0.37281287;2031,0.050880972;2063,0.384551;2030,0.043997888;2002,0.0;2003,0.0;2000,0.0;2001,0.0;2006,0.0;2007,0.0;2004,0.0;2005,0.0;2010,0.0;2011,0.0;2008,0.0;2009,0.0;2014,2.1884321E-7;2015,7.98382E-6;2012,0.0;2013,3.8419566E-11',1,3,2),(13,'2065,0.414133;2032,0.059368636;2064,0.40219286;2033,0.0671805;2067,0.4380334;2034,0.07535115;2066,0.42608085;2035,0.08385566;2069,0.46194142;2036,0.09267022;2068,0.4499878;2037,0.10177223;2038,0.11114032;2070,0.47389174;2039,0.12075434;2040,0.13059534;2041,0.14064556;2042,0.15088834;2043,0.1613081;2044,0.17189023;2045,0.18262114;2046,0.1934881;2047,0.20447926;2048,0.21558352;2017,2.5676322E-4;2049,0.22679056;2016,6.524172E-5;2050,0.23809074;2019,0.0014776754;2051,0.24947506;2018,6.9206266E-4;2052,0.26093516;2021,0.004430545;2053,0.27246317;2020,0.0027020965;2054,0.28405184;2023,0.009550467;2055,0.29569432;2022,0.0067056105;2056,0.30738902;2025,0.016968394;2057,0.3191301;2024,0.012972776;2058,0.33091193;2027,0.026622407;2059,0.3427294;2026,0.021524547;2060,0.3545777;2029,0.038349193;2061,0.36645228;2028,0.032239087;2062,0.37834892;2031,0.051941525;2063,0.39026368;2030,0.044925943;2002,0.0;2003,0.0;2000,0.0;2001,0.0;2006,0.0;2007,0.0;2004,0.0;2005,0.0;2010,0.0;2011,0.0;2008,0.0;2009,0.0;2014,2.2997988E-7;2015,8.310828E-6;2012,0.0;2013,4.134253E-11',1,1,2),(14,'2065,0.3772551;2032,0.05353415;2064,0.3664236;2033,0.06063218;2067,0.3989076;2034,0.06806256;2066,0.38808402;2035,0.0758025;2069,0.42052865;2036,0.08383018;2068,0.40972325;2037,0.09212481;2038,0.100666694;2070,0.43132153;2039,0.10943721;2040,0.118418835;2041,0.12759507;2042,0.13695043;2043,0.14647041;2044,0.15614145;2045,0.16595082;2046,0.17588665;2047,0.18593784;2048,0.19609402;2017,2.1908937E-4;2049,0.20634551;2016,5.4732074E-5;2050,0.2166833;2019,0.0012870784;2051,0.22709891;2018,5.97556E-4;2052,0.2375845;2021,0.003905512;2053,0.2481327;2020,0.0023693666;2054,0.2587367;2023,0.008483947;2055,0.26939002;2022,0.0059361174;2056,0.2800823;2025,0.015153628;2057,0.29080784;2024,0.011557357;2058,0.3015615;2027,0.023865398;2059,0.3123384;2026,0.019261869;2060,0.32313403;2029,0.03447341;2061,0.33394414;2028,0.028943608;2062,0.34476486;2031,0.04679211;2063,0.3555925;2030,0.040430322;2002,0.0;2003,0.0;2000,0.0;2001,0.0;2006,0.0;2007,0.0;2004,0.0;2005,0.0;2010,0.0;2011,0.0;2008,0.0;2009,0.0;2014,1.7913338E-7;2015,6.789982E-6;2012,0.0;2013,2.8585783E-11',1,5,2),(15,'2065,0.2829;2032,0.2829;2064,0.2829;2033,0.2829;2067,0.2829;2034,0.2829;2066,0.2829;2035,0.2829;2069,0.2829;2036,0.2829;2068,0.2829;2037,0.2829;2038,0.2829;2070,0.2829;2039,0.2829;2040,0.2829;2041,0.2829;2042,0.2829;2043,0.2829;2044,0.2829;2045,0.2829;2046,0.2829;2047,0.2829;2048,0.2829;2017,0.2829;2049,0.2829;2016,0.2829;2050,0.2829;2019,0.2829;2051,0.2829;2018,0.2829;2052,0.2829;2021,0.2829;2053,0.2829;2020,0.2829;2054,0.2829;2023,0.2829;2055,0.2829;2022,0.2829;2056,0.2829;2025,0.2829;2057,0.2829;2024,0.2829;2058,0.2829;2027,0.2829;2059,0.2829;2026,0.2829;2060,0.2829;2029,0.2829;2061,0.2829;2028,0.2829;2062,0.2829;2031,0.2829;2063,0.2829;2030,0.2829;2002,0.0;2003,0.0;2000,0.0;2001,0.0;2006,0.0;2007,0.0;2004,0.0;2005,0.0;2010,0.0;2011,0.0;2008,0.0;2009,0.0;2014,0.2829;2015,0.2829;2012,0.0;2013,0.2829',1,19,3),(16,'2065,0.29647216;2032,0.28939807;2064,0.2962356;2033,0.28956836;2067,0.29694778;2034,0.28974512;2066,0.2967096;2035,0.2899275;2069,0.2974263;2036,0.29011482;2068,0.2971867;2037,0.29030645;2038,0.29050195;2070,0.2976666;2039,0.29070082;2040,0.29090276;2041,0.29110742;2042,0.29131454;2043,0.29152387;2044,0.29173523;2045,0.2919484;2046,0.29216325;2047,0.29237962;2048,0.29259738;2017,0.2872125;2049,0.29281643;2016,0.28706875;2050,0.29303664;2019,0.2875;2051,0.29325795;2018,0.28735626;2052,0.29348028;2021,0.2877875;2053,0.29370356;2020,0.28764376;2054,0.29392767;2023,0.288075;2055,0.29415262;2022,0.28793126;2056,0.2943791;2025,0.2883625;2057,0.294607;2024,0.28821874;2058,0.29483625;2027,0.28865;2059,0.29506674;2026,0.28850624;2060,0.29529843;2029,0.2889375;2061,0.2955312;2028,0.28879374;2062,0.29576504;2031,0.2892353;2063,0.29599985;2030,0.28908125;2002,0.0;2003,0.0;2000,0.0;2001,0.0;2006,0.0;2007,0.0;2004,0.0;2005,0.0;2010,0.0;2011,0.0;2008,0.0;2009,0.0;2014,0.28678125;2015,0.286925;2012,0.0;2013,0.2866375',1,4,3),(17,'2065,0.29690614;2032,0.28940326;2064,0.29665023;2033,0.2895782;2067,0.29742137;2034,0.2897608;2066,0.2971632;2035,0.28995;2069,0.2979408;2036,0.290145;2068,0.2976806;2037,0.2903451;2038,0.29054973;2070,0.29820195;2039,0.29075834;2040,0.29097053;2041,0.29118595;2042,0.29140425;2043,0.29162517;2044,0.29184845;2045,0.29207388;2046,0.29230124;2047,0.29253042;2048,0.29276124;2017,0.2872125;2049,0.29299358;2016,0.28706875;2050,0.29322731;2019,0.2875;2051,0.2934623;2018,0.28735626;2052,0.2936985;2021,0.2877875;2053,0.2939358;2020,0.28764376;2054,0.2941741;2023,0.288075;2055,0.29441336;2022,0.28793126;2056,0.29465482;2025,0.2883625;2057,0.29489833;2024,0.28821874;2058,0.29514375;2027,0.28865;2059,0.29539096;2026,0.28850624;2060,0.29563984;2029,0.2889375;2061,0.2958903;2028,0.28879374;2062,0.29614225;2031,0.2892371;2063,0.2963956;2030,0.28908125;2002,0.0;2003,0.0;2000,0.0;2001,0.0;2006,0.0;2007,0.0;2004,0.0;2005,0.0;2010,0.0;2011,0.0;2008,0.0;2009,0.0;2014,0.28678125;2015,0.286925;2012,0.0;2013,0.2866375',1,2,3),(18,'2065,0.291244;2032,0.28680196;2064,0.29110038;2033,0.28690693;2067,0.29153126;2034,0.28701648;2066,0.29138765;2035,0.28713;2069,0.29181856;2036,0.287247;2068,0.2916749;2037,0.28736705;2038,0.28748983;2070,0.2919622;2039,0.287615;2040,0.28774232;2041,0.28787157;2042,0.28800255;2043,0.2881351;2044,0.28826907;2045,0.28840432;2046,0.28854075;2047,0.28867826;2048,0.28881675;2017,0.2854875;2049,0.28895614;2016,0.28540125;2050,0.2890964;2019,0.28566;2051,0.28923738;2018,0.28557375;2052,0.2893791;2021,0.2858325;2053,0.2895215;2020,0.28574625;2054,0.28966448;2023,0.286005;2055,0.28980803;2022,0.28591874;2056,0.2899516;2025,0.2861775;2057,0.29009518;2024,0.28609124;2058,0.29023874;2027,0.28635;2059,0.29038233;2026,0.28626376;2060,0.29052594;2029,0.2865225;2061,0.29066953;2028,0.28643626;2062,0.29081315;2031,0.28670228;2063,0.29095677;2030,0.28660876;2002,0.0;2003,0.0;2000,0.0;2001,0.0;2006,0.0;2007,0.0;2004,0.0;2005,0.0;2010,0.0;2011,0.0;2008,0.0;2009,0.0;2014,0.28522876;2015,0.285315;2012,0.0;2013,0.2851425',1,6,3),(19,'2065,0.29436204;2032,0.2893722;2064,0.294212;2033,0.28951907;2067,0.29466137;2034,0.2896667;2066,0.2945118;2035,0.289815;2069,0.29495987;2036,0.28996387;2068,0.2948107;2037,0.29011327;2038,0.2902631;2070,0.29510882;2039,0.29041332;2040,0.29056394;2041,0.29071483;2042,0.29086605;2043,0.2910175;2044,0.29116923;2045,0.29132113;2046,0.29147324;2047,0.29162553;2048,0.291778;2017,0.2872125;2049,0.29193062;2016,0.28706875;2050,0.29208335;2019,0.2875;2051,0.29223624;2018,0.28735626;2052,0.2923892;2021,0.2877875;2053,0.29254234;2020,0.28764376;2054,0.29269552;2023,0.288075;2055,0.29284883;2022,0.28793126;2056,0.2930017;2025,0.2883625;2057,0.29315418;2024,0.28821874;2058,0.29330626;2027,0.28865;2059,0.29345798;2026,0.28850624;2060,0.29360938;2029,0.2889375;2061,0.29376045;2028,0.28879374;2062,0.29391125;2031,0.2892262;2063,0.29406175;2030,0.28908125;2002,0.0;2003,0.0;2000,0.0;2001,0.0;2006,0.0;2007,0.0;2004,0.0;2005,0.0;2010,0.0;2011,0.0;2008,0.0;2009,0.0;2014,0.28678125;2015,0.286925;2012,0.0;2013,0.2866375',1,3,3),(20,'2065,0.2952012;2032,0.29001477;2064,0.29503968;2033,0.2901721;2067,0.29552543;2034,0.29032925;2066,0.29536313;2035,0.29048625;2069,0.2958511;2036,0.2906431;2068,0.2956881;2037,0.2907998;2038,0.2909564;2070,0.29601446;2039,0.29111293;2040,0.29126933;2041,0.29142568;2042,0.29158193;2043,0.29173812;2044,0.29189426;2045,0.29205033;2046,0.29220638;2047,0.29236236;2048,0.29251832;2017,0.28764376;2049,0.2926742;2016,0.28748563;2050,0.2928301;2019,0.28796;2051,0.29298595;2018,0.28780186;2052,0.29314175;2021,0.28827626;2053,0.29329753;2020,0.28811812;2054,0.2934533;2023,0.2885925;2055,0.29360905;2022,0.2884344;2056,0.29376554;2025,0.28890875;2057,0.29392275;2024,0.28875062;2058,0.29408062;2027,0.289225;2059,0.29423913;2026,0.28906688;2060,0.2943982;2029,0.28954124;2061,0.29455784;2028,0.2893831;2062,0.29471797;2031,0.2898572;2063,0.2948786;2030,0.28969938;2002,0.0;2003,0.0;2000,0.0;2001,0.0;2006,0.0;2007,0.0;2004,0.0;2005,0.0;2010,0.0;2011,0.0;2008,0.0;2009,0.0;2014,0.28716937;2015,0.2873275;2012,0.0;2013,0.28701124',1,1,3),(21,'2065,0.29000178;2032,0.28678644;2064,0.28990614;2033,0.28687736;2067,0.29019204;2034,0.28696942;2066,0.2900971;2035,0.2870625;2069,0.29038104;2036,0.28715643;2068,0.2902867;2037,0.28725114;2038,0.2873465;2070,0.29047513;2039,0.2874425;2040,0.287539;2041,0.287636;2042,0.28773344;2043,0.28783128;2044,0.28792945;2045,0.28802794;2046,0.28812674;2047,0.2882258;2048,0.28832513;2017,0.2854875;2049,0.28842467;2016,0.28540125;2050,0.28852442;2019,0.28566;2051,0.28862435;2018,0.28557375;2052,0.28872445;2021,0.2858325;2053,0.28882474;2020,0.28574625;2054,0.28892517;2023,0.286005;2055,0.28902575;2022,0.28591874;2056,0.28912568;2025,0.2861775;2057,0.289225;2024,0.28609124;2058,0.28932375;2027,0.28635;2059,0.28942198;2026,0.28626376;2060,0.2895197;2029,0.2865225;2061,0.28961694;2028,0.28643626;2062,0.28971374;2031,0.28669682;2063,0.28981015;2030,0.28660876;2002,0.0;2003,0.0;2000,0.0;2001,0.0;2006,0.0;2007,0.0;2004,0.0;2005,0.0;2010,0.0;2011,0.0;2008,0.0;2009,0.0;2014,0.28522876;2015,0.285315;2012,0.0;2013,0.2851425',1,5,3),(22,'2065,3.6504557;2032,3.6506674;2064,3.650458;2033,3.6506512;2067,3.650451;2034,3.6506364;2066,3.6504533;2035,3.650623;2069,3.6504467;2036,3.6506107;2068,3.6504488;2037,3.6505995;2038,3.650589;2070,3.6504447;2039,3.6505792;2040,3.6505702;2041,3.6505618;2042,3.650554;2043,3.6505468;2044,3.6505399;2045,3.6505334;2046,3.6505275;2047,3.6505218;2048,3.6505163;2017,3.6516864;2049,3.6505113;2016,3.6520257;2050,3.6505063;2019,3.6512983;2051,3.6505017;2018,3.6514602;2052,3.6504974;2021,3.6510828;2053,3.6504931;2020,3.651177;2054,3.6504893;2023,3.6509454;2055,3.6504855;2022,3.6510072;2056,3.650482;2025,3.6508503;2057,3.6504786;2024,3.650894;2058,3.6504753;2027,3.6507807;2059,3.6504722;2026,3.650813;2060,3.650469;2029,3.6507273;2061,3.6504662;2028,3.6507523;2062,3.6504633;2031,3.6506853;2063,3.6504607;2030,3.650705;2002,0.0;2003,0.0;2000,0.0;2001,0.0;2006,0.0;2007,0.0;2004,0.0;2005,0.0;2010,0.0;2011,0.0;2008,0.0;2009,0.0;2014,3.6537206;2015,3.652591;2012,0.0;2013,3.6570992',1,19,4),(23,'2065,3.483342;2032,3.5686963;2064,3.4861262;2033,3.5665817;2067,3.4777584;2034,3.5643916;2066,3.4805524;2035,3.5621362;2069,3.4721587;2036,3.5598242;2068,3.4749603;2037,3.5574632;2038,3.5550592;2070,3.469354;2039,3.5526175;2040,3.5501428;2041,3.5476387;2042,3.5451088;2043,3.542556;2044,3.5399828;2045,3.537392;2046,3.5347848;2047,3.5321634;2048,3.5295296;2017,3.5968564;2049,3.5268843;2016,3.5989919;2050,3.524229;2019,3.5928776;2051,3.521565;2018,3.594834;2052,3.518893;2021,3.5890763;2053,3.5162141;2020,3.5909626;2054,3.513529;2023,3.5853596;2055,3.5108385;2022,3.5872102;2056,3.5081341;2025,3.5816917;2057,3.5054169;2024,3.583521;2058,3.5026882;2027,3.5780559;2059,3.4999487;2026,3.5798705;2060,3.4972;2029,3.5744436;2061,3.4944425;2028,3.5762472;2062,3.4916773;2031,3.570722;2063,3.488905;2030,3.5726442;2002,0.0;2003,0.0;2000,0.0;2001,0.0;2006,0.0;2007,0.0;2004,0.0;2005,0.0;2010,0.0;2011,0.0;2008,0.0;2009,0.0;2014,3.6042717;2015,3.6013525;2012,0.0;2013,3.6094139',1,4,4),(24,'2065,3.4782505;2032,3.5686324;2064,3.4812531;2033,3.5664604;2067,3.4722207;2034,3.5641987;2066,3.4752395;2035,3.5618598;2069,3.4661632;2036,3.559454;2068,3.469195;2037,3.55699;2038,3.5544748;2070,3.4631257;2039,3.551915;2040,3.549316;2041,3.546682;2042,3.5440176;2043,3.5413258;2044,3.5386097;2045,3.5358725;2046,3.5331159;2047,3.5303423;2048,3.5275538;2017,3.5968564;2049,3.5247517;2016,3.5989919;2050,3.5219376;2019,3.5928776;2051,3.5191128;2018,3.594834;2052,3.5162785;2021,3.5890763;2053,3.5134358;2020,3.5909626;2054,3.5105858;2023,3.5853596;2055,3.507729;2022,3.5872102;2056,3.5048513;2025,3.5816917;2057,3.5019538;2024,3.583521;2058,3.499039;2027,3.5780559;2059,3.4961076;2026,3.5798705;2060,3.4931614;2029,3.5744436;2061,3.4902017;2028,3.5762472;2062,3.4872298;2031,3.5706997;2063,3.4842467;2030,3.5726442;2002,0.0;2003,0.0;2000,0.0;2001,0.0;2006,0.0;2007,0.0;2004,0.0;2005,0.0;2010,0.0;2011,0.0;2008,0.0;2009,0.0;2014,3.6042717;2015,3.6013525;2012,0.0;2013,3.6094139',1,2,4),(25,'2065,3.5458717;2032,3.6009998;2064,3.5476236;2033,3.5996664;2067,3.5423734;2034,3.598278;2066,3.5441217;2035,3.596842;2069,3.5388818;2036,3.5953648;2068,3.5406268;2037,3.5938516;2038,3.5923066;2070,3.5371387;2039,3.5907338;2040,3.589136;2041,3.5875163;2042,3.5858772;2043,3.5842204;2044,3.582548;2045,3.5808616;2046,3.5791624;2047,3.577452;2048,3.5757313;2017,3.6185896;2049,3.574001;2016,3.6200194;2050,3.5722628;2019,3.6160202;2051,3.5705168;2018,3.6172724;2052,3.568764;2021,3.6136243;2053,3.567005;2020,3.6148086;2054,3.5652404;2023,3.611309;2055,3.5634706;2022,3.6124597;2056,3.5617027;2025,3.6090384;2057,3.5599365;2024,3.6101694;2058,3.5581722;2027,3.6067953;2059,3.5564096;2026,3.607914;2060,3.5546489;2029,3.6045713;2061,3.5528898;2028,3.6056814;2062,3.5511327;2031,3.6022696;2063,3.5493772;2030,3.6034646;2002,0.0;2003,0.0;2000,0.0;2001,0.0;2006,0.0;2007,0.0;2004,0.0;2005,0.0;2010,0.0;2011,0.0;2008,0.0;2009,0.0;2014,3.6238897;2015,3.6216743;2012,0.0;2013,3.6283379',1,6,4),(26,'2065,3.5083122;2032,3.5690153;2064,3.5101035;2033,3.567189;2067,3.5047438;2034,3.5653565;2066,3.5065258;2035,3.563519;2069,3.5011928;2036,3.5616775;2068,3.5029662;2037,3.5598323;2038,3.5579846;2070,3.4994235;2039,3.5561345;2040,3.5542827;2041,3.5524294;2042,3.550575;2043,3.54872;2044,3.5468645;2045,3.5450084;2046,3.5431526;2047,3.5412967;2048,3.539441;2017,3.5968564;2049,3.537586;2016,3.5989919;2050,3.5357313;2019,3.5928776;2051,3.5338771;2018,3.594834;2052,3.532024;2021,3.5890763;2053,3.5301714;2020,3.5909626;2054,3.5283196;2023,3.5853596;2055,3.526469;2022,3.5872102;2056,3.5246258;2025,3.5816917;2057,3.5227892;2024,3.583521;2058,3.5209596;2027,3.5780559;2059,3.519136;2026,3.5798705;2060,3.5173185;2029,3.5744436;2061,3.5155067;2028,3.5762472;2062,3.5137005;2031,3.5708342;2063,3.5118995;2030,3.5726442;2002,0.0;2003,0.0;2000,0.0;2001,0.0;2006,0.0;2007,0.0;2004,0.0;2005,0.0;2010,0.0;2011,0.0;2008,0.0;2009,0.0;2014,3.6042717;2015,3.6013525;2012,0.0;2013,3.6094139',1,3,4),(27,'2065,3.4983392;2032,3.5611076;2064,3.5002565;2033,3.559161;2067,3.4944966;2034,3.55722;2066,3.496419;2035,3.5552845;2069,3.4906454;2036,3.5533538;2068,3.492572;2037,3.5514278;2038,3.5495062;2070,3.4887173;2039,3.5475886;2040,3.5456748;2041,3.5437646;2042,3.541858;2043,3.5399544;2044,3.5380542;2045,3.5361571;2046,3.5342631;2047,3.5323718;2048,3.5304835;2017,3.5914636;2049,3.5285978;2016,3.5937731;2050,3.5267148;2019,3.5871382;2051,3.5248344;2018,3.589268;2052,3.5229566;2021,3.5829914;2053,3.5210814;2020,3.5850503;2054,3.5192087;2023,3.5789304;2055,3.5173385;2022,3.580953;2056,3.5154612;2025,3.5749197;2057,3.5135775;2024,3.57692;2058,3.5116882;2027,3.5709424;2059,3.5097935;2026,3.5729275;2060,3.507894;2029,3.5669901;2061,3.5059903;2028,3.5689635;2062,3.5040824;2031,3.563061;2063,3.5021713;2030,3.5650215;2002,0.0;2003,0.0;2000,0.0;2001,0.0;2006,0.0;2007,0.0;2004,0.0;2005,0.0;2010,0.0;2011,0.0;2008,0.0;2009,0.0;2014,3.5994003;2015,3.5963075;2012,0.0;2013,3.6047137',1,1,4),(28,'2065,3.5610604;2032,3.6011949;2064,3.5622377;2033,3.6000373;2067,3.5587213;2034,3.598868;2066,3.5598884;2035,3.5976877;2069,3.5564008;2036,3.5964987;2068,3.5575588;2037,3.5953019;2038,3.594098;2070,3.5552468;2039,3.5928886;2040,3.5916736;2041,3.5904543;2042,3.5892308;2043,3.5880036;2044,3.5867734;2045,3.5855405;2046,3.5843053;2047,3.5830677;2048,3.581828;2017,3.6185896;2049,3.5805871;2016,3.6200194;2050,3.5793445;2019,3.6160202;2051,3.5781007;2018,3.6172724;2052,3.5768557;2021,3.6136243;2053,3.5756097;2020,3.6148086;2054,3.5743628;2023,3.611309;2055,3.5731153;2022,3.6124597;2056,3.571877;2025,3.6090384;2057,3.570647;2024,3.6101694;2058,3.569425;2027,3.6067953;2059,3.5682106;2026,3.607914;2060,3.5670033;2029,3.6045713;2061,3.5658028;2028,3.6056814;2062,3.5646086;2031,3.602338;2063,3.5634203;2030,3.6034646;2002,0.0;2003,0.0;2000,0.0;2001,0.0;2006,0.0;2007,0.0;2004,0.0;2005,0.0;2010,0.0;2011,0.0;2008,0.0;2009,0.0;2014,3.6238897;2015,3.6216743;2012,0.0;2013,3.6283379',1,5,4),(29,'2065,39.834473;2032,39.834473;2064,39.834473;2033,39.834473;2067,39.834473;2034,39.834473;2066,39.834473;2035,39.834473;2069,39.834473;2036,39.834473;2068,39.834473;2037,39.834473;2038,39.834473;2070,39.834473;2039,39.834473;2040,39.834473;2041,39.834473;2042,39.834473;2043,39.834473;2044,39.834473;2045,39.834473;2046,39.834473;2047,39.834473;2048,39.834473;2017,39.834473;2049,39.834473;2016,39.834473;2050,39.834473;2019,39.834473;2051,39.834473;2018,39.834473;2052,39.834473;2021,39.834473;2053,39.834473;2020,39.834473;2054,39.834473;2023,39.834473;2055,39.834473;2022,39.834473;2056,39.834473;2025,39.834473;2057,39.834473;2024,39.834473;2058,39.834473;2027,39.834473;2059,39.834473;2026,39.834473;2060,39.834473;2029,39.834473;2061,39.834473;2028,39.834473;2062,39.834473;2031,39.834473;2063,39.834473;2030,39.834473;2002,0.0;2003,0.0;2000,0.0;2001,0.0;2006,0.0;2007,0.0;2004,0.0;2005,0.0;2010,0.0;2011,0.0;2008,0.0;2009,0.0;2014,39.834473;2015,39.834473;2012,0.0;2013,39.834473',1,19,5),(30,'2065,39.56213;2032,39.71949;2064,39.56788;2033,39.716076;2067,39.55047;2034,39.712513;2066,39.556324;2035,39.708813;2069,39.53861;2036,39.70499;2068,39.544563;2037,39.701057;2038,39.697018;2070,39.532604;2039,39.692883;2040,39.68866;2041,39.68435;2042,39.679962;2043,39.6755;2044,39.670967;2045,39.666363;2046,39.661697;2047,39.656967;2048,39.652176;2017,39.76155;2049,39.647327;2016,39.7642;2050,39.642426;2019,39.756207;2051,39.637466;2018,39.758884;2052,39.632454;2021,39.750805;2053,39.62739;2020,39.753513;2054,39.622276;2023,39.745346;2055,39.617115;2022,39.74808;2056,39.611885;2025,39.73983;2057,39.606594;2024,39.742596;2058,39.60124;2027,39.734257;2059,39.59582;2026,39.73705;2060,39.590347;2029,39.728626;2061,39.584812;2028,39.73145;2062,39.579224;2031,39.722736;2063,39.573578;2030,39.725792;2002,0.0;2003,0.0;2000,0.0;2001,0.0;2006,0.0;2007,0.0;2004,0.0;2005,0.0;2010,0.0;2011,0.0;2008,0.0;2009,0.0;2014,39.769455;2015,39.766834;2012,0.0;2013,39.77206',1,4,5),(31,'2065,39.551495;2032,39.719387;2064,39.557777;2033,39.715878;2067,39.53873;2034,39.712196;2066,39.545147;2035,39.708355;2069,39.525715;2036,39.704372;2068,39.532253;2037,39.70026;2038,39.696026;2070,39.51911;2039,39.691685;2040,39.687237;2041,39.68269;2042,39.678055;2043,39.673332;2044,39.668526;2045,39.663643;2046,39.658684;2047,39.653652;2048,39.648552;2017,39.76155;2049,39.643387;2016,39.7642;2050,39.638153;2019,39.756207;2051,39.632862;2018,39.758884;2052,39.627506;2021,39.750805;2053,39.622093;2020,39.753513;2054,39.61662;2023,39.745346;2055,39.61109;2022,39.74808;2056,39.60548;2025,39.73983;2057,39.59978;2024,39.742596;2058,39.594006;2027,39.734257;2059,39.58815;2026,39.73705;2060,39.582222;2029,39.728626;2061,39.576218;2028,39.73145;2062,39.57014;2031,39.7227;2063,39.563995;2030,39.725792;2002,0.0;2003,0.0;2000,0.0;2001,0.0;2006,0.0;2007,0.0;2004,0.0;2005,0.0;2010,0.0;2011,0.0;2008,0.0;2009,0.0;2014,39.769455;2015,39.766834;2012,0.0;2013,39.77206',1,2,5),(32,'2065,39.68146;2032,39.769077;2064,39.684498;2033,39.767166;2067,39.675343;2034,39.76516;2066,39.678406;2035,39.763073;2069,39.66917;2036,39.76091;2068,39.672264;2037,39.758686;2038,39.756397;2070,39.666065;2039,39.75405;2040,39.75166;2041,39.749214;2042,39.746727;2043,39.744198;2044,39.741627;2045,39.73902;2046,39.73638;2047,39.733707;2048,39.731;2017,39.79237;2049,39.72826;2016,39.793854;2050,39.72549;2019,39.789387;2051,39.722694;2018,39.790882;2052,39.71987;2021,39.786377;2053,39.71702;2020,39.787884;2054,39.71414;2023,39.783348;2055,39.71124;2022,39.784866;2056,39.708324;2025,39.7803;2057,39.705395;2024,39.781826;2058,39.70245;2027,39.77723;2059,39.699493;2026,39.778767;2060,39.69652;2029,39.774136;2061,39.693535;2028,39.775684;2062,39.690536;2031,39.77089;2063,39.687523;2030,39.77258;2002,0.0;2003,0.0;2000,0.0;2001,0.0;2006,0.0;2007,0.0;2004,0.0;2005,0.0;2010,0.0;2011,0.0;2008,0.0;2009,0.0;2014,39.796806;2015,39.795334;2012,0.0;2013,39.798275',1,6,5),(33,'2065,39.61228;2032,39.72001;2064,39.615746;2033,39.717068;2067,39.605328;2034,39.714096;2066,39.608807;2035,39.711098;2069,39.59834;2036,39.708073;2068,39.601837;2037,39.705025;2038,39.70195;2070,39.59483;2039,39.698853;2040,39.695732;2041,39.692593;2042,39.68943;2043,39.686245;2044,39.683044;2045,39.67982;2046,39.676582;2047,39.67332;2048,39.670044;2017,39.76155;2049,39.666748;2016,39.7642;2050,39.663437;2019,39.756207;2051,39.660103;2018,39.758884;2052,39.656757;2021,39.750805;2053,39.65339;2020,39.753513;2054,39.65001;2023,39.745346;2055,39.64661;2022,39.74808;2056,39.643204;2025,39.73983;2057,39.639793;2024,39.742596;2058,39.63638;2027,39.734257;2059,39.632957;2026,39.73705;2060,39.62953;2029,39.728626;2061,39.626095;2028,39.73145;2062,39.622654;2031,39.722916;2063,39.6192;2030,39.725792;2002,0.0;2003,0.0;2000,0.0;2001,0.0;2006,0.0;2007,0.0;2004,0.0;2005,0.0;2010,0.0;2011,0.0;2008,0.0;2009,0.0;2014,39.769455;2015,39.766834;2012,0.0;2013,39.77206',1,3,5),(34,'2065,39.592648;2032,39.707035;2064,39.59646;2033,39.703815;2067,39.584953;2034,39.70059;2066,39.588814;2035,39.697342;2069,39.57716;2036,39.694084;2068,39.581066;2037,39.690815;2038,39.68753;2070,39.573227;2039,39.684235;2040,39.680923;2041,39.677597;2042,39.67426;2043,39.670902;2044,39.667534;2045,39.664154;2046,39.660755;2047,39.657345;2048,39.65392;2017,39.753513;2049,39.65048;2016,39.756474;2050,39.647026;2019,39.747536;2051,39.643555;2018,39.750534;2052,39.64007;2021,39.74149;2053,39.636574;2020,39.744522;2054,39.633064;2023,39.735374;2055,39.62954;2022,39.73844;2056,39.62598;2025,39.72919;2057,39.62239;2024,39.732292;2058,39.61877;2027,39.722942;2059,39.61512;2026,39.726074;2060,39.611443;2029,39.71662;2061,39.60774;2028,39.71979;2062,39.604004;2031,39.710243;2063,39.600246;2030,39.713436;2002,0.0;2003,0.0;2000,0.0;2001,0.0;2006,0.0;2007,0.0;2004,0.0;2005,0.0;2010,0.0;2011,0.0;2008,0.0;2009,0.0;2014,39.762344;2015,39.75942;2012,0.0;2013,39.765255',1,1,5),(35,'2065,39.707302;2032,39.76936;2064,39.709248;2033,39.767704;2067,39.703407;2034,39.76602;2066,39.705353;2035,39.764313;2069,39.699516;2036,39.762585;2068,39.70146;2037,39.760834;2038,39.759068;2070,39.697575;2039,39.75728;2040,39.755478;2041,39.75366;2042,39.751823;2043,39.749977;2044,39.748116;2045,39.746243;2046,39.744358;2047,39.74246;2048,39.74055;2017,39.79237;2049,39.73863;2016,39.793854;2050,39.7367;2019,39.789387;2051,39.734756;2018,39.790882;2052,39.732803;2021,39.786377;2053,39.730843;2020,39.787884;2054,39.72887;2023,39.783348;2055,39.726887;2022,39.784866;2056,39.72491;2025,39.7803;2057,39.722942;2024,39.781826;2058,39.720974;2027,39.77723;2059,39.719013;2026,39.778767;2060,39.717056;2029,39.774136;2061,39.7151;2028,39.775684;2062,39.713146;2031,39.77099;2063,39.711197;2030,39.77258;2002,0.0;2003,0.0;2000,0.0;2001,0.0;2006,0.0;2007,0.0;2004,0.0;2005,0.0;2010,0.0;2011,0.0;2008,0.0;2009,0.0;2014,39.796806;2015,39.795334;2012,0.0;2013,39.798275',1,5,5),(36,'2065,43.48493;2032,43.48514;2064,43.484932;2033,43.485123;2067,43.484924;2034,43.485107;2066,43.484924;2035,43.485096;2069,43.48492;2036,43.485085;2068,43.48492;2037,43.485073;2038,43.48506;2070,43.484917;2039,43.48505;2040,43.485043;2041,43.485035;2042,43.485027;2043,43.48502;2044,43.485012;2045,43.485004;2046,43.485;2047,43.484993;2048,43.48499;2017,43.48616;2049,43.484985;2016,43.4865;2050,43.484978;2019,43.48577;2051,43.484974;2018,43.48593;2052,43.48497;2021,43.485554;2053,43.484966;2020,43.48565;2054,43.484962;2023,43.485416;2055,43.48496;2022,43.48548;2056,43.484955;2025,43.485325;2057,43.48495;2024,43.485367;2058,43.484947;2027,43.485252;2059,43.484943;2026,43.485287;2060,43.484943;2029,43.4852;2061,43.48494;2028,43.485226;2062,43.484936;2031,43.485157;2063,43.484932;2030,43.485176;2002,0.0;2003,0.0;2000,0.0;2001,0.0;2006,0.0;2007,0.0;2004,0.0;2005,0.0;2010,0.0;2011,0.0;2008,0.0;2009,0.0;2014,43.488194;2015,43.487064;2012,0.0;2013,43.491573',1,19,6),(37,'2065,43.04547;2032,43.28819;2064,43.05401;2033,43.282658;2067,43.02823;2034,43.276905;2066,43.036877;2035,43.27095;2069,43.010765;2036,43.264816;2068,43.019524;2037,43.25852;2038,43.252075;2070,43.001957;2039,43.2455;2040,43.2388;2041,43.231987;2042,43.22507;2043,43.218056;2044,43.21095;2045,43.203754;2046,43.19648;2047,43.18913;2048,43.181705;2017,43.358406;2049,43.174213;2016,43.36319;2050,43.166653;2019,43.349083;2051,43.15903;2018,43.353718;2052,43.15135;2021,43.33988;2053,43.143604;2020,43.344475;2054,43.135807;2023,43.330704;2055,43.127953;2022,43.335293;2056,43.12002;2025,43.32152;2057,43.11201;2024,43.326115;2058,43.103928;2027,43.312313;2059,43.09577;2026,43.31692;2060,43.087547;2029,43.30307;2061,43.079258;2028,43.307697;2062,43.0709;2031,43.293457;2063,43.062485;2030,43.298435;2002,0.0;2003,0.0;2000,0.0;2001,0.0;2006,0.0;2007,0.0;2004,0.0;2005,0.0;2010,0.0;2011,0.0;2008,0.0;2009,0.0;2014,43.373726;2015,43.368187;2012,0.0;2013,43.381474',1,4,6),(38,'2065,43.029747;2032,43.28802;2064,43.039032;2033,43.28234;2067,43.010952;2034,43.276394;2066,43.020386;2035,43.270214;2069,42.99188;2036,43.26383;2068,43.00145;2037,43.257248;2038,43.250504;2070,42.98224;2039,43.2436;2040,43.23655;2041,43.229374;2042,43.222073;2043,43.214657;2044,43.207134;2045,43.199512;2046,43.1918;2047,43.183994;2048,43.176105;2017,43.358406;2049,43.168137;2016,43.36319;2050,43.16009;2019,43.349083;2051,43.151974;2018,43.353718;2052,43.143784;2021,43.33988;2053,43.13553;2020,43.344475;2054,43.127205;2023,43.330704;2055,43.11882;2022,43.335293;2056,43.11033;2025,43.32152;2057,43.101738;2024,43.326115;2058,43.093044;2027,43.312313;2059,43.08426;2026,43.31692;2060,43.075382;2029,43.30307;2061,43.066418;2028,43.307697;2062,43.05737;2031,43.2934;2063,43.04824;2030,43.298435;2002,0.0;2003,0.0;2000,0.0;2001,0.0;2006,0.0;2007,0.0;2004,0.0;2005,0.0;2010,0.0;2011,0.0;2008,0.0;2009,0.0;2014,43.373726;2015,43.368187;2012,0.0;2013,43.381474',1,2,6),(39,'2065,43.227333;2032,43.37008;2064,43.232124;2033,43.366833;2067,43.217716;2034,43.363438;2066,43.22253;2035,43.359913;2069,43.208054;2036,43.356277;2068,43.21289;2037,43.352535;2038,43.3487;2070,43.203205;2039,43.344788;2040,43.340794;2041,43.33673;2042,43.332603;2043,43.32842;2044,43.324177;2045,43.319885;2046,43.315544;2047,43.311157;2048,43.30673;2017,43.41096;2049,43.30226;2016,43.413876;2050,43.297752;2019,43.405407;2051,43.293213;2018,43.408154;2052,43.288635;2021,43.4;2053,43.284023;2020,43.402695;2054,43.27938;2023,43.394657;2055,43.27471;2022,43.397327;2056,43.270027;2025,43.38934;2057,43.26533;2024,43.392;2058,43.26062;2027,43.38402;2059,43.2559;2026,43.38668;2060,43.251167;2029,43.378708;2061,43.246426;2028,43.381367;2062,43.24167;2031,43.373158;2063,43.2369;2030,43.376045;2002,0.0;2003,0.0;2000,0.0;2001,0.0;2006,0.0;2007,0.0;2004,0.0;2005,0.0;2010,0.0;2011,0.0;2008,0.0;2009,0.0;2014,43.420696;2015,43.417007;2012,0.0;2013,43.426613',1,6,6),(40,'2065,43.120594;2032,43.289024;2064,43.12585;2033,43.284256;2067,43.11007;2034,43.279453;2066,43.115334;2035,43.274616;2069,43.09953;2036,43.26975;2068,43.1048;2037,43.264854;2038,43.259933;2070,43.094254;2039,43.254986;2040,43.250015;2041,43.24502;2042,43.240005;2043,43.234966;2044,43.229908;2045,43.22483;2046,43.219734;2047,43.21462;2048,43.209484;2017,43.358406;2049,43.204334;2016,43.36319;2050,43.199165;2019,43.349083;2051,43.19398;2018,43.353718;2052,43.188778;2021,43.33988;2053,43.183563;2020,43.344475;2054,43.17833;2023,43.330704;2055,43.173077;2022,43.335293;2056,43.16783;2025,43.32152;2057,43.162586;2024,43.326115;2058,43.15734;2027,43.312313;2059,43.152096;2026,43.31692;2060,43.146847;2029,43.30307;2061,43.1416;2028,43.307697;2062,43.136353;2031,43.29375;2063,43.131104;2030,43.298435;2002,0.0;2003,0.0;2000,0.0;2001,0.0;2006,0.0;2007,0.0;2004,0.0;2005,0.0;2010,0.0;2011,0.0;2008,0.0;2009,0.0;2014,43.373726;2015,43.368187;2012,0.0;2013,43.381474',1,3,6),(41,'2065,43.09099;2032,43.268143;2064,43.096718;2033,43.262978;2067,43.07945;2034,43.257805;2066,43.08523;2035,43.25263;2069,43.067806;2036,43.24744;2068,43.07364;2037,43.242245;2038,43.237038;2070,43.061943;2039,43.231823;2040,43.226597;2041,43.221363;2042,43.216114;2043,43.210857;2044,43.20559;2045,43.20031;2046,43.19502;2047,43.189716;2048,43.184402;2017,43.34498;2049,43.179077;2016,43.350246;2050,43.17374;2019,43.334675;2051,43.168392;2018,43.3398;2052,43.16303;2021,43.324482;2053,43.157658;2020,43.32957;2054,43.15227;2023,43.314304;2055,43.146877;2022,43.319393;2056,43.14144;2025,43.30411;2057,43.135967;2024,43.30921;2058,43.13046;2027,43.293884;2059,43.124916;2026,43.299004;2060,43.11934;2029,43.28361;2061,43.113728;2028,43.288754;2062,43.108086;2031,43.273304;2063,43.102417;2030,43.278458;2002,0.0;2003,0.0;2000,0.0;2001,0.0;2006,0.0;2007,0.0;2004,0.0;2005,0.0;2010,0.0;2011,0.0;2008,0.0;2009,0.0;2014,43.361748;2015,43.35573;2012,0.0;2013,43.36997',1,1,6),(42,'2065,43.26836;2032,43.370556;2064,43.271484;2033,43.36774;2067,43.26213;2034,43.36489;2066,43.265244;2035,43.362003;2069,43.25592;2036,43.359085;2068,43.25902;2037,43.356136;2038,43.353165;2070,43.25282;2039,43.35017;2040,43.34715;2041,43.344112;2042,43.341057;2043,43.337982;2044,43.33489;2045,43.331783;2046,43.328663;2047,43.325527;2048,43.322376;2017,43.41096;2049,43.319218;2016,43.413876;2050,43.316044;2019,43.405407;2051,43.312855;2018,43.408154;2052,43.309658;2021,43.4;2053,43.30645;2020,43.402695;2054,43.30323;2023,43.394657;2055,43.300003;2022,43.397327;2056,43.296787;2025,43.38934;2057,43.293587;2024,43.392;2058,43.2904;2027,43.38402;2059,43.287224;2026,43.38668;2060,43.284058;2029,43.378708;2061,43.280903;2028,43.381367;2062,43.277756;2031,43.373325;2063,43.274616;2030,43.376045;2002,0.0;2003,0.0;2000,0.0;2001,0.0;2006,0.0;2007,0.0;2004,0.0;2005,0.0;2010,0.0;2011,0.0;2008,0.0;2009,0.0;2014,43.420696;2015,43.417007;2012,0.0;2013,43.426613',1,5,6),(43,'2065,0.90007406;2032,0.0484619;2064,0.85804844;2033,0.05767071;2067,0.98693615;2034,0.06785694;2066,0.9430393;2035,0.079040825;2069,1.0774922;2036,0.09123941;2068,1.0317565;2037,0.104466826;2038,0.118734606;2070,1.1241353;2039,0.13405198;2040,0.15042607;2041,0.16786218;2042,0.18636392;2043,0.20593347;2044,0.22657165;2045,0.24827816;2046,0.27105165;2047,0.2948898;2048,0.3197896;2017,4.6410678E-5;2049,0.34574717;2016,9.085567E-6;2050,0.37275815;2019,3.9137367E-4;2051,0.40081748;2018,1.5410368E-4;2052,0.42991972;2021,0.0015491756;2053,0.4600589;2020,8.301044E-4;2054,0.4912288;2023,0.0041515687;2055,0.5234227;2022,0.002629707;2056,0.5566339;2025,0.008819426;2057,0.590855;2024,0.006191048;2058,0.62607884;2027,0.016098898;2059,0.6622979;2026,0.012102223;2060,0.69950444;2029,0.026441652;2061,0.7376906;2028,0.020862855;2062,0.77684873;2031,0.04020669;2063,0.81697065;2030,0.03287731;2002,0.0;2003,0.0;2000,0.0;2001,0.0;2006,0.0;2007,0.0;2004,0.0;2005,0.0;2010,0.0;2011,0.0;2008,0.0;2009,0.0;2014,1.3581446E-8;2015,8.1852374E-7;2012,0.0;2013,9.369413E-13',1,19,7),(44,'2065,1.1665603;2032,0.06018547;2064,1.1101507;2033,0.07158808;2067,1.2836204;2034,0.084222086;2066,1.2243851;2035,0.098119505;2069,1.4063021;2036,0.11330866;2068,1.344261;2037,0.12981449;2038,0.1476589;2070,1.4697386;2039,0.16686097;2040,0.18743731;2041,0.20940225;2042,0.23276801;2043,0.257545;2044,0.2837419;2045,0.3113659;2046,0.34042275;2047,0.37091702;2048,0.40285215;2017,6.419675E-5;2049,0.43623048;2016,1.3004118E-5;2050,0.4710535;2019,5.194696E-4;2051,0.5073219;2018,2.0815071E-4;2052,0.54503554;2021,0.0020077538;2053,0.5841936;2020,0.001087174;2054,0.6247948;2023,0.005298946;2055,0.66683704;2022,0.0033795824;2056,0.7103294;2025,0.011140613;2057,0.7552698;2024,0.007857472;2058,0.8016559;2027,0.020187665;2059,0.84948474;2026,0.015226895;2060,0.8987533;2029,0.03298286;2061,0.949458;2028,0.026087172;2062,1.0015953;2031,0.049978197;2063,1.0551609;2030,0.04092576;2002,0.0;2003,0.0;2000,0.0;2001,0.0;2006,0.0;2007,0.0;2004,0.0;2005,0.0;2010,0.0;2011,0.0;2008,0.0;2009,0.0;2014,2.2578805E-8;2015,1.235735E-6;2012,0.0;2013,1.9815853E-12',1,4,7),(45,'2065,1.1758192;2032,0.060195602;2064,1.1186669;2033,0.07161038;2067,1.2944936;2034,0.08426272;2066,1.2344294;2035,0.09818568;2069,1.4189672;2036,0.11340867;2068,1.3560076;2037,0.12995768;2038,0.14785565;2070,1.483368;2039,0.16712275;2040,0.18777655;2041,0.20983239;2042,0.23330346;2043,0.2582011;2044,0.2845349;2045,0.3123129;2046,0.3415418;2047,0.3722269;2048,0.40437245;2017,6.419675E-5;2049,0.4379816;2016,1.3004118E-5;2050,0.47305658;2019,5.194696E-4;2051,0.50959873;2018,2.0815071E-4;2052,0.5476087;2021,0.0020077538;2053,0.5870862;2020,0.001087174;2054,0.6280307;2023,0.005298946;2055,0.67044073;2022,0.0033795824;2056,0.71433353;2025,0.011140613;2057,0.7597082;2024,0.007857472;2058,0.8065635;2027,0.020187665;2059,0.8548977;2026,0.015226895;2060,0.9047087;2029,0.03298286;2061,0.95599395;2028,0.026087172;2062,1.0087508;2031,0.049981236;2063,1.0629762;2030,0.04092576;2002,0.0;2003,0.0;2000,0.0;2001,0.0;2006,0.0;2007,0.0;2004,0.0;2005,0.0;2010,0.0;2011,0.0;2008,0.0;2009,0.0;2014,2.2578805E-8;2015,1.235735E-6;2012,0.0;2013,1.9815853E-12',1,2,7),(46,'2065,1.0586302;2032,0.055265516;2064,1.0080925;2033,0.06575587;2067,1.1633235;2034,0.07737469;2066,1.1103762;2035,0.090149626;2069,1.2727953;2036,0.10410482;2068,1.2174655;2037,0.11926124;2038,0.135637;2070,1.3293058;2039,0.15324757;2040,0.17210612;2041,0.19222367;2042,0.21360935;2043,0.23627056;2044,0.2602132;2045,0.2854417;2046,0.31195927;2047,0.33976805;2048,0.36886907;2017,5.6462035E-5;2049,0.39926255;2016,1.1283349E-5;2050,0.43094784;2019,4.644338E-4;2051,0.46392354;2018,1.8480903E-4;2052,0.49818766;2021,0.001812155;2053,0.5337376;2020,9.771701E-4;2054,0.5705702;2023,0.0048119267;2055,0.6086818;2022,0.0030605826;2056,0.6480614;2025,0.01015878;2057,0.6887039;2024,0.0071514607;2058,0.7306041;2027,0.01846268;2059,0.77375656;2026,0.013907039;2060,0.8181554;2029,0.030228822;2061,0.8637946;2028,0.023885485;2062,0.91066813;2031,0.045872133;2063,0.9587696;2030,0.03754001;2002,0.0;2003,0.0;2000,0.0;2001,0.0;2006,0.0;2007,0.0;2004,0.0;2005,0.0;2010,0.0;2011,0.0;2008,0.0;2009,0.0;2014,1.8461813E-8;2015,1.0497711E-6;2012,0.0;2013,1.4728508E-12',1,6,7),(47,'2065,1.1221961;2032,0.060134828;2064,1.0691825;2033,0.07147661;2067,1.2319309;2034,0.08401913;2066,1.1764481;2035,0.09778912;2069,1.3465581;2036,0.11280962;2068,1.2886368;2037,0.12910032;2038,0.14667796;2070,1.4056871;2039,0.16555656;2040,0.18574777;2041,0.20726107;2042,0.23010398;2043,0.25428236;2044,0.27980044;2045,0.30666113;2046,0.33486608;2047,0.3644158;2048,0.39530993;2017,6.419675E-5;2049,0.42754707;2016,1.3004118E-5;2050,0.46112517;2019,5.194696E-4;2051,0.49604145;2018,2.0815071E-4;2052,0.5322924;2021,0.0020077538;2053,0.5698742;2020,0.001087174;2054,0.60878235;2023,0.005298946;2055,0.64901185;2022,0.0033795824;2056,0.69055015;2025,0.011140613;2057,0.733391;2024,0.007857472;2058,0.77752805;2027,0.020187665;2059,0.82295454;2026,0.015226895;2060,0.8696636;2029,0.03298286;2061,0.9176482;2028,0.026087172;2062,0.9669011;2031,0.049962986;2063,1.017415;2030,0.04092576;2002,0.0;2003,0.0;2000,0.0;2001,0.0;2006,0.0;2007,0.0;2004,0.0;2005,0.0;2010,0.0;2011,0.0;2008,0.0;2009,0.0;2014,2.2578805E-8;2015,1.235735E-6;2012,0.0;2013,1.9815853E-12',1,3,7),(48,'2065,1.1397088;2032,0.061402127;2064,1.0858208;2033,0.07296435;2067,1.2513086;2034,0.08574577;2066,1.1948736;2035,0.09977284;2069,1.3679607;2036,0.11506829;2068,1.3090066;2037,0.13165146;2038,0.14953873;2070,1.4281641;2039,0.1687437;2040,0.18927763;2041,0.21114957;2042,0.23436667;2043,0.2589343;2044,0.28485632;2045,0.3121352;2046,0.34077218;2047,0.3707674;2048,0.40212008;2017,6.627179E-5;2049,0.43482846;2016,1.3469716E-5;2050,0.46889007;2019,5.340798E-4;2051,0.5043018;2018,2.1437512E-4;2052,0.5410598;2021,0.0020593535;2053,0.5791598;2020,0.0011162746;2054,0.61859703;2023,0.005426884;2055,0.6593662;2022,0.0034635428;2056,0.7014731;2025,0.011397761;2057,0.7449126;2024,0.008042637;2058,0.78967935;2027,0.020638429;2059,0.83576775;2026,0.015572158;2060,0.8831718;2029,0.03370127;2061,0.9318855;2028,0.026661973;2062,0.98190254;2031,0.05102851;2063,1.0332165;2030,0.041808303;2002,0.0;2003,0.0;2000,0.0;2001,0.0;2006,0.0;2007,0.0;2004,0.0;2005,0.0;2010,0.0;2011,0.0;2008,0.0;2009,0.0;2014,2.3734367E-8;2015,1.286719E-6;2012,0.0;2013,2.1329102E-12',1,1,7),(49,'2065,1.0339634;2032,0.05523706;2064,0.9852572;2033,0.06569318;2067,1.1347278;2034,0.077260464;2066,1.0837897;2035,0.08996356;2069,1.2399081;2036,0.10382362;2068,1.18677;2037,0.11885861;2038,0.1350837;2070,1.2941343;2039,0.1525115;2040,0.17115235;2041,0.19101451;2042,0.21210445;2043,0.23442696;2044,0.25798538;2045,0.28278175;2046,0.30881694;2047,0.33609077;2048,0.36460212;2017,5.6462035E-5;2049,0.39434904;2016,1.1283349E-5;2050,0.42532888;2019,4.644338E-4;2051,0.4575383;2018,1.8480903E-4;2052,0.49097338;2021,0.001812155;2053,0.5256297;2020,9.771701E-4;2054,0.5615024;2023,0.0048119267;2055,0.59858614;2022,0.0030605826;2056,0.63686484;2025,0.01015878;2057,0.6763316;2024,0.0071514607;2058,0.71697956;2027,0.01846268;2059,0.75880146;2026,0.013907039;2060,0.8017899;2029,0.030228822;2061,0.84593743;2028,0.023885485;2062,0.8912363;2031,0.0458636;2063,0.9376789;2030,0.03754001;2002,0.0;2003,0.0;2000,0.0;2001,0.0;2006,0.0;2007,0.0;2004,0.0;2005,0.0;2010,0.0;2011,0.0;2008,0.0;2009,0.0;2014,1.8461813E-8;2015,1.0497711E-6;2012,0.0;2013,1.4728508E-12',1,5,7),(50,'2065,0.0065067;2032,0.0065067;2064,0.0065067;2033,0.0065067;2067,0.0065067;2034,0.0065067;2066,0.0065067;2035,0.0065067;2069,0.0065067;2036,0.0065067;2068,0.0065067;2037,0.0065067;2038,0.0065067;2070,0.0065067;2039,0.0065067;2040,0.0065067;2041,0.0065067;2042,0.0065067;2043,0.0065067;2044,0.0065067;2045,0.0065067;2046,0.0065067;2047,0.0065067;2048,0.0065067;2017,0.0065067;2049,0.0065067;2016,0.0065067;2050,0.0065067;2019,0.0065067;2051,0.0065067;2018,0.0065067;2052,0.0065067;2021,0.0065067;2053,0.0065067;2020,0.0065067;2054,0.0065067;2023,0.0065067;2055,0.0065067;2022,0.0065067;2056,0.0065067;2025,0.0065067;2057,0.0065067;2024,0.0065067;2058,0.0065067;2027,0.0065067;2059,0.0065067;2026,0.0065067;2060,0.0065067;2029,0.0065067;2061,0.0065067;2028,0.0065067;2062,0.0065067;2031,0.0065067;2063,0.0065067;2030,0.0065067;2002,0.0;2003,0.0;2000,0.0;2001,0.0;2006,0.0;2007,0.0;2004,0.0;2005,0.0;2010,0.0;2011,0.0;2008,0.0;2009,0.0;2014,0.0065067;2015,0.0065067;2012,0.0;2013,0.0065067',1,19,8),(51,'2065,0.00681886;2032,0.006656156;2064,0.006813418;2033,0.006660072;2067,0.0068297987;2034,0.006664138;2066,0.0068243206;2035,0.0066683325;2069,0.006840805;2036,0.006672641;2068,0.006835294;2037,0.0066770487;2038,0.0066815447;2070,0.0068463315;2039,0.0066861194;2040,0.006690764;2041,0.006695471;2042,0.0067002345;2043,0.0067050494;2044,0.0067099105;2045,0.0067148134;2046,0.0067197545;2047,0.006724731;2048,0.0067297397;2017,0.0066058873;2049,0.0067347777;2016,0.006602581;2050,0.0067398427;2019,0.0066125;2051,0.0067449333;2018,0.006609194;2052,0.0067500467;2021,0.0066191126;2053,0.0067551816;2020,0.0066158064;2054,0.0067603365;2023,0.006625725;2055,0.00676551;2022,0.0066224188;2056,0.0067707193;2025,0.0066323373;2057,0.006775961;2024,0.006629031;2058,0.006781234;2027,0.00663895;2059,0.0067865355;2026,0.0066356435;2060,0.006791864;2029,0.0066455626;2061,0.006797218;2028,0.0066422564;2062,0.006802596;2031,0.0066524115;2063,0.0068079964;2030,0.006648869;2002,0.0;2003,0.0;2000,0.0;2001,0.0;2006,0.0;2007,0.0;2004,0.0;2005,0.0;2010,0.0;2011,0.0;2008,0.0;2009,0.0;2014,0.0065959687;2015,0.006599275;2012,0.0;2013,0.0065926625',1,4,8),(52,'2065,0.006828841;2032,0.0066562747;2064,0.0068229553;2033,0.006660299;2067,0.0068406914;2034,0.0066644982;2066,0.0068347533;2035,0.00666885;2069,0.006852638;2036,0.006673335;2068,0.0068466533;2037,0.006677937;2038,0.006682643;2070,0.0068586445;2039,0.006687442;2040,0.0066923224;2041,0.0066972766;2042,0.006702298;2043,0.0067073787;2044,0.006712514;2045,0.0067176986;2046,0.006722929;2047,0.0067282;2048,0.006733509;2017,0.0066058873;2049,0.0067388522;2016,0.006602581;2050,0.006744228;2019,0.0066125;2051,0.0067496332;2018,0.006609194;2052,0.0067550656;2021,0.0066191126;2053,0.006760523;2020,0.0066158064;2054,0.0067660045;2023,0.006625725;2055,0.0067715077;2022,0.0066224188;2056,0.006777061;2025,0.0066323373;2057,0.0067826617;2024,0.006629031;2058,0.0067883064;2027,0.00663895;2059,0.006793992;2026,0.0066356435;2060,0.0067997165;2029,0.0066455626;2061,0.006805477;2028,0.0066422564;2062,0.006811272;2031,0.0066524534;2063,0.0068170987;2030,0.006648869;2002,0.0;2003,0.0;2000,0.0;2001,0.0;2006,0.0;2007,0.0;2004,0.0;2005,0.0;2010,0.0;2011,0.0;2008,0.0;2009,0.0;2014,0.0065959687;2015,0.006599275;2012,0.0;2013,0.0065926625',1,2,8),(53,'2065,0.006698612;2032,0.0065964446;2064,0.0066953087;2033,0.0065988596;2067,0.0067052194;2034,0.006601379;2066,0.0067019155;2035,0.00660399;2069,0.0067118267;2036,0.006606681;2068,0.006708523;2037,0.006609442;2038,0.006612266;2070,0.0067151305;2039,0.006615145;2040,0.006618073;2041,0.006621046;2042,0.006624059;2043,0.006627107;2044,0.0066301883;2045,0.0066332994;2046,0.006636437;2047,0.0066396;2048,0.0066427854;2017,0.0065662125;2049,0.0066459915;2016,0.006564229;2050,0.0066492166;2019,0.00657018;2051,0.00665246;2018,0.006568196;2052,0.006655719;2021,0.0065741474;2053,0.006658994;2020,0.0065721637;2054,0.0066622826;2023,0.006578115;2055,0.0066655846;2022,0.006576131;2056,0.0066688866;2025,0.0065820827;2057,0.0066721886;2024,0.0065800985;2058,0.006675491;2027,0.00658605;2059,0.006678794;2026,0.0065840664;2060,0.0066820965;2029,0.0065900176;2061,0.0066853995;2028,0.006588034;2062,0.0066887024;2031,0.006594152;2063,0.006692006;2030,0.0065920013;2002,0.0;2003,0.0;2000,0.0;2001,0.0;2006,0.0;2007,0.0;2004,0.0;2005,0.0;2010,0.0;2011,0.0;2008,0.0;2009,0.0;2014,0.0065602614;2015,0.006562245;2012,0.0;2013,0.0065582776',1,6,8),(54,'2065,0.0067703268;2032,0.006655561;2064,0.0067668767;2033,0.0066589387;2067,0.0067772116;2034,0.0066623343;2066,0.0067737717;2035,0.006665745;2069,0.006784077;2036,0.0066691693;2068,0.0067806463;2037,0.006672605;2038,0.0066760513;2070,0.006787503;2039,0.0066795065;2040,0.0066829706;2041,0.0066864416;2042,0.006689919;2043,0.006693403;2044,0.006696892;2045,0.0067003863;2046,0.006703885;2047,0.0067073875;2048,0.006710894;2017,0.0066058873;2049,0.006714404;2016,0.006602581;2050,0.006717917;2019,0.0066125;2051,0.0067214333;2018,0.006609194;2052,0.0067249523;2021,0.0066191126;2053,0.0067284736;2020,0.0066158064;2054,0.0067319972;2023,0.006625725;2055,0.006735523;2022,0.0066224188;2056,0.006739039;2025,0.0066323373;2057,0.006742546;2024,0.006629031;2058,0.006746044;2027,0.00663895;2059,0.0067495336;2026,0.0066356435;2060,0.006753016;2029,0.0066455626;2061,0.0067564906;2028,0.0066422564;2062,0.006759959;2031,0.006652203;2063,0.0067634205;2030,0.006648869;2002,0.0;2003,0.0;2000,0.0;2001,0.0;2006,0.0;2007,0.0;2004,0.0;2005,0.0;2010,0.0;2011,0.0;2008,0.0;2009,0.0;2014,0.0065959687;2015,0.006599275;2012,0.0;2013,0.0065926625',1,3,8),(55,'2065,0.0067896275;2032,0.0066703395;2064,0.006785913;2033,0.0066739586;2067,0.006797085;2034,0.006677573;2066,0.006793352;2035,0.006681184;2069,0.0068045757;2036,0.0066847913;2068,0.006800826;2037,0.0066883955;2038,0.0066919974;2070,0.0068083326;2039,0.006695597;2040,0.0066991947;2041,0.00670279;2042,0.0067063845;2043,0.0067099766;2044,0.006713568;2045,0.006717158;2046,0.0067207464;2047,0.0067243343;2048,0.0067279213;2017,0.0066158064;2049,0.006731507;2016,0.0066121696;2050,0.0067350925;2019,0.00662308;2051,0.0067386767;2018,0.006619443;2052,0.0067422604;2021,0.0066303536;2053,0.0067458437;2020,0.006626717;2054,0.006749426;2023,0.0066376277;2055,0.006753008;2022,0.0066339904;2056,0.0067566074;2025,0.0066449014;2057,0.0067602233;2024,0.0066412645;2058,0.0067638545;2027,0.006652175;2059,0.0067674997;2026,0.006648538;2060,0.006771159;2029,0.0066594486;2061,0.00677483;2028,0.006655812;2062,0.0067785135;2031,0.0066667157;2063,0.0067822076;2030,0.0066630854;2002,0.0;2003,0.0;2000,0.0;2001,0.0;2006,0.0;2007,0.0;2004,0.0;2005,0.0;2010,0.0;2011,0.0;2008,0.0;2009,0.0;2014,0.0066048955;2015,0.0066085323;2012,0.0;2013,0.0066012586',1,1,8),(56,'2065,0.006670041;2032,0.006596088;2064,0.0066678417;2033,0.006598179;2067,0.006674417;2034,0.006600297;2066,0.006672233;2035,0.0066024377;2069,0.0066787642;2036,0.006604598;2068,0.006676594;2037,0.0066067763;2038,0.00660897;2070,0.006680928;2039,0.0066111777;2040,0.0066133975;2041,0.0066156285;2042,0.0066178693;2043,0.0066201193;2044,0.0066223773;2045,0.0066246428;2046,0.006626915;2047,0.0066291937;2048,0.0066314777;2017,0.0065662125;2049,0.0066337674;2016,0.006564229;2050,0.0066360612;2019,0.00657018;2051,0.0066383597;2018,0.006568196;2052,0.0066406624;2021,0.0065741474;2053,0.0066429693;2020,0.0065721637;2054,0.006645279;2023,0.006578115;2055,0.0066475924;2022,0.006576131;2056,0.006649891;2025,0.0065820827;2057,0.006652175;2024,0.0065800985;2058,0.0066544465;2027,0.00658605;2059,0.0066567054;2026,0.0065840664;2060,0.0066589527;2029,0.0065900176;2061,0.0066611897;2028,0.006588034;2062,0.006663416;2031,0.006594027;2063,0.0066656335;2030,0.0065920013;2002,0.0;2003,0.0;2000,0.0;2001,0.0;2006,0.0;2007,0.0;2004,0.0;2005,0.0;2010,0.0;2011,0.0;2008,0.0;2009,0.0;2014,0.0065602614;2015,0.006562245;2012,0.0;2013,0.0065582776',1,5,8),(57,'2065,0.58034945;2032,0.5635755;2064,0.57995474;2033,0.56426835;2067,0.5811257;2034,0.56494176;2066,0.58073974;2035,0.56559706;2069,0.5818852;2036,0.56623554;2068,0.5815075;2037,0.5668583;2038,0.5674663;2070,0.582259;2039,0.56806046;2040,0.5686416;2041,0.56921047;2042,0.5697678;2043,0.570314;2044,0.5708498;2045,0.57137567;2046,0.5718921;2047,0.5723995;2048,0.5728983;2017,0.5486281;2049,0.5733889;2016,0.54690844;2050,0.5738716;2019,0.5515309;2051,0.5743468;2018,0.55015224;2052,0.57481474;2021,0.55396986;2053,0.5752757;2020,0.5527961;2054,0.57573;2023,0.5561021;2055,0.57617795;2022,0.55506796;2056,0.5766196;2025,0.5580131;2057,0.5770554;2024,0.55708146;2058,0.5774853;2027,0.5597552;2059,0.57790977;2026,0.55890274;2060,0.57832885;2029,0.5613632;2061,0.5787427;2028,0.56057423;2062,0.5791515;2031,0.5628616;2063,0.5795555;2030,0.56212485;2002,0.0;2003,0.0;2000,0.0;2001,0.0;2006,0.0;2007,0.0;2004,0.0;2005,0.0;2010,0.0;2011,0.0;2008,0.0;2009,0.0;2014,0.5424517;2015,0.5449071;2012,0.0;2013,0.5390782',1,19,9),(58,'2065,0.5943125;2032,0.56808805;2064,0.59355104;2033,0.568988;2067,0.59583616;2034,0.5698735;2066,0.5950742;2035,0.57074565;2069,0.5973611;2036,0.5716055;2068,0.59659845;2037,0.572454;2038,0.57329184;2070,0.5981241;2039,0.5741199;2040,0.57493883;2041,0.5757518;2042,0.5765591;2043,0.5773612;2044,0.57815844;2045,0.578951;2046,0.5797393;2047,0.5805235;2048,0.5813039;2017,0.5503608;2049,0.5820807;2016,0.54844564;2050,0.5828541;2019,0.5536318;2051,0.58362573;2018,0.5520718;2052,0.5843956;2021,0.55642664;2053,0.58516383;2020,0.5550747;2054,0.58593065;2023,0.55891776;2055,0.58669597;2022,0.5577036;2056,0.5874602;2025,0.5611924;2057,0.5882234;2024,0.56007826;2058,0.5889856;2027,0.5633039;2059,0.5897469;2026,0.56226605;2060,0.5905074;2029,0.56528753;2061,0.59126806;2028,0.56430995;2062,0.59202886;2031,0.56717235;2063,0.5927898;2030,0.5662394;2002,0.0;2003,0.0;2000,0.0;2001,0.0;2006,0.0;2007,0.0;2004,0.0;2005,0.0;2010,0.0;2011,0.0;2008,0.0;2009,0.0;2014,0.54354423;2015,0.5462347;2012,0.0;2013,0.53987825',1,4,9),(59,'2065,0.59442705;2032,0.5680889;2064,0.5936593;2033,0.56898963;2067,0.5959641;2034,0.5698761;2066,0.59519535;2035,0.57074946;2069,0.5975032;2036,0.57161075;2068,0.59673333;2037,0.5724608;2038,0.5733005;2070,0.5982735;2039,0.5741305;2040,0.5749515;2041,0.57576674;2042,0.5765765;2043,0.57738113;2044,0.578181;2045,0.5789765;2046,0.57976776;2047,0.5805551;2048,0.5813387;2017,0.5503608;2049,0.58211887;2016,0.54844564;2050,0.5828958;2019,0.5536318;2051,0.583671;2018,0.5520718;2052,0.58444464;2021,0.55642664;2053,0.58521676;2020,0.5550747;2054,0.5859875;2023,0.55891776;2055,0.58675694;2022,0.5577036;2056,0.58752555;2025,0.5611924;2057,0.58829325;2024,0.56007826;2058,0.5890603;2027,0.5633039;2059,0.58982664;2026,0.56226605;2060,0.5905924;2029,0.56528753;2061,0.59135854;2028,0.56430995;2062,0.59212506;2031,0.56717265;2063,0.59289193;2030,0.5662394;2002,0.0;2003,0.0;2000,0.0;2001,0.0;2006,0.0;2007,0.0;2004,0.0;2005,0.0;2010,0.0;2011,0.0;2008,0.0;2009,0.0;2014,0.54354423;2015,0.5462347;2012,0.0;2013,0.53987825',1,2,9),(60,'2065,0.5929444;2032,0.56767565;2064,0.5922224;2033,0.5685557;2067,0.59438694;2034,0.56942064;2066,0.5936659;2035,0.57027173;2069,0.59582776;2036,0.5711099;2068,0.59510756;2037,0.5719361;2038,0.57275116;2070,0.59654754;2039,0.57355595;2040,0.574351;2041,0.5751395;2042,0.5759219;2043,0.57669854;2044,0.57746977;2045,0.5782358;2046,0.578997;2047,0.5797537;2048,0.580506;2017,0.5502092;2049,0.5812543;2016,0.54831195;2050,0.58199865;2019,0.5534459;2051,0.58274066;2018,0.5519029;2052,0.5834805;2021,0.5562072;2053,0.58421814;2020,0.55487204;2054,0.5849538;2023,0.55866474;2055,0.5856875;2022,0.55746746;2056,0.58641934;2025,0.56090546;2057,0.58714926;2024,0.5598084;2058,0.58787745;2027,0.5629824;2059,0.588604;2026,0.5619619;2060,0.5893289;2029,0.5649308;2061,0.59005314;2028,0.5639709;2062,0.5907768;2031,0.5667792;2063,0.59149987;2030,0.5658648;2002,0.0;2003,0.0;2000,0.0;2001,0.0;2006,0.0;2007,0.0;2004,0.0;2005,0.0;2010,0.0;2011,0.0;2008,0.0;2009,0.0;2014,0.5434504;2015,0.54612005;2012,0.0;2013,0.53981',1,6,9),(61,'2065,0.59232193;2032,0.5681306;2064,0.5916734;2033,0.56901443;2067,0.59361;2034,0.569881;2066,0.59296745;2035,0.5707317;2069,0.59488666;2036,0.5715676;2068,0.5942497;2037,0.5723899;2038,0.57319945;2070,0.595521;2039,0.57399714;2040,0.57478374;2041,0.5755606;2042,0.5763284;2043,0.5770875;2044,0.5778386;2045,0.578582;2046,0.5793182;2047,0.5800476;2048,0.58077055;2017,0.5504285;2049,0.58148736;2016,0.5485064;2050,0.5821983;2019,0.5537122;2051,0.58290386;2018,0.552146;2052,0.5836042;2021,0.55651665;2053,0.5842996;2020,0.55516106;2054,0.5849903;2023,0.55900997;2055,0.58567655;2022,0.5577955;2056,0.5863584;2025,0.56128156;2057,0.587036;2024,0.5601695;2058,0.5877096;2027,0.5633859;2059,0.5883794;2026,0.56235206;2060,0.58904546;2029,0.5653592;2061,0.58970773;2028,0.56438714;2062,0.59036636;2031,0.56722796;2063,0.59102154;2030,0.5663048;2002,0.0;2003,0.0;2000,0.0;2001,0.0;2006,0.0;2007,0.0;2004,0.0;2005,0.0;2010,0.0;2011,0.0;2008,0.0;2009,0.0;2014,0.54358846;2015,0.54628783;2012,0.0;2013,0.53991103',1,3,9),(62,'2065,0.59253734;2032,0.5682333;2064,0.59188366;2033,0.5691212;2067,0.59383625;2034,0.5699916;2066,0.59318817;2035,0.570846;2069,0.59512454;2036,0.5716856;2068,0.59448165;2037,0.5725114;2038,0.5733244;2070,0.59576494;2039,0.57412547;2040,0.5749154;2041,0.5756955;2042,0.5764664;2043,0.57722867;2044,0.5779828;2045,0.57872915;2046,0.5794683;2047,0.5802006;2048,0.5809264;2017,0.55046666;2049,0.581646;2016,0.54854;2050,0.58235985;2019,0.553759;2051,0.58306813;2018,0.5521885;2052,0.58377117;2021,0.5565719;2053,0.5844693;2020,0.5552121;2054,0.5851627;2023,0.5590737;2055,0.58585155;2022,0.557855;2056,0.5865363;2025,0.5613538;2057,0.5872171;2024,0.56023747;2058,0.58789414;2027,0.56346685;2059,0.5885676;2026,0.5624286;2060,0.58923763;2029,0.56544894;2061,0.58990407;2028,0.5644725;2062,0.5905672;2031,0.56732655;2063,0.59122694;2030,0.5663991;2002,0.0;2003,0.0;2000,0.0;2001,0.0;2006,0.0;2007,0.0;2004,0.0;2005,0.0;2010,0.0;2011,0.0;2008,0.0;2009,0.0;2014,0.543612;2015,0.5463167;2012,0.0;2013,0.5399282',1,1,9),(63,'2065,0.5912121;2032,0.5677194;2064,0.5905883;2033,0.56858504;2067,0.5924499;2034,0.5694333;2066,0.59183264;2035,0.5702655;2069,0.5936753;2036,0.5710828;2068,0.5930641;2037,0.57188624;2038,0.57267684;2070,0.59428364;2039,0.5734554;2040,0.57422274;2041,0.57498014;2042,0.5757282;2043,0.5764675;2044,0.5771985;2045,0.5779217;2046,0.5786375;2047,0.57934624;2048,0.5800484;2017,0.55027646;2049,0.58074415;2016,0.54837227;2050,0.5814339;2019,0.5535257;2051,0.58211803;2018,0.55197656;2052,0.5827968;2021,0.5562965;2053,0.5834704;2020,0.5549577;2054,0.5841391;2023,0.55875623;2055,0.5848031;2022,0.5575586;2056,0.58546245;2025,0.5609938;2057,0.5861173;2024,0.5598988;2058,0.5867679;2027,0.5630637;2059,0.5874144;2026,0.5620471;2060,0.588057;2029,0.5650018;2061,0.58869547;2028,0.5640474;2062,0.5893301;2031,0.5668348;2063,0.589961;2030,0.5659296;2002,0.0;2003,0.0;2000,0.0;2001,0.0;2006,0.0;2007,0.0;2004,0.0;2005,0.0;2010,0.0;2011,0.0;2008,0.0;2009,0.0;2014,0.54349434;2015,0.54617274;2012,0.0;2013,0.5398426',1,5,9),(64,'2065,3.6244621;2032,2.4502866;2064,3.5968335;2033,2.4987862;2067,3.6787984;2034,2.5459225;2066,3.6517808;2035,2.591794;2069,3.7319648;2036,2.636487;2068,3.7055235;2037,2.6800795;2038,2.7226405;2070,3.75813;2039,2.7642334;2040,2.8049142;2041,2.8447347;2042,2.883742;2043,2.9219792;2044,2.959485;2045,2.9962962;2046,3.0324457;2047,3.0679646;2048,3.1028814;2017,1.4039669;2049,3.1372225;2016,1.2835894;2050,3.1710129;2019,1.6071616;2051,3.2042754;2018,1.5106561;2052,3.2370315;2021,1.777891;2053,3.269301;2020,1.6957277;2054,3.301103;2023,1.9271486;2055,3.3324554;2022,1.8547565;2056,3.3633745;2025,2.060916;2057,3.3938758;2024,1.9957018;2058,3.4239743;2027,2.1828628;2059,3.4536839;2026,2.1231935;2060,3.4830177;2029,2.2954245;2061,3.511988;2028,2.2401965;2062,3.5406067;2031,2.4003136;2063,3.5688848;2030,2.3487413;2002,0.0;2003,0.0;2000,0.0;2001,0.0;2006,0.0;2007,0.0;2004,0.0;2005,0.0;2010,0.0;2011,0.0;2008,0.0;2009,0.0;2014,0.9716192;2015,1.1434985;2012,0.0;2013,0.7354719',1,19,10),(65,'2065,4.6018734;2032,2.7661645;2064,4.5485725;2033,2.829161;2067,4.7085323;2034,2.891144;2066,4.655193;2035,2.9521947;2069,4.8152766;2036,3.012384;2068,4.7618933;2037,3.0717764;2038,3.1304293;2070,4.868685;2039,3.1883943;2040,3.2457187;2041,3.3026245;2042,3.3591385;2043,3.4152858;2044,3.4710896;2045,3.5265713;2046,3.5817504;2047,3.636645;2048,3.6912727;2017,1.5252556;2049,3.7456489;2016,1.3911942;2050,3.7997882;2019,1.7542244;2051,3.8537996;2018,1.6450256;2052,3.9076908;2021,1.9498632;2053,3.9614697;2020,1.8552291;2054,4.0151434;2023,2.1242442;2055,4.0687184;2022,2.0392544;2056,4.1222143;2025,2.2834692;2057,4.1756372;2024,2.2054794;2058,4.228992;2027,2.4312725;2059,4.2822843;2026,2.3586223;2060,4.335519;2029,2.5701258;2061,4.388763;2028,2.5016963;2062,4.442019;2031,2.7020645;2063,4.495288;2030,2.6367576;2002,0.0;2003,0.0;2000,0.0;2001,0.0;2006,0.0;2007,0.0;2004,0.0;2005,0.0;2010,0.0;2011,0.0;2008,0.0;2009,0.0;2014,1.0480964;2015,1.2364326;2012,0.0;2013,0.79147786',1,4,10),(66,'2065,4.609895;2032,2.7662225;2064,4.5561495;2033,2.8292735;2067,4.7174864;2034,2.8913271;2066,4.6636734;2035,2.9524627;2069,4.825221;2036,3.0127509;2068,4.771335;2037,3.0722551;2038,3.1310325;2070,4.8791456;2039,3.1891336;2040,3.2466056;2041,3.30367;2042,3.360353;2043,3.4166799;2044,3.4726732;2045,3.528354;2046,3.5837417;2047,3.6388545;2048,3.693709;2017,1.5252556;2049,3.748321;2016,1.3911942;2050,3.802705;2019,1.7542244;2051,3.8569698;2018,1.6450256;2052,3.9111228;2021,1.9498632;2053,3.965172;2020,1.8552291;2054,4.0191245;2023,2.1242442;2055,4.0729866;2022,2.0392544;2056,4.1267867;2025,2.2834692;2057,4.18053;2024,2.2054794;2058,4.2342215;2027,2.4312725;2059,4.287866;2026,2.3586223;2060,4.341469;2029,2.5701258;2061,4.395097;2028,2.5016963;2062,4.448752;2031,2.7020843;2063,4.5024357;2030,2.6367576;2002,0.0;2003,0.0;2000,0.0;2001,0.0;2006,0.0;2007,0.0;2004,0.0;2005,0.0;2010,0.0;2011,0.0;2008,0.0;2009,0.0;2014,1.0480964;2015,1.2364326;2012,0.0;2013,0.79147786',1,2,10),(67,'2065,4.5061083;2032,2.7372956;2064,4.455568;2033,2.798899;2067,4.6070867;2034,2.8594463;2066,4.556614;2035,2.919019;2069,4.707942;2036,2.9776905;2068,4.657529;2037,3.0355253;2038,3.0925825;2070,4.7583275;2039,3.1489146;2040,3.204569;2041,3.2597663;2042,3.3145342;2043,3.3688982;2044,3.4228816;2045,3.4765065;2046,3.5297928;2047,3.5827591;2048,3.6354227;2017,1.514645;2049,3.6878;2016,1.3818369;2050,3.7399054;2019,1.741213;2051,3.7918465;2018,1.6332029;2052,3.8436315;2021,1.9345032;2053,3.8952684;2020,1.8410414;2054,3.9467645;2023,2.1065333;2055,3.9981265;2022,2.022721;2056,4.0493526;2025,2.2633817;2057,4.1004496;2024,2.1865845;2058,4.1514225;2027,2.4087684;2059,4.202278;2026,2.337332;2060,4.2530217;2029,2.5451577;2061,4.3037205;2028,2.4779665;2062,4.3543763;2031,2.6745434;2063,4.404991;2030,2.6105375;2002,0.0;2003,0.0;2000,0.0;2001,0.0;2006,0.0;2007,0.0;2004,0.0;2005,0.0;2010,0.0;2011,0.0;2008,0.0;2009,0.0;2014,1.0415303;2015,1.2284013;2012,0.0;2013,0.78670204',1,6,10),(68,'2065,4.462537;2032,2.7691429;2064,4.417135;2033,2.8310118;2067,4.552701;2034,2.8916724;2066,4.507723;2035,2.9512184;2069,4.642066;2036,3.0097334;2068,4.59748;2037,3.0672922;2038,3.123961;2070,4.6864676;2039,3.1798;2040,3.2348633;2041,3.2892451;2042,3.342987;2043,3.3961275;2044,3.4487014;2045,3.5007408;2046,3.5522754;2047,3.6033325;2048,3.6539373;2017,1.5299938;2049,3.7041135;2016,1.3954448;2050,3.7538824;2019,1.7598518;2051,3.80327;2018,1.6502197;2052,3.8522947;2021,1.956166;2053,3.900974;2020,1.8612736;2054,3.9493241;2023,2.1306994;2055,3.9973602;2022,2.045687;2056,4.0450883;2025,2.289708;2057,4.092522;2024,2.2118661;2058,4.139674;2027,2.437013;2059,4.186557;2026,2.364643;2060,4.233182;2029,2.5751414;2061,4.2795415;2028,2.5071;2062,4.3256464;2031,2.7059586;2063,4.3715076;2030,2.641338;2002,0.0;2003,0.0;2000,0.0;2001,0.0;2006,0.0;2007,0.0;2004,0.0;2005,0.0;2010,0.0;2011,0.0;2008,0.0;2009,0.0;2014,1.0511903;2015,1.2401465;2012,0.0;2013,0.7937727',1,3,10),(69,'2065,4.4776144;2032,2.7763333;2064,4.4318557;2033,2.8384821;2067,4.5685363;2034,2.899413;2066,4.523172;2035,2.9592216;2069,4.6587167;2036,3.0179913;2068,4.6137156;2037,3.0757978;2038,3.132708;2070,4.7035465;2039,3.188783;2040,3.244077;2041,3.2986844;2042,3.3526478;2043,3.4060054;2044,3.4587927;2045,3.511042;2046,3.5627832;2047,3.614044;2048,3.6648493;2017,1.532664;2049,3.7152233;2016,1.3977991;2050,3.7651877;2019,1.7631273;2051,3.814768;2018,1.6531954;2052,3.8639834;2021,1.9600337;2053,3.9128513;2020,1.8648458;2054,3.9613879;2023,2.1351593;2055,4.0096083;2022,2.0498502;2056,4.0575404;2025,2.2947657;2057,4.105197;2024,2.2166238;2058,4.1525903;2027,2.4426785;2059,4.199732;2026,2.3700035;2060,4.246633;2029,2.5814264;2061,4.293286;2028,2.5130737;2062,4.3397007;2031,2.7128594;2063,4.385887;2030,2.6479373;2002,0.0;2003,0.0;2000,0.0;2001,0.0;2006,0.0;2007,0.0;2004,0.0;2005,0.0;2010,0.0;2011,0.0;2008,0.0;2009,0.0;2014,1.0528418;2015,1.2421669;2012,0.0;2013,0.79497373',1,1,10),(70,'2065,4.3848486;2032,2.7403567;2064,4.34118;2033,2.8009522;2067,4.471494;2034,2.8603294;2066,4.4282837;2035,2.918582;2069,4.5572715;2036,2.975793;2068,4.5144877;2037,3.032036;2038,3.0873778;2070,4.5998535;2039,3.1418781;2040,3.1955907;2041,3.248609;2042,3.3009744;2043,3.3527253;2044,3.403896;2045,3.4545193;2046,3.504624;2047,3.5542376;2048,3.6033852;2017,1.5193503;2049,3.6520903;2016,1.3860589;2050,3.7003744;2019,1.7467985;2051,3.7482631;2018,1.6383595;2052,3.7957747;2021,1.9407562;2053,3.842927;2020,1.8470397;2054,3.889736;2023,2.1129348;2055,3.9362166;2022,2.0291016;2056,3.9823709;2025,2.2695656;2057,4.028212;2024,2.1929166;2058,4.0737543;2027,2.4144557;2059,4.1190085;2026,2.3432984;2060,4.163987;2029,2.5501244;2061,4.208683;2028,2.483319;2062,4.2531066;2031,2.678437;2063,4.2972693;2030,2.6150725;2002,0.0;2003,0.0;2000,0.0;2001,0.0;2006,0.0;2007,0.0;2004,0.0;2005,0.0;2010,0.0;2011,0.0;2008,0.0;2009,0.0;2014,1.0446047;2015,1.2320911;2012,0.0;2013,0.78898305',1,5,10),(71,'2065,0.2829;2032,0.2829;2064,0.2829;2033,0.2829;2067,0.2829;2034,0.2829;2066,0.2829;2035,0.2829;2069,0.2829;2036,0.2829;2068,0.2829;2037,0.2829;2038,0.2829;2070,0.2829;2039,0.2829;2040,0.2829;2041,0.2829;2042,0.2829;2043,0.2829;2044,0.2829;2045,0.2829;2046,0.2829;2047,0.2829;2048,0.2829;2017,0.2829;2049,0.2829;2016,0.2829;2050,0.2829;2019,0.2829;2051,0.2829;2018,0.2829;2052,0.2829;2021,0.2829;2053,0.2829;2020,0.2829;2054,0.2829;2023,0.2829;2055,0.2829;2022,0.2829;2056,0.2829;2025,0.2829;2057,0.2829;2024,0.2829;2058,0.2829;2027,0.2829;2059,0.2829;2026,0.2829;2060,0.2829;2029,0.2829;2061,0.2829;2028,0.2829;2062,0.2829;2031,0.2829;2063,0.2829;2030,0.2829;2002,0.0;2003,0.0;2000,0.0;2001,0.0;2006,0.0;2007,0.0;2004,0.0;2005,0.0;2010,0.0;2011,0.0;2008,0.0;2009,0.0;2014,0.2829;2015,0.2829;2012,0.0;2013,0.2829',1,19,11),(72,'2065,0.29647216;2032,0.28939807;2064,0.2962356;2033,0.28956836;2067,0.29694778;2034,0.28974512;2066,0.2967096;2035,0.2899275;2069,0.2974263;2036,0.29011482;2068,0.2971867;2037,0.29030645;2038,0.29050195;2070,0.2976666;2039,0.29070082;2040,0.29090276;2041,0.29110742;2042,0.29131454;2043,0.29152387;2044,0.29173523;2045,0.2919484;2046,0.29216325;2047,0.29237962;2048,0.29259738;2017,0.2872125;2049,0.29281643;2016,0.28706875;2050,0.29303664;2019,0.2875;2051,0.29325795;2018,0.28735626;2052,0.29348028;2021,0.2877875;2053,0.29370356;2020,0.28764376;2054,0.29392767;2023,0.288075;2055,0.29415262;2022,0.28793126;2056,0.2943791;2025,0.2883625;2057,0.294607;2024,0.28821874;2058,0.29483625;2027,0.28865;2059,0.29506674;2026,0.28850624;2060,0.29529843;2029,0.2889375;2061,0.2955312;2028,0.28879374;2062,0.29576504;2031,0.2892353;2063,0.29599985;2030,0.28908125;2002,0.0;2003,0.0;2000,0.0;2001,0.0;2006,0.0;2007,0.0;2004,0.0;2005,0.0;2010,0.0;2011,0.0;2008,0.0;2009,0.0;2014,0.28678125;2015,0.286925;2012,0.0;2013,0.2866375',1,4,11),(73,'2065,0.29690614;2032,0.28940326;2064,0.29665023;2033,0.2895782;2067,0.29742137;2034,0.2897608;2066,0.2971632;2035,0.28995;2069,0.2979408;2036,0.290145;2068,0.2976806;2037,0.2903451;2038,0.29054973;2070,0.29820195;2039,0.29075834;2040,0.29097053;2041,0.29118595;2042,0.29140425;2043,0.29162517;2044,0.29184845;2045,0.29207388;2046,0.29230124;2047,0.29253042;2048,0.29276124;2017,0.2872125;2049,0.29299358;2016,0.28706875;2050,0.29322731;2019,0.2875;2051,0.2934623;2018,0.28735626;2052,0.2936985;2021,0.2877875;2053,0.2939358;2020,0.28764376;2054,0.2941741;2023,0.288075;2055,0.29441336;2022,0.28793126;2056,0.29465482;2025,0.2883625;2057,0.29489833;2024,0.28821874;2058,0.29514375;2027,0.28865;2059,0.29539096;2026,0.28850624;2060,0.29563984;2029,0.2889375;2061,0.2958903;2028,0.28879374;2062,0.29614225;2031,0.2892371;2063,0.2963956;2030,0.28908125;2002,0.0;2003,0.0;2000,0.0;2001,0.0;2006,0.0;2007,0.0;2004,0.0;2005,0.0;2010,0.0;2011,0.0;2008,0.0;2009,0.0;2014,0.28678125;2015,0.286925;2012,0.0;2013,0.2866375',1,2,11),(74,'2065,0.291244;2032,0.28680196;2064,0.29110038;2033,0.28690693;2067,0.29153126;2034,0.28701648;2066,0.29138765;2035,0.28713;2069,0.29181856;2036,0.287247;2068,0.2916749;2037,0.28736705;2038,0.28748983;2070,0.2919622;2039,0.287615;2040,0.28774232;2041,0.28787157;2042,0.28800255;2043,0.2881351;2044,0.28826907;2045,0.28840432;2046,0.28854075;2047,0.28867826;2048,0.28881675;2017,0.2854875;2049,0.28895614;2016,0.28540125;2050,0.2890964;2019,0.28566;2051,0.28923738;2018,0.28557375;2052,0.2893791;2021,0.2858325;2053,0.2895215;2020,0.28574625;2054,0.28966448;2023,0.286005;2055,0.28980803;2022,0.28591874;2056,0.2899516;2025,0.2861775;2057,0.29009518;2024,0.28609124;2058,0.29023874;2027,0.28635;2059,0.29038233;2026,0.28626376;2060,0.29052594;2029,0.2865225;2061,0.29066953;2028,0.28643626;2062,0.29081315;2031,0.28670228;2063,0.29095677;2030,0.28660876;2002,0.0;2003,0.0;2000,0.0;2001,0.0;2006,0.0;2007,0.0;2004,0.0;2005,0.0;2010,0.0;2011,0.0;2008,0.0;2009,0.0;2014,0.28522876;2015,0.285315;2012,0.0;2013,0.2851425',1,6,11),(75,'2065,0.29436204;2032,0.2893722;2064,0.294212;2033,0.28951907;2067,0.29466137;2034,0.2896667;2066,0.2945118;2035,0.289815;2069,0.29495987;2036,0.28996387;2068,0.2948107;2037,0.29011327;2038,0.2902631;2070,0.29510882;2039,0.29041332;2040,0.29056394;2041,0.29071483;2042,0.29086605;2043,0.2910175;2044,0.29116923;2045,0.29132113;2046,0.29147324;2047,0.29162553;2048,0.291778;2017,0.2872125;2049,0.29193062;2016,0.28706875;2050,0.29208335;2019,0.2875;2051,0.29223624;2018,0.28735626;2052,0.2923892;2021,0.2877875;2053,0.29254234;2020,0.28764376;2054,0.29269552;2023,0.288075;2055,0.29284883;2022,0.28793126;2056,0.2930017;2025,0.2883625;2057,0.29315418;2024,0.28821874;2058,0.29330626;2027,0.28865;2059,0.29345798;2026,0.28850624;2060,0.29360938;2029,0.2889375;2061,0.29376045;2028,0.28879374;2062,0.29391125;2031,0.2892262;2063,0.29406175;2030,0.28908125;2002,0.0;2003,0.0;2000,0.0;2001,0.0;2006,0.0;2007,0.0;2004,0.0;2005,0.0;2010,0.0;2011,0.0;2008,0.0;2009,0.0;2014,0.28678125;2015,0.286925;2012,0.0;2013,0.2866375',1,3,11),(76,'2065,0.2952012;2032,0.29001477;2064,0.29503968;2033,0.2901721;2067,0.29552543;2034,0.29032925;2066,0.29536313;2035,0.29048625;2069,0.2958511;2036,0.2906431;2068,0.2956881;2037,0.2907998;2038,0.2909564;2070,0.29601446;2039,0.29111293;2040,0.29126933;2041,0.29142568;2042,0.29158193;2043,0.29173812;2044,0.29189426;2045,0.29205033;2046,0.29220638;2047,0.29236236;2048,0.29251832;2017,0.28764376;2049,0.2926742;2016,0.28748563;2050,0.2928301;2019,0.28796;2051,0.29298595;2018,0.28780186;2052,0.29314175;2021,0.28827626;2053,0.29329753;2020,0.28811812;2054,0.2934533;2023,0.2885925;2055,0.29360905;2022,0.2884344;2056,0.29376554;2025,0.28890875;2057,0.29392275;2024,0.28875062;2058,0.29408062;2027,0.289225;2059,0.29423913;2026,0.28906688;2060,0.2943982;2029,0.28954124;2061,0.29455784;2028,0.2893831;2062,0.29471797;2031,0.2898572;2063,0.2948786;2030,0.28969938;2002,0.0;2003,0.0;2000,0.0;2001,0.0;2006,0.0;2007,0.0;2004,0.0;2005,0.0;2010,0.0;2011,0.0;2008,0.0;2009,0.0;2014,0.28716937;2015,0.2873275;2012,0.0;2013,0.28701124',1,1,11),(77,'2065,0.29000178;2032,0.28678644;2064,0.28990614;2033,0.28687736;2067,0.29019204;2034,0.28696942;2066,0.2900971;2035,0.2870625;2069,0.29038104;2036,0.28715643;2068,0.2902867;2037,0.28725114;2038,0.2873465;2070,0.29047513;2039,0.2874425;2040,0.287539;2041,0.287636;2042,0.28773344;2043,0.28783128;2044,0.28792945;2045,0.28802794;2046,0.28812674;2047,0.2882258;2048,0.28832513;2017,0.2854875;2049,0.28842467;2016,0.28540125;2050,0.28852442;2019,0.28566;2051,0.28862435;2018,0.28557375;2052,0.28872445;2021,0.2858325;2053,0.28882474;2020,0.28574625;2054,0.28892517;2023,0.286005;2055,0.28902575;2022,0.28591874;2056,0.28912568;2025,0.2861775;2057,0.289225;2024,0.28609124;2058,0.28932375;2027,0.28635;2059,0.28942198;2026,0.28626376;2060,0.2895197;2029,0.2865225;2061,0.28961694;2028,0.28643626;2062,0.28971374;2031,0.28669682;2063,0.28981015;2030,0.28660876;2002,0.0;2003,0.0;2000,0.0;2001,0.0;2006,0.0;2007,0.0;2004,0.0;2005,0.0;2010,0.0;2011,0.0;2008,0.0;2009,0.0;2014,0.28522876;2015,0.285315;2012,0.0;2013,0.2851425',1,5,11),(78,'2065,3.6504557;2032,3.6506674;2064,3.650458;2033,3.6506512;2067,3.650451;2034,3.6506364;2066,3.6504533;2035,3.650623;2069,3.6504467;2036,3.6506107;2068,3.6504488;2037,3.6505995;2038,3.650589;2070,3.6504447;2039,3.6505792;2040,3.6505702;2041,3.6505618;2042,3.650554;2043,3.6505468;2044,3.6505399;2045,3.6505334;2046,3.6505275;2047,3.6505218;2048,3.6505163;2017,3.6516864;2049,3.6505113;2016,3.6520257;2050,3.6505063;2019,3.6512983;2051,3.6505017;2018,3.6514602;2052,3.6504974;2021,3.6510828;2053,3.6504931;2020,3.651177;2054,3.6504893;2023,3.6509454;2055,3.6504855;2022,3.6510072;2056,3.650482;2025,3.6508503;2057,3.6504786;2024,3.650894;2058,3.6504753;2027,3.6507807;2059,3.6504722;2026,3.650813;2060,3.650469;2029,3.6507273;2061,3.6504662;2028,3.6507523;2062,3.6504633;2031,3.6506853;2063,3.6504607;2030,3.650705;2002,0.0;2003,0.0;2000,0.0;2001,0.0;2006,0.0;2007,0.0;2004,0.0;2005,0.0;2010,0.0;2011,0.0;2008,0.0;2009,0.0;2014,3.6537206;2015,3.652591;2012,0.0;2013,3.6570992',1,19,12),(79,'2065,3.483342;2032,3.5686963;2064,3.4861262;2033,3.5665817;2067,3.4777584;2034,3.5643916;2066,3.4805524;2035,3.5621362;2069,3.4721587;2036,3.5598242;2068,3.4749603;2037,3.5574632;2038,3.5550592;2070,3.469354;2039,3.5526175;2040,3.5501428;2041,3.5476387;2042,3.5451088;2043,3.542556;2044,3.5399828;2045,3.537392;2046,3.5347848;2047,3.5321634;2048,3.5295296;2017,3.5968564;2049,3.5268843;2016,3.5989919;2050,3.524229;2019,3.5928776;2051,3.521565;2018,3.594834;2052,3.518893;2021,3.5890763;2053,3.5162141;2020,3.5909626;2054,3.513529;2023,3.5853596;2055,3.5108385;2022,3.5872102;2056,3.5081341;2025,3.5816917;2057,3.5054169;2024,3.583521;2058,3.5026882;2027,3.5780559;2059,3.4999487;2026,3.5798705;2060,3.4972;2029,3.5744436;2061,3.4944425;2028,3.5762472;2062,3.4916773;2031,3.570722;2063,3.488905;2030,3.5726442;2002,0.0;2003,0.0;2000,0.0;2001,0.0;2006,0.0;2007,0.0;2004,0.0;2005,0.0;2010,0.0;2011,0.0;2008,0.0;2009,0.0;2014,3.6042717;2015,3.6013525;2012,0.0;2013,3.6094139',1,4,12),(80,'2065,3.4782505;2032,3.5686324;2064,3.4812531;2033,3.5664604;2067,3.4722207;2034,3.5641987;2066,3.4752395;2035,3.5618598;2069,3.4661632;2036,3.559454;2068,3.469195;2037,3.55699;2038,3.5544748;2070,3.4631257;2039,3.551915;2040,3.549316;2041,3.546682;2042,3.5440176;2043,3.5413258;2044,3.5386097;2045,3.5358725;2046,3.5331159;2047,3.5303423;2048,3.5275538;2017,3.5968564;2049,3.5247517;2016,3.5989919;2050,3.5219376;2019,3.5928776;2051,3.5191128;2018,3.594834;2052,3.5162785;2021,3.5890763;2053,3.5134358;2020,3.5909626;2054,3.5105858;2023,3.5853596;2055,3.507729;2022,3.5872102;2056,3.5048513;2025,3.5816917;2057,3.5019538;2024,3.583521;2058,3.499039;2027,3.5780559;2059,3.4961076;2026,3.5798705;2060,3.4931614;2029,3.5744436;2061,3.4902017;2028,3.5762472;2062,3.4872298;2031,3.5706997;2063,3.4842467;2030,3.5726442;2002,0.0;2003,0.0;2000,0.0;2001,0.0;2006,0.0;2007,0.0;2004,0.0;2005,0.0;2010,0.0;2011,0.0;2008,0.0;2009,0.0;2014,3.6042717;2015,3.6013525;2012,0.0;2013,3.6094139',1,2,12),(81,'2065,3.5458717;2032,3.6009998;2064,3.5476236;2033,3.5996664;2067,3.5423734;2034,3.598278;2066,3.5441217;2035,3.596842;2069,3.5388818;2036,3.5953648;2068,3.5406268;2037,3.5938516;2038,3.5923066;2070,3.5371387;2039,3.5907338;2040,3.589136;2041,3.5875163;2042,3.5858772;2043,3.5842204;2044,3.582548;2045,3.5808616;2046,3.5791624;2047,3.577452;2048,3.5757313;2017,3.6185896;2049,3.574001;2016,3.6200194;2050,3.5722628;2019,3.6160202;2051,3.5705168;2018,3.6172724;2052,3.568764;2021,3.6136243;2053,3.567005;2020,3.6148086;2054,3.5652404;2023,3.611309;2055,3.5634706;2022,3.6124597;2056,3.5617027;2025,3.6090384;2057,3.5599365;2024,3.6101694;2058,3.5581722;2027,3.6067953;2059,3.5564096;2026,3.607914;2060,3.5546489;2029,3.6045713;2061,3.5528898;2028,3.6056814;2062,3.5511327;2031,3.6022696;2063,3.5493772;2030,3.6034646;2002,0.0;2003,0.0;2000,0.0;2001,0.0;2006,0.0;2007,0.0;2004,0.0;2005,0.0;2010,0.0;2011,0.0;2008,0.0;2009,0.0;2014,3.6238897;2015,3.6216743;2012,0.0;2013,3.6283379',1,6,12),(82,'2065,3.5083122;2032,3.5690153;2064,3.5101035;2033,3.567189;2067,3.5047438;2034,3.5653565;2066,3.5065258;2035,3.563519;2069,3.5011928;2036,3.5616775;2068,3.5029662;2037,3.5598323;2038,3.5579846;2070,3.4994235;2039,3.5561345;2040,3.5542827;2041,3.5524294;2042,3.550575;2043,3.54872;2044,3.5468645;2045,3.5450084;2046,3.5431526;2047,3.5412967;2048,3.539441;2017,3.5968564;2049,3.537586;2016,3.5989919;2050,3.5357313;2019,3.5928776;2051,3.5338771;2018,3.594834;2052,3.532024;2021,3.5890763;2053,3.5301714;2020,3.5909626;2054,3.5283196;2023,3.5853596;2055,3.526469;2022,3.5872102;2056,3.5246258;2025,3.5816917;2057,3.5227892;2024,3.583521;2058,3.5209596;2027,3.5780559;2059,3.519136;2026,3.5798705;2060,3.5173185;2029,3.5744436;2061,3.5155067;2028,3.5762472;2062,3.5137005;2031,3.5708342;2063,3.5118995;2030,3.5726442;2002,0.0;2003,0.0;2000,0.0;2001,0.0;2006,0.0;2007,0.0;2004,0.0;2005,0.0;2010,0.0;2011,0.0;2008,0.0;2009,0.0;2014,3.6042717;2015,3.6013525;2012,0.0;2013,3.6094139',1,3,12),(83,'2065,3.4983392;2032,3.5611076;2064,3.5002565;2033,3.559161;2067,3.4944966;2034,3.55722;2066,3.496419;2035,3.5552845;2069,3.4906454;2036,3.5533538;2068,3.492572;2037,3.5514278;2038,3.5495062;2070,3.4887173;2039,3.5475886;2040,3.5456748;2041,3.5437646;2042,3.541858;2043,3.5399544;2044,3.5380542;2045,3.5361571;2046,3.5342631;2047,3.5323718;2048,3.5304835;2017,3.5914636;2049,3.5285978;2016,3.5937731;2050,3.5267148;2019,3.5871382;2051,3.5248344;2018,3.589268;2052,3.5229566;2021,3.5829914;2053,3.5210814;2020,3.5850503;2054,3.5192087;2023,3.5789304;2055,3.5173385;2022,3.580953;2056,3.5154612;2025,3.5749197;2057,3.5135775;2024,3.57692;2058,3.5116882;2027,3.5709424;2059,3.5097935;2026,3.5729275;2060,3.507894;2029,3.5669901;2061,3.5059903;2028,3.5689635;2062,3.5040824;2031,3.563061;2063,3.5021713;2030,3.5650215;2002,0.0;2003,0.0;2000,0.0;2001,0.0;2006,0.0;2007,0.0;2004,0.0;2005,0.0;2010,0.0;2011,0.0;2008,0.0;2009,0.0;2014,3.5994003;2015,3.5963075;2012,0.0;2013,3.6047137',1,1,12),(84,'2065,3.5610604;2032,3.6011949;2064,3.5622377;2033,3.6000373;2067,3.5587213;2034,3.598868;2066,3.5598884;2035,3.5976877;2069,3.5564008;2036,3.5964987;2068,3.5575588;2037,3.5953019;2038,3.594098;2070,3.5552468;2039,3.5928886;2040,3.5916736;2041,3.5904543;2042,3.5892308;2043,3.5880036;2044,3.5867734;2045,3.5855405;2046,3.5843053;2047,3.5830677;2048,3.581828;2017,3.6185896;2049,3.5805871;2016,3.6200194;2050,3.5793445;2019,3.6160202;2051,3.5781007;2018,3.6172724;2052,3.5768557;2021,3.6136243;2053,3.5756097;2020,3.6148086;2054,3.5743628;2023,3.611309;2055,3.5731153;2022,3.6124597;2056,3.571877;2025,3.6090384;2057,3.570647;2024,3.6101694;2058,3.569425;2027,3.6067953;2059,3.5682106;2026,3.607914;2060,3.5670033;2029,3.6045713;2061,3.5658028;2028,3.6056814;2062,3.5646086;2031,3.602338;2063,3.5634203;2030,3.6034646;2002,0.0;2003,0.0;2000,0.0;2001,0.0;2006,0.0;2007,0.0;2004,0.0;2005,0.0;2010,0.0;2011,0.0;2008,0.0;2009,0.0;2014,3.6238897;2015,3.6216743;2012,0.0;2013,3.6283379',1,5,12),(85,'2065,39.834473;2032,39.834473;2064,39.834473;2033,39.834473;2067,39.834473;2034,39.834473;2066,39.834473;2035,39.834473;2069,39.834473;2036,39.834473;2068,39.834473;2037,39.834473;2038,39.834473;2070,39.834473;2039,39.834473;2040,39.834473;2041,39.834473;2042,39.834473;2043,39.834473;2044,39.834473;2045,39.834473;2046,39.834473;2047,39.834473;2048,39.834473;2017,39.834473;2049,39.834473;2016,39.834473;2050,39.834473;2019,39.834473;2051,39.834473;2018,39.834473;2052,39.834473;2021,39.834473;2053,39.834473;2020,39.834473;2054,39.834473;2023,39.834473;2055,39.834473;2022,39.834473;2056,39.834473;2025,39.834473;2057,39.834473;2024,39.834473;2058,39.834473;2027,39.834473;2059,39.834473;2026,39.834473;2060,39.834473;2029,39.834473;2061,39.834473;2028,39.834473;2062,39.834473;2031,39.834473;2063,39.834473;2030,39.834473;2002,0.0;2003,0.0;2000,0.0;2001,0.0;2006,0.0;2007,0.0;2004,0.0;2005,0.0;2010,0.0;2011,0.0;2008,0.0;2009,0.0;2014,39.834473;2015,39.834473;2012,0.0;2013,39.834473',1,19,13),(86,'2065,39.56213;2032,39.71949;2064,39.56788;2033,39.716076;2067,39.55047;2034,39.712513;2066,39.556324;2035,39.708813;2069,39.53861;2036,39.70499;2068,39.544563;2037,39.701057;2038,39.697018;2070,39.532604;2039,39.692883;2040,39.68866;2041,39.68435;2042,39.679962;2043,39.6755;2044,39.670967;2045,39.666363;2046,39.661697;2047,39.656967;2048,39.652176;2017,39.76155;2049,39.647327;2016,39.7642;2050,39.642426;2019,39.756207;2051,39.637466;2018,39.758884;2052,39.632454;2021,39.750805;2053,39.62739;2020,39.753513;2054,39.622276;2023,39.745346;2055,39.617115;2022,39.74808;2056,39.611885;2025,39.73983;2057,39.606594;2024,39.742596;2058,39.60124;2027,39.734257;2059,39.59582;2026,39.73705;2060,39.590347;2029,39.728626;2061,39.584812;2028,39.73145;2062,39.579224;2031,39.722736;2063,39.573578;2030,39.725792;2002,0.0;2003,0.0;2000,0.0;2001,0.0;2006,0.0;2007,0.0;2004,0.0;2005,0.0;2010,0.0;2011,0.0;2008,0.0;2009,0.0;2014,39.769455;2015,39.766834;2012,0.0;2013,39.77206',1,4,13),(87,'2065,39.551495;2032,39.719387;2064,39.557777;2033,39.715878;2067,39.53873;2034,39.712196;2066,39.545147;2035,39.708355;2069,39.525715;2036,39.704372;2068,39.532253;2037,39.70026;2038,39.696026;2070,39.51911;2039,39.691685;2040,39.687237;2041,39.68269;2042,39.678055;2043,39.673332;2044,39.668526;2045,39.663643;2046,39.658684;2047,39.653652;2048,39.648552;2017,39.76155;2049,39.643387;2016,39.7642;2050,39.638153;2019,39.756207;2051,39.632862;2018,39.758884;2052,39.627506;2021,39.750805;2053,39.622093;2020,39.753513;2054,39.61662;2023,39.745346;2055,39.61109;2022,39.74808;2056,39.60548;2025,39.73983;2057,39.59978;2024,39.742596;2058,39.594006;2027,39.734257;2059,39.58815;2026,39.73705;2060,39.582222;2029,39.728626;2061,39.576218;2028,39.73145;2062,39.57014;2031,39.7227;2063,39.563995;2030,39.725792;2002,0.0;2003,0.0;2000,0.0;2001,0.0;2006,0.0;2007,0.0;2004,0.0;2005,0.0;2010,0.0;2011,0.0;2008,0.0;2009,0.0;2014,39.769455;2015,39.766834;2012,0.0;2013,39.77206',1,2,13),(88,'2065,39.68146;2032,39.769077;2064,39.684498;2033,39.767166;2067,39.675343;2034,39.76516;2066,39.678406;2035,39.763073;2069,39.66917;2036,39.76091;2068,39.672264;2037,39.758686;2038,39.756397;2070,39.666065;2039,39.75405;2040,39.75166;2041,39.749214;2042,39.746727;2043,39.744198;2044,39.741627;2045,39.73902;2046,39.73638;2047,39.733707;2048,39.731;2017,39.79237;2049,39.72826;2016,39.793854;2050,39.72549;2019,39.789387;2051,39.722694;2018,39.790882;2052,39.71987;2021,39.786377;2053,39.71702;2020,39.787884;2054,39.71414;2023,39.783348;2055,39.71124;2022,39.784866;2056,39.708324;2025,39.7803;2057,39.705395;2024,39.781826;2058,39.70245;2027,39.77723;2059,39.699493;2026,39.778767;2060,39.69652;2029,39.774136;2061,39.693535;2028,39.775684;2062,39.690536;2031,39.77089;2063,39.687523;2030,39.77258;2002,0.0;2003,0.0;2000,0.0;2001,0.0;2006,0.0;2007,0.0;2004,0.0;2005,0.0;2010,0.0;2011,0.0;2008,0.0;2009,0.0;2014,39.796806;2015,39.795334;2012,0.0;2013,39.798275',1,6,13),(89,'2065,39.61228;2032,39.72001;2064,39.615746;2033,39.717068;2067,39.605328;2034,39.714096;2066,39.608807;2035,39.711098;2069,39.59834;2036,39.708073;2068,39.601837;2037,39.705025;2038,39.70195;2070,39.59483;2039,39.698853;2040,39.695732;2041,39.692593;2042,39.68943;2043,39.686245;2044,39.683044;2045,39.67982;2046,39.676582;2047,39.67332;2048,39.670044;2017,39.76155;2049,39.666748;2016,39.7642;2050,39.663437;2019,39.756207;2051,39.660103;2018,39.758884;2052,39.656757;2021,39.750805;2053,39.65339;2020,39.753513;2054,39.65001;2023,39.745346;2055,39.64661;2022,39.74808;2056,39.643204;2025,39.73983;2057,39.639793;2024,39.742596;2058,39.63638;2027,39.734257;2059,39.632957;2026,39.73705;2060,39.62953;2029,39.728626;2061,39.626095;2028,39.73145;2062,39.622654;2031,39.722916;2063,39.6192;2030,39.725792;2002,0.0;2003,0.0;2000,0.0;2001,0.0;2006,0.0;2007,0.0;2004,0.0;2005,0.0;2010,0.0;2011,0.0;2008,0.0;2009,0.0;2014,39.769455;2015,39.766834;2012,0.0;2013,39.77206',1,3,13),(90,'2065,39.592648;2032,39.707035;2064,39.59646;2033,39.703815;2067,39.584953;2034,39.70059;2066,39.588814;2035,39.697342;2069,39.57716;2036,39.694084;2068,39.581066;2037,39.690815;2038,39.68753;2070,39.573227;2039,39.684235;2040,39.680923;2041,39.677597;2042,39.67426;2043,39.670902;2044,39.667534;2045,39.664154;2046,39.660755;2047,39.657345;2048,39.65392;2017,39.753513;2049,39.65048;2016,39.756474;2050,39.647026;2019,39.747536;2051,39.643555;2018,39.750534;2052,39.64007;2021,39.74149;2053,39.636574;2020,39.744522;2054,39.633064;2023,39.735374;2055,39.62954;2022,39.73844;2056,39.62598;2025,39.72919;2057,39.62239;2024,39.732292;2058,39.61877;2027,39.722942;2059,39.61512;2026,39.726074;2060,39.611443;2029,39.71662;2061,39.60774;2028,39.71979;2062,39.604004;2031,39.710243;2063,39.600246;2030,39.713436;2002,0.0;2003,0.0;2000,0.0;2001,0.0;2006,0.0;2007,0.0;2004,0.0;2005,0.0;2010,0.0;2011,0.0;2008,0.0;2009,0.0;2014,39.762344;2015,39.75942;2012,0.0;2013,39.765255',1,1,13),(91,'2065,39.707302;2032,39.76936;2064,39.709248;2033,39.767704;2067,39.703407;2034,39.76602;2066,39.705353;2035,39.764313;2069,39.699516;2036,39.762585;2068,39.70146;2037,39.760834;2038,39.759068;2070,39.697575;2039,39.75728;2040,39.755478;2041,39.75366;2042,39.751823;2043,39.749977;2044,39.748116;2045,39.746243;2046,39.744358;2047,39.74246;2048,39.74055;2017,39.79237;2049,39.73863;2016,39.793854;2050,39.7367;2019,39.789387;2051,39.734756;2018,39.790882;2052,39.732803;2021,39.786377;2053,39.730843;2020,39.787884;2054,39.72887;2023,39.783348;2055,39.726887;2022,39.784866;2056,39.72491;2025,39.7803;2057,39.722942;2024,39.781826;2058,39.720974;2027,39.77723;2059,39.719013;2026,39.778767;2060,39.717056;2029,39.774136;2061,39.7151;2028,39.775684;2062,39.713146;2031,39.77099;2063,39.711197;2030,39.77258;2002,0.0;2003,0.0;2000,0.0;2001,0.0;2006,0.0;2007,0.0;2004,0.0;2005,0.0;2010,0.0;2011,0.0;2008,0.0;2009,0.0;2014,39.796806;2015,39.795334;2012,0.0;2013,39.798275',1,5,13),(92,'2065,43.48493;2032,43.48514;2064,43.484932;2033,43.485123;2067,43.484924;2034,43.485107;2066,43.484924;2035,43.485096;2069,43.48492;2036,43.485085;2068,43.48492;2037,43.485073;2038,43.48506;2070,43.484917;2039,43.48505;2040,43.485043;2041,43.485035;2042,43.485027;2043,43.48502;2044,43.485012;2045,43.485004;2046,43.485;2047,43.484993;2048,43.48499;2017,43.48616;2049,43.484985;2016,43.4865;2050,43.484978;2019,43.48577;2051,43.484974;2018,43.48593;2052,43.48497;2021,43.485554;2053,43.484966;2020,43.48565;2054,43.484962;2023,43.485416;2055,43.48496;2022,43.48548;2056,43.484955;2025,43.485325;2057,43.48495;2024,43.485367;2058,43.484947;2027,43.485252;2059,43.484943;2026,43.485287;2060,43.484943;2029,43.4852;2061,43.48494;2028,43.485226;2062,43.484936;2031,43.485157;2063,43.484932;2030,43.485176;2002,0.0;2003,0.0;2000,0.0;2001,0.0;2006,0.0;2007,0.0;2004,0.0;2005,0.0;2010,0.0;2011,0.0;2008,0.0;2009,0.0;2014,43.488194;2015,43.487064;2012,0.0;2013,43.491573',1,19,14),(93,'2065,43.04547;2032,43.28819;2064,43.05401;2033,43.282658;2067,43.02823;2034,43.276905;2066,43.036877;2035,43.27095;2069,43.010765;2036,43.264816;2068,43.019524;2037,43.25852;2038,43.252075;2070,43.001957;2039,43.2455;2040,43.2388;2041,43.231987;2042,43.22507;2043,43.218056;2044,43.21095;2045,43.203754;2046,43.19648;2047,43.18913;2048,43.181705;2017,43.358406;2049,43.174213;2016,43.36319;2050,43.166653;2019,43.349083;2051,43.15903;2018,43.353718;2052,43.15135;2021,43.33988;2053,43.143604;2020,43.344475;2054,43.135807;2023,43.330704;2055,43.127953;2022,43.335293;2056,43.12002;2025,43.32152;2057,43.11201;2024,43.326115;2058,43.103928;2027,43.312313;2059,43.09577;2026,43.31692;2060,43.087547;2029,43.30307;2061,43.079258;2028,43.307697;2062,43.0709;2031,43.293457;2063,43.062485;2030,43.298435;2002,0.0;2003,0.0;2000,0.0;2001,0.0;2006,0.0;2007,0.0;2004,0.0;2005,0.0;2010,0.0;2011,0.0;2008,0.0;2009,0.0;2014,43.373726;2015,43.368187;2012,0.0;2013,43.381474',1,4,14),(94,'2065,43.029747;2032,43.28802;2064,43.039032;2033,43.28234;2067,43.010952;2034,43.276394;2066,43.020386;2035,43.270214;2069,42.99188;2036,43.26383;2068,43.00145;2037,43.257248;2038,43.250504;2070,42.98224;2039,43.2436;2040,43.23655;2041,43.229374;2042,43.222073;2043,43.214657;2044,43.207134;2045,43.199512;2046,43.1918;2047,43.183994;2048,43.176105;2017,43.358406;2049,43.168137;2016,43.36319;2050,43.16009;2019,43.349083;2051,43.151974;2018,43.353718;2052,43.143784;2021,43.33988;2053,43.13553;2020,43.344475;2054,43.127205;2023,43.330704;2055,43.11882;2022,43.335293;2056,43.11033;2025,43.32152;2057,43.101738;2024,43.326115;2058,43.093044;2027,43.312313;2059,43.08426;2026,43.31692;2060,43.075382;2029,43.30307;2061,43.066418;2028,43.307697;2062,43.05737;2031,43.2934;2063,43.04824;2030,43.298435;2002,0.0;2003,0.0;2000,0.0;2001,0.0;2006,0.0;2007,0.0;2004,0.0;2005,0.0;2010,0.0;2011,0.0;2008,0.0;2009,0.0;2014,43.373726;2015,43.368187;2012,0.0;2013,43.381474',1,2,14),(95,'2065,43.227333;2032,43.37008;2064,43.232124;2033,43.366833;2067,43.217716;2034,43.363438;2066,43.22253;2035,43.359913;2069,43.208054;2036,43.356277;2068,43.21289;2037,43.352535;2038,43.3487;2070,43.203205;2039,43.344788;2040,43.340794;2041,43.33673;2042,43.332603;2043,43.32842;2044,43.324177;2045,43.319885;2046,43.315544;2047,43.311157;2048,43.30673;2017,43.41096;2049,43.30226;2016,43.413876;2050,43.297752;2019,43.405407;2051,43.293213;2018,43.408154;2052,43.288635;2021,43.4;2053,43.284023;2020,43.402695;2054,43.27938;2023,43.394657;2055,43.27471;2022,43.397327;2056,43.270027;2025,43.38934;2057,43.26533;2024,43.392;2058,43.26062;2027,43.38402;2059,43.2559;2026,43.38668;2060,43.251167;2029,43.378708;2061,43.246426;2028,43.381367;2062,43.24167;2031,43.373158;2063,43.2369;2030,43.376045;2002,0.0;2003,0.0;2000,0.0;2001,0.0;2006,0.0;2007,0.0;2004,0.0;2005,0.0;2010,0.0;2011,0.0;2008,0.0;2009,0.0;2014,43.420696;2015,43.417007;2012,0.0;2013,43.426613',1,6,14),(96,'2065,43.120594;2032,43.289024;2064,43.12585;2033,43.284256;2067,43.11007;2034,43.279453;2066,43.115334;2035,43.274616;2069,43.09953;2036,43.26975;2068,43.1048;2037,43.264854;2038,43.259933;2070,43.094254;2039,43.254986;2040,43.250015;2041,43.24502;2042,43.240005;2043,43.234966;2044,43.229908;2045,43.22483;2046,43.219734;2047,43.21462;2048,43.209484;2017,43.358406;2049,43.204334;2016,43.36319;2050,43.199165;2019,43.349083;2051,43.19398;2018,43.353718;2052,43.188778;2021,43.33988;2053,43.183563;2020,43.344475;2054,43.17833;2023,43.330704;2055,43.173077;2022,43.335293;2056,43.16783;2025,43.32152;2057,43.162586;2024,43.326115;2058,43.15734;2027,43.312313;2059,43.152096;2026,43.31692;2060,43.146847;2029,43.30307;2061,43.1416;2028,43.307697;2062,43.136353;2031,43.29375;2063,43.131104;2030,43.298435;2002,0.0;2003,0.0;2000,0.0;2001,0.0;2006,0.0;2007,0.0;2004,0.0;2005,0.0;2010,0.0;2011,0.0;2008,0.0;2009,0.0;2014,43.373726;2015,43.368187;2012,0.0;2013,43.381474',1,3,14),(97,'2065,43.09099;2032,43.268143;2064,43.096718;2033,43.262978;2067,43.07945;2034,43.257805;2066,43.08523;2035,43.25263;2069,43.067806;2036,43.24744;2068,43.07364;2037,43.242245;2038,43.237038;2070,43.061943;2039,43.231823;2040,43.226597;2041,43.221363;2042,43.216114;2043,43.210857;2044,43.20559;2045,43.20031;2046,43.19502;2047,43.189716;2048,43.184402;2017,43.34498;2049,43.179077;2016,43.350246;2050,43.17374;2019,43.334675;2051,43.168392;2018,43.3398;2052,43.16303;2021,43.324482;2053,43.157658;2020,43.32957;2054,43.15227;2023,43.314304;2055,43.146877;2022,43.319393;2056,43.14144;2025,43.30411;2057,43.135967;2024,43.30921;2058,43.13046;2027,43.293884;2059,43.124916;2026,43.299004;2060,43.11934;2029,43.28361;2061,43.113728;2028,43.288754;2062,43.108086;2031,43.273304;2063,43.102417;2030,43.278458;2002,0.0;2003,0.0;2000,0.0;2001,0.0;2006,0.0;2007,0.0;2004,0.0;2005,0.0;2010,0.0;2011,0.0;2008,0.0;2009,0.0;2014,43.361748;2015,43.35573;2012,0.0;2013,43.36997',1,1,14),(98,'2065,43.26836;2032,43.370556;2064,43.271484;2033,43.36774;2067,43.26213;2034,43.36489;2066,43.265244;2035,43.362003;2069,43.25592;2036,43.359085;2068,43.25902;2037,43.356136;2038,43.353165;2070,43.25282;2039,43.35017;2040,43.34715;2041,43.344112;2042,43.341057;2043,43.337982;2044,43.33489;2045,43.331783;2046,43.328663;2047,43.325527;2048,43.322376;2017,43.41096;2049,43.319218;2016,43.413876;2050,43.316044;2019,43.405407;2051,43.312855;2018,43.408154;2052,43.309658;2021,43.4;2053,43.30645;2020,43.402695;2054,43.30323;2023,43.394657;2055,43.300003;2022,43.397327;2056,43.296787;2025,43.38934;2057,43.293587;2024,43.392;2058,43.2904;2027,43.38402;2059,43.287224;2026,43.38668;2060,43.284058;2029,43.378708;2061,43.280903;2028,43.381367;2062,43.277756;2031,43.373325;2063,43.274616;2030,43.376045;2002,0.0;2003,0.0;2000,0.0;2001,0.0;2006,0.0;2007,0.0;2004,0.0;2005,0.0;2010,0.0;2011,0.0;2008,0.0;2009,0.0;2014,43.420696;2015,43.417007;2012,0.0;2013,43.426613',1,5,14),(99,'2065,0.7073375;2032,0.25920373;2064,0.69351953;2033,0.2724986;2067,0.73501134;2034,0.2858155;2066,0.72116816;2035,0.2991538;2069,0.7627347;2036,0.31251296;2068,0.7488669;2037,0.32589245;2038,0.33929178;2070,0.7766146;2039,0.35271046;2040,0.36614808;2041,0.37960425;2042,0.39307857;2043,0.40657067;2044,0.4200802;2045,0.43360686;2046,0.4471503;2047,0.46071026;2048,0.4742864;2017,0.06308077;2049,0.4878785;2016,0.050306045;2050,0.5014863;2019,0.08878113;2051,0.51510954;2018,0.07590761;2052,0.528748;2021,0.11465253;2053,0.5424014;2020,0.1016972;2054,0.5560695;2023,0.14067069;2055,0.5697522;2022,0.12764443;2056,0.58344924;2025,0.16681881;2057,0.5971604;2024,0.15372936;2058,0.61088556;2027,0.19308448;2059,0.62462443;2026,0.17993762;2060,0.63837695;2029,0.21945798;2061,0.6521428;2028,0.20625828;2062,0.665922;2031,0.24593152;2063,0.67971426;2030,0.23268268;2002,0.0;2003,0.0;2000,0.0;2001,0.0;2006,0.0;2007,0.0;2004,0.0;2005,0.0;2010,0.0;2011,0.0;2008,0.0;2009,0.0;2014,0.024947079;2015,0.03759098;2012,0.0;2013,0.012395003',1,19,15),(100,'2065,0.7317509;2032,0.26246795;2064,0.7168823;2033,0.27606317;2067,0.76161605;2034,0.28969762;2066,0.74666214;2035,0.30337095;2069,0.79165256;2036,0.31708285;2068,0.7766128;2037,0.33083308;2038,0.34462133;2070,0.8067353;2039,0.3584474;2040,0.37231115;2041,0.38621405;2042,0.40015605;2043,0.41413704;2044,0.428157;2045,0.4422158;2046,0.45631346;2047,0.47044992;2048,0.48462513;2017,0.063466445;2049,0.4988391;2016,0.05059089;2050,0.5130918;2019,0.08940033;2051,0.52738446;2018,0.076404765;2052,0.5417171;2021,0.11554807;2053,0.55608976;2020,0.102448985;2054,0.5705025;2023,0.14188772;2055,0.58495533;2022,0.12869503;2056,0.5994489;2025,0.16840363;2057,0.6139833;2024,0.15512444;2058,0.62855846;2027,0.19508444;2059,0.6431746;2026,0.18172401;2060,0.6578317;2029,0.22192162;2061,0.67253095;2028,0.20848395;2062,0.68727237;2031,0.2489123;2063,0.7020561;2030,0.23539671;2002,0.0;2003,0.0;2000,0.0;2001,0.0;2006,0.0;2007,0.0;2004,0.0;2005,0.0;2010,0.0;2011,0.0;2008,0.0;2009,0.0;2014,0.025063295;2015,0.03778586;2012,0.0;2013,0.012444903',1,4,15),(101,'2065,0.73215944;2032,0.26246935;2064,0.7172625;2033,0.276066;2067,0.76208556;2034,0.2897024;2066,0.7471004;2035,0.30337813;2069,0.7921887;2036,0.317093;2068,0.7771149;2037,0.33084673;2038,0.34463906;2070,0.807307;2039,0.35846978;2040,0.3723387;2041,0.38624746;2042,0.40019587;2043,0.4141839;2044,0.42821154;2045,0.44227868;2046,0.4563853;2047,0.47053143;2048,0.484717;2017,0.063466445;2049,0.49894205;2016,0.05059089;2050,0.5132065;2019,0.08940033;2051,0.52751166;2018,0.076404765;2052,0.54185754;2021,0.11554807;2053,0.5562442;2020,0.102448985;2054,0.5706717;2023,0.14188772;2055,0.58514005;2022,0.12869503;2056,0.5996503;2025,0.16840363;2057,0.61420256;2024,0.15512444;2058,0.62879694;2027,0.19508444;2059,0.64343345;2026,0.18172401;2060,0.6581122;2029,0.22192162;2061,0.6728344;2028,0.20848395;2062,0.6876001;2031,0.24891277;2063,0.7024094;2030,0.23539671;2002,0.0;2003,0.0;2000,0.0;2001,0.0;2006,0.0;2007,0.0;2004,0.0;2005,0.0;2010,0.0;2011,0.0;2008,0.0;2009,0.0;2014,0.025063295;2015,0.03778586;2012,0.0;2013,0.012444903',1,2,15),(102,'2065,0.726995;2032,0.26178217;2064,0.71233064;2033,0.275318;2067,0.7564325;2034,0.2888898;2066,0.7416956;2035,0.30249712;2069,0.7860151;2036,0.3161396;2068,0.7712056;2037,0.32981697;2038,0.34352887;2070,0.80086094;2039,0.35727504;2040,0.37105522;2041,0.3848709;2042,0.39872187;2043,0.41260806;2044,0.42652932;2045,0.4404855;2046,0.45447657;2047,0.46850237;2048,0.4825628;2017,0.06337216;2049,0.49665788;2016,0.050519515;2050,0.5107874;2019,0.08925435;2051,0.52495265;2018,0.07628561;2052,0.5391535;2021,0.1153425;2053,0.5533899;2020,0.10227421;2054,0.56766194;2023,0.14161448;2055,0.58196956;2022,0.12845664;2056,0.59631234;2025,0.16805445;2057,0.6106903;2024,0.15481427;2058,0.6251035;2027,0.19465083;2059,0.63955176;2026,0.18133368;2060,0.6540352;2029,0.2213949;2061,0.6685548;2028,0.20800486;2062,0.68311054;2031,0.2482827;2063,0.69770247;2030,0.2348201;2002,0.0;2003,0.0;2000,0.0;2001,0.0;2006,0.0;2007,0.0;2004,0.0;2005,0.0;2010,0.0;2011,0.0;2008,0.0;2009,0.0;2014,0.02503186;2015,0.037735444;2012,0.0;2013,0.012430397',1,6,15),(103,'2065,0.7280295;2032,0.26248252;2064,0.71342397;2033,0.27606583;2067,0.75733006;2034,0.2896844;2066,0.7426649;2035,0.30333784;2069,0.7867496;2036,0.3170257;2068,0.772025;2037,0.3307476;2038,0.3445032;2070,0.80150396;2039,0.35829216;2040,0.3721142;2041,0.3859695;2042,0.39985776;2043,0.4137788;2044,0.42773247;2045,0.44171846;2046,0.4557367;2047,0.469787;2048,0.4838692;2017,0.06347425;2049,0.49798316;2016,0.050596494;2050,0.5121288;2019,0.089413315;2051,0.526306;2018,0.07641503;2052,0.54051465;2021,0.11556677;2053,0.55475473;2020,0.10246492;2054,0.56902605;2023,0.14191115;2055,0.58332866;2022,0.12871623;2056,0.597662;2025,0.16843037;2057,0.6120259;2024,0.15514971;2058,0.6264205;2027,0.19511284;2059,0.64084566;2026,0.1817518;2060,0.6553012;2029,0.22194976;2061,0.6697869;2028,0.20851247;2062,0.6843026;2031,0.24893504;2063,0.6988483;2030,0.23542391;2002,0.0;2003,0.0;2000,0.0;2001,0.0;2006,0.0;2007,0.0;2004,0.0;2005,0.0;2010,0.0;2011,0.0;2008,0.0;2009,0.0;2014,0.025065333;2015,0.03778953;2012,0.0;2013,0.012445659',1,3,15),(104,'2065,0.7287946;2032,0.2626567;2064,0.71415997;2033,0.2762534;2067,0.7581572;2034,0.2898856;2066,0.74346036;2035,0.30355287;2069,0.787644;2036,0.31725472;2068,0.7728851;2037,0.3309908;2038,0.34476078;2070,0.80243397;2039,0.3585643;2040,0.37240106;2041,0.38627124;2042,0.40017462;2043,0.41411093;2044,0.42808;2045,0.4420816;2046,0.45611563;2047,0.47018188;2048,0.4842802;2017,0.06349832;2049,0.49841046;2016,0.050614703;2050,0.5125725;2019,0.089450605;2051,0.52676636;2018,0.07644546;2052,0.54099184;2021,0.115619324;2053,0.5552489;2020,0.10250959;2054,0.5695374;2023,0.14198105;2055,0.58385724;2022,0.12877719;2056,0.59820896;2025,0.16851978;2057,0.61259246;2024,0.15522909;2058,0.6270077;2027,0.19522394;2059,0.64145464;2026,0.18185177;2060,0.6559332;2029,0.22208479;2061,0.67044306;2028,0.20863524;2062,0.68498415;2031,0.24909595;2063,0.69955647;2030,0.23557179;2002,0.0;2003,0.0;2000,0.0;2001,0.0;2006,0.0;2007,0.0;2004,0.0;2005,0.0;2010,0.0;2011,0.0;2008,0.0;2009,0.0;2014,0.025073346;2015,0.037802387;2012,0.0;2013,0.012449357',1,1,15),(105,'2065,0.72418374;2032,0.26179945;2064,0.7097189;2033,0.27532643;2067,0.75319326;2034,0.28888652;2066,0.73867524;2035,0.30247924;2069,0.78230894;2036,0.31610414;2068,0.76773787;2037,0.32976082;2038,0.3434489;2070,0.7969064;2039,0.35716808;2040,0.37091795;2041,0.3846987;2042,0.39851004;2043,0.41235176;2044,0.4262236;2045,0.44012535;2046,0.45405683;2047,0.46801782;2048,0.4820082;2017,0.0633799;2049,0.49602774;2016,0.050525073;2050,0.51007634;2019,0.08926722;2051,0.52415395;2018,0.07629579;2052,0.53826034;2021,0.11536102;2053,0.55239546;2020,0.102290004;2054,0.56655914;2023,0.14163767;2055,0.5807513;2022,0.12847763;2056,0.5949713;2025,0.16808091;2057,0.6092191;2024,0.15483928;2058,0.62349445;2027,0.19467892;2059,0.63779736;2026,0.18136118;2060,0.65212774;2029,0.2214227;2061,0.66648513;2028,0.20803307;2062,0.6808695;2031,0.24830611;2063,0.6952808;2030,0.23484698;2002,0.0;2003,0.0;2000,0.0;2001,0.0;2006,0.0;2007,0.0;2004,0.0;2005,0.0;2010,0.0;2011,0.0;2008,0.0;2009,0.0;2014,0.025033886;2015,0.037739087;2012,0.0;2013,0.0124311475',1,5,15),(106,'2065,0.0065067;2032,0.0065067;2064,0.0065067;2033,0.0065067;2067,0.0065067;2034,0.0065067;2066,0.0065067;2035,0.0065067;2069,0.0065067;2036,0.0065067;2068,0.0065067;2037,0.0065067;2038,0.0065067;2070,0.0065067;2039,0.0065067;2040,0.0065067;2041,0.0065067;2042,0.0065067;2043,0.0065067;2044,0.0065067;2045,0.0065067;2046,0.0065067;2047,0.0065067;2048,0.0065067;2017,0.0065067;2049,0.0065067;2016,0.0065067;2050,0.0065067;2019,0.0065067;2051,0.0065067;2018,0.0065067;2052,0.0065067;2021,0.0065067;2053,0.0065067;2020,0.0065067;2054,0.0065067;2023,0.0065067;2055,0.0065067;2022,0.0065067;2056,0.0065067;2025,0.0065067;2057,0.0065067;2024,0.0065067;2058,0.0065067;2027,0.0065067;2059,0.0065067;2026,0.0065067;2060,0.0065067;2029,0.0065067;2061,0.0065067;2028,0.0065067;2062,0.0065067;2031,0.0065067;2063,0.0065067;2030,0.0065067;2002,0.0;2003,0.0;2000,0.0;2001,0.0;2006,0.0;2007,0.0;2004,0.0;2005,0.0;2010,0.0;2011,0.0;2008,0.0;2009,0.0;2014,0.0065067;2015,0.0065067;2012,0.0;2013,0.0065067',1,19,16),(107,'2065,0.00681886;2032,0.006656156;2064,0.006813418;2033,0.006660072;2067,0.0068297987;2034,0.006664138;2066,0.0068243206;2035,0.0066683325;2069,0.006840805;2036,0.006672641;2068,0.006835294;2037,0.0066770487;2038,0.0066815447;2070,0.0068463315;2039,0.0066861194;2040,0.006690764;2041,0.006695471;2042,0.0067002345;2043,0.0067050494;2044,0.0067099105;2045,0.0067148134;2046,0.0067197545;2047,0.006724731;2048,0.0067297397;2017,0.0066058873;2049,0.0067347777;2016,0.006602581;2050,0.0067398427;2019,0.0066125;2051,0.0067449333;2018,0.006609194;2052,0.0067500467;2021,0.0066191126;2053,0.0067551816;2020,0.0066158064;2054,0.0067603365;2023,0.006625725;2055,0.00676551;2022,0.0066224188;2056,0.0067707193;2025,0.0066323373;2057,0.006775961;2024,0.006629031;2058,0.006781234;2027,0.00663895;2059,0.0067865355;2026,0.0066356435;2060,0.006791864;2029,0.0066455626;2061,0.006797218;2028,0.0066422564;2062,0.006802596;2031,0.0066524115;2063,0.0068079964;2030,0.006648869;2002,0.0;2003,0.0;2000,0.0;2001,0.0;2006,0.0;2007,0.0;2004,0.0;2005,0.0;2010,0.0;2011,0.0;2008,0.0;2009,0.0;2014,0.0065959687;2015,0.006599275;2012,0.0;2013,0.0065926625',1,4,16),(108,'2065,0.006828841;2032,0.0066562747;2064,0.0068229553;2033,0.006660299;2067,0.0068406914;2034,0.0066644982;2066,0.0068347533;2035,0.00666885;2069,0.006852638;2036,0.006673335;2068,0.0068466533;2037,0.006677937;2038,0.006682643;2070,0.0068586445;2039,0.006687442;2040,0.0066923224;2041,0.0066972766;2042,0.006702298;2043,0.0067073787;2044,0.006712514;2045,0.0067176986;2046,0.006722929;2047,0.0067282;2048,0.006733509;2017,0.0066058873;2049,0.0067388522;2016,0.006602581;2050,0.006744228;2019,0.0066125;2051,0.0067496332;2018,0.006609194;2052,0.0067550656;2021,0.0066191126;2053,0.006760523;2020,0.0066158064;2054,0.0067660045;2023,0.006625725;2055,0.0067715077;2022,0.0066224188;2056,0.006777061;2025,0.0066323373;2057,0.0067826617;2024,0.006629031;2058,0.0067883064;2027,0.00663895;2059,0.006793992;2026,0.0066356435;2060,0.0067997165;2029,0.0066455626;2061,0.006805477;2028,0.0066422564;2062,0.006811272;2031,0.0066524534;2063,0.0068170987;2030,0.006648869;2002,0.0;2003,0.0;2000,0.0;2001,0.0;2006,0.0;2007,0.0;2004,0.0;2005,0.0;2010,0.0;2011,0.0;2008,0.0;2009,0.0;2014,0.0065959687;2015,0.006599275;2012,0.0;2013,0.0065926625',1,2,16),(109,'2065,0.006698612;2032,0.0065964446;2064,0.0066953087;2033,0.0065988596;2067,0.0067052194;2034,0.006601379;2066,0.0067019155;2035,0.00660399;2069,0.0067118267;2036,0.006606681;2068,0.006708523;2037,0.006609442;2038,0.006612266;2070,0.0067151305;2039,0.006615145;2040,0.006618073;2041,0.006621046;2042,0.006624059;2043,0.006627107;2044,0.0066301883;2045,0.0066332994;2046,0.006636437;2047,0.0066396;2048,0.0066427854;2017,0.0065662125;2049,0.0066459915;2016,0.006564229;2050,0.0066492166;2019,0.00657018;2051,0.00665246;2018,0.006568196;2052,0.006655719;2021,0.0065741474;2053,0.006658994;2020,0.0065721637;2054,0.0066622826;2023,0.006578115;2055,0.0066655846;2022,0.006576131;2056,0.0066688866;2025,0.0065820827;2057,0.0066721886;2024,0.0065800985;2058,0.006675491;2027,0.00658605;2059,0.006678794;2026,0.0065840664;2060,0.0066820965;2029,0.0065900176;2061,0.0066853995;2028,0.006588034;2062,0.0066887024;2031,0.006594152;2063,0.006692006;2030,0.0065920013;2002,0.0;2003,0.0;2000,0.0;2001,0.0;2006,0.0;2007,0.0;2004,0.0;2005,0.0;2010,0.0;2011,0.0;2008,0.0;2009,0.0;2014,0.0065602614;2015,0.006562245;2012,0.0;2013,0.0065582776',1,6,16),(110,'2065,0.0067703268;2032,0.006655561;2064,0.0067668767;2033,0.0066589387;2067,0.0067772116;2034,0.0066623343;2066,0.0067737717;2035,0.006665745;2069,0.006784077;2036,0.0066691693;2068,0.0067806463;2037,0.006672605;2038,0.0066760513;2070,0.006787503;2039,0.0066795065;2040,0.0066829706;2041,0.0066864416;2042,0.006689919;2043,0.006693403;2044,0.006696892;2045,0.0067003863;2046,0.006703885;2047,0.0067073875;2048,0.006710894;2017,0.0066058873;2049,0.006714404;2016,0.006602581;2050,0.006717917;2019,0.0066125;2051,0.0067214333;2018,0.006609194;2052,0.0067249523;2021,0.0066191126;2053,0.0067284736;2020,0.0066158064;2054,0.0067319972;2023,0.006625725;2055,0.006735523;2022,0.0066224188;2056,0.006739039;2025,0.0066323373;2057,0.006742546;2024,0.006629031;2058,0.006746044;2027,0.00663895;2059,0.0067495336;2026,0.0066356435;2060,0.006753016;2029,0.0066455626;2061,0.0067564906;2028,0.0066422564;2062,0.006759959;2031,0.006652203;2063,0.0067634205;2030,0.006648869;2002,0.0;2003,0.0;2000,0.0;2001,0.0;2006,0.0;2007,0.0;2004,0.0;2005,0.0;2010,0.0;2011,0.0;2008,0.0;2009,0.0;2014,0.0065959687;2015,0.006599275;2012,0.0;2013,0.0065926625',1,3,16),(111,'2065,0.0067896275;2032,0.0066703395;2064,0.006785913;2033,0.0066739586;2067,0.006797085;2034,0.006677573;2066,0.006793352;2035,0.006681184;2069,0.0068045757;2036,0.0066847913;2068,0.006800826;2037,0.0066883955;2038,0.0066919974;2070,0.0068083326;2039,0.006695597;2040,0.0066991947;2041,0.00670279;2042,0.0067063845;2043,0.0067099766;2044,0.006713568;2045,0.006717158;2046,0.0067207464;2047,0.0067243343;2048,0.0067279213;2017,0.0066158064;2049,0.006731507;2016,0.0066121696;2050,0.0067350925;2019,0.00662308;2051,0.0067386767;2018,0.006619443;2052,0.0067422604;2021,0.0066303536;2053,0.0067458437;2020,0.006626717;2054,0.006749426;2023,0.0066376277;2055,0.006753008;2022,0.0066339904;2056,0.0067566074;2025,0.0066449014;2057,0.0067602233;2024,0.0066412645;2058,0.0067638545;2027,0.006652175;2059,0.0067674997;2026,0.006648538;2060,0.006771159;2029,0.0066594486;2061,0.00677483;2028,0.006655812;2062,0.0067785135;2031,0.0066667157;2063,0.0067822076;2030,0.0066630854;2002,0.0;2003,0.0;2000,0.0;2001,0.0;2006,0.0;2007,0.0;2004,0.0;2005,0.0;2010,0.0;2011,0.0;2008,0.0;2009,0.0;2014,0.0066048955;2015,0.0066085323;2012,0.0;2013,0.0066012586',1,1,16),(112,'2065,0.006670041;2032,0.006596088;2064,0.0066678417;2033,0.006598179;2067,0.006674417;2034,0.006600297;2066,0.006672233;2035,0.0066024377;2069,0.0066787642;2036,0.006604598;2068,0.006676594;2037,0.0066067763;2038,0.00660897;2070,0.006680928;2039,0.0066111777;2040,0.0066133975;2041,0.0066156285;2042,0.0066178693;2043,0.0066201193;2044,0.0066223773;2045,0.0066246428;2046,0.006626915;2047,0.0066291937;2048,0.0066314777;2017,0.0065662125;2049,0.0066337674;2016,0.006564229;2050,0.0066360612;2019,0.00657018;2051,0.0066383597;2018,0.006568196;2052,0.0066406624;2021,0.0065741474;2053,0.0066429693;2020,0.0065721637;2054,0.006645279;2023,0.006578115;2055,0.0066475924;2022,0.006576131;2056,0.006649891;2025,0.0065820827;2057,0.006652175;2024,0.0065800985;2058,0.0066544465;2027,0.00658605;2059,0.0066567054;2026,0.0065840664;2060,0.0066589527;2029,0.0065900176;2061,0.0066611897;2028,0.006588034;2062,0.006663416;2031,0.006594027;2063,0.0066656335;2030,0.0065920013;2002,0.0;2003,0.0;2000,0.0;2001,0.0;2006,0.0;2007,0.0;2004,0.0;2005,0.0;2010,0.0;2011,0.0;2008,0.0;2009,0.0;2014,0.0065602614;2015,0.006562245;2012,0.0;2013,0.0065582776',1,5,16),(113,'2065,0.7207952;2032,0.68342906;2064,0.71997297;2033,0.6850886;2067,0.7224055;2034,0.68669003;2066,0.7216059;2035,0.6882381;2069,0.7239726;2036,0.6897366;2068,0.7231943;2037,0.6911893;2038,0.6925991;2070,0.72474086;2039,0.6939691;2040,0.69530165;2041,0.6965991;2042,0.69786364;2043,0.6990971;2044,0.7003011;2045,0.7014774;2046,0.70262736;2047,0.70375234;2048,0.7048536;2017,0.64391273;2049,0.7059322;2016,0.63875103;2050,0.7069893;2019,0.6522691;2051,0.70802575;2018,0.64835227;2052,0.7090426;2021,0.6589922;2053,0.7100406;2020,0.655788;2054,0.71102065;2023,0.66467637;2055,0.7119834;2022,0.6619406;2056,0.71292955;2025,0.6696338;2057,0.7138598;2024,0.6672323;2058,0.7147747;2027,0.6740505;2059,0.71567494;2026,0.6719011;2060,0.71656096;2029,0.678047;2061,0.71743333;2028,0.6760954;2062,0.7182925;2031,0.6817064;2063,0.71913886;2030,0.6799147;2002,0.0;2003,0.0;2000,0.0;2001,0.0;2006,0.0;2007,0.0;2004,0.0;2005,0.0;2010,0.0;2011,0.0;2008,0.0;2009,0.0;2014,0.62445784;2015,0.6325128;2012,0.0;2013,0.6124665',2,20,1),(114,'2065,0.8930074;2032,0.7639446;2064,0.8893232;2033,0.7684651;2067,0.90036994;2034,0.7729048;2066,0.8966896;2035,0.77727014;2069,0.9077254;2036,0.78156656;2068,0.9040485;2037,0.78579915;2038,0.7899723;2070,0.91140074;2039,0.79409015;2040,0.79815626;2041,0.8021877;2042,0.8061865;2043,0.81015456;2044,0.81409365;2045,0.81800544;2046,0.82189137;2047,0.82575285;2048,0.8295912;2017,0.673057;2049,0.83340764;2016,0.66297555;2050,0.83720326;2019,0.69013184;2051,0.84098625;2018,0.68201;2052,0.84475726;2021,0.7045942;2053,0.84851676;2020,0.69761175;2054,0.8522654;2023,0.7173999;2055,0.85600364;2022,0.71116817;2056,0.85973257;2025,0.7290284;2057,0.86345273;2024,0.72334;2058,0.8671644;2027,0.7397718;2059,0.870868;2026,0.73449695;2060,0.874564;2029,0.74982274;2061,0.8782574;2028,0.7448744;2062,0.8819483;2031,0.75933635;2063,0.88563687;2030,0.7546321;2002,0.0;2003,0.0;2000,0.0;2001,0.0;2006,0.0;2007,0.0;2004,0.0;2005,0.0;2010,0.0;2011,0.0;2008,0.0;2009,0.0;2014,0.63683736;2015,0.6512501;2012,0.0;2013,0.6168914',2,10,1),(115,'2065,0.8934097;2032,0.76394767;2064,0.8897036;2033,0.76847094;2067,0.9008183;2034,0.77291435;2066,0.89711463;2035,0.777284;2069,0.9082225;2036,0.7815855;2068,0.90452087;2037,0.7858239;2038,0.7900034;2070,0.9119232;2039,0.79412824;2040,0.7982019;2041,0.80224144;2042,0.80624884;2043,0.810226;2044,0.8141748;2045,0.81809664;2046,0.8219931;2047,0.8258656;2048,0.82971543;2017,0.673057;2049,0.8335437;2016,0.66297555;2050,0.8373516;2019,0.69013184;2051,0.84114736;2018,0.68201;2052,0.8449315;2021,0.7045942;2053,0.8487046;2020,0.69761175;2054,0.8524671;2023,0.7173999;2055,0.8562197;2022,0.71116817;2056,0.8599638;2025,0.7290284;2057,0.86369985;2024,0.72334;2058,0.8674283;2027,0.7397718;2059,0.8711495;2026,0.73449695;2060,0.8748638;2029,0.74982274;2061,0.8785762;2028,0.7448744;2062,0.8822869;2031,0.75933737;2063,0.885996;2030,0.7546321;2002,0.0;2003,0.0;2000,0.0;2001,0.0;2006,0.0;2007,0.0;2004,0.0;2005,0.0;2010,0.0;2011,0.0;2008,0.0;2009,0.0;2014,0.63683736;2015,0.6512501;2012,0.0;2013,0.6168914',2,8,1),(116,'2065,0.88818616;2032,0.7624391;2064,0.88463724;2033,0.7668894;2067,0.8952707;2034,0.77125686;2066,0.8917306;2035,0.7755478;2069,0.9023383;2036,0.779768;2068,0.8988066;2037,0.7839224;2038,0.78801554;2070,0.905866;2039,0.79205155;2040,0.7960341;2041,0.7999801;2042,0.8038917;2043,0.8077708;2044,0.81161916;2045,0.81543845;2046,0.8192302;2047,0.82299584;2048,0.8267367;2017,0.67248017;2049,0.83045393;2016,0.66246355;2050,0.8341487;2019,0.68943137;2051,0.8378292;2018,0.6813706;2052,0.841496;2021,0.7037734;2053,0.84514964;2020,0.6968509;2054,0.8487907;2023,0.71645916;2055,0.8524198;2022,0.71028745;2056,0.8560368;2025,0.7279668;2057,0.85964227;2024,0.722339;2058,0.86323667;2027,0.7385877;2059,0.8668204;2026,0.73337436;2060,0.87039393;2029,0.748514;2061,0.87396216;2028,0.7436282;2062,0.8775254;2031,0.75789875;2063,0.8810837;2030,0.75326014;2002,0.0;2003,0.0;2000,0.0;2001,0.0;2006,0.0;2007,0.0;2004,0.0;2005,0.0;2010,0.0;2011,0.0;2008,0.0;2009,0.0;2014,0.6364708;2015,0.65080696;2012,0.0;2013,0.6166194',2,12,1),(117,'2065,0.88354474;2032,0.76418227;2064,0.8803949;2033,0.7686222;2067,0.8897927;2034,0.77296865;2066,0.8866771;2035,0.7772287;2069,0.8959757;2036,0.78140885;2068,0.892892;2037,0.7855149;2038,0.7895519;2070,0.8990443;2039,0.79352444;2040,0.7974368;2041,0.80129606;2042,0.80510545;2043,0.8088679;2044,0.812586;2045,0.81626236;2046,0.8198991;2047,0.82349837;2048,0.8270621;2017,0.6734393;2049,0.830592;2016,0.6633208;2050,0.83408976;2019,0.6905814;2051,0.8375574;2018,0.6824268;2052,0.8409962;2021,0.7050939;2053,0.84440756;2020,0.69809264;2054,0.84779274;2023,0.71790856;2055,0.85115284;2022,0.7116766;2056,0.85448855;2025,0.7295175;2057,0.8578009;2024,0.72384197;2058,0.86109084;2027,0.7402199;2059,0.8643593;2026,0.73496795;2060,0.8676071;2029,0.75021267;2061,0.8708338;2028,0.7452953;2062,0.8740401;2031,0.7596405;2063,0.87722695;2030,0.7549876;2002,0.0;2003,0.0;2000,0.0;2001,0.0;2006,0.0;2007,0.0;2004,0.0;2005,0.0;2010,0.0;2011,0.0;2008,0.0;2009,0.0;2014,0.63709366;2015,0.6515543;2012,0.0;2013,0.61708534',2,9,1),(118,'2065,0.88430285;2032,0.76455647;2064,0.88113564;2033,0.76901037;2067,0.89058775;2034,0.7733702;2066,0.8874534;2035,0.77764326;2069,0.89681053;2036,0.78183603;2068,0.8937066;2037,0.7859543;2038,0.7900032;2070,0.8999;2039,0.79398733;2040,0.7979109;2041,0.80178124;2042,0.8056014;2043,0.80937445;2044,0.81310296;2045,0.81678945;2046,0.82043624;2047,0.82404536;2048,0.8276187;2017,0.6735843;2049,0.83115816;2016,0.6634494;2050,0.83466536;2019,0.69075745;2051,0.8381422;2018,0.6825875;2052,0.8415902;2021,0.7053003;2053,0.84501064;2020,0.6982839;2054,0.8484047;2023,0.7181451;2055,0.8517737;2022,0.71189797;2056,0.85511917;2025,0.7297843;2057,0.85844225;2024,0.72409356;2058,0.86174387;2027,0.74051744;2059,0.86502486;2026,0.73525006;2060,0.86828613;2029,0.75054145;2061,0.8715271;2028,0.7456084;2062,0.87474847;2031,0.7600002;2063,0.8779511;2030,0.7553322;2002,0.0;2003,0.0;2000,0.0;2001,0.0;2006,0.0;2007,0.0;2004,0.0;2005,0.0;2010,0.0;2011,0.0;2008,0.0;2009,0.0;2014,0.63718575;2015,0.6516656;2012,0.0;2013,0.61715364',2,7,1),(119,'2065,0.87962496;2032,0.762681;2064,0.87655985;2033,0.767057;2067,0.885701;2034,0.77133894;2066,0.8826718;2035,0.7755342;2069,0.89170897;2036,0.7796491;2068,0.8887132;2037,0.78368926;2038,0.78766;2070,0.89468884;2039,0.7915657;2040,0.7954107;2041,0.799202;2042,0.80294293;2043,0.8066363;2044,0.8102848;2045,0.8138908;2046,0.81745666;2047,0.8209844;2048,0.824476;2017,0.6728607;2049,0.8279332;2016,0.6628071;2050,0.8313576;2019,0.68987864;2051,0.83475125;2018,0.6817854;2052,0.83811545;2021,0.7042705;2053,0.8414515;2020,0.69732934;2054,0.8447608;2023,0.71696496;2055,0.8480444;2022,0.7107931;2056,0.8513027;2025,0.728453;2057,0.8545368;2024,0.72283804;2058,0.8577476;2027,0.7390329;2059,0.86093616;2026,0.73384243;2060,0.86410326;2029,0.74890137;2061,0.86724836;2028,0.74404645;2062,0.8703723;2031,0.7582029;2063,0.8734759;2030,0.7536133;2002,0.0;2003,0.0;2000,0.0;2001,0.0;2006,0.0;2007,0.0;2004,0.0;2005,0.0;2010,0.0;2011,0.0;2008,0.0;2009,0.0;2014,0.636726;2015,0.65110976;2012,0.0;2013,0.6168126',2,11,1),(120,'2065,0.4145081;2032,0.31982222;2064,0.41266638;2033,0.3245445;2067,0.41808668;2034,0.32905293;2066,0.41631445;2035,0.33336565;2069,0.42153358;2036,0.3374986;2068,0.419826;2037,0.3414658;2038,0.34527975;2070,0.42321053;2039,0.34895155;2040,0.35249117;2041,0.35590753;2042,0.3592087;2043,0.36240202;2044,0.36549413;2045,0.36849102;2046,0.37139827;2047,0.37422088;2048,0.37696353;2017,0.19188786;2049,0.37963048;2016,0.17318961;2050,0.38222566;2019,0.22133546;2051,0.38475275;2018,0.20767233;2052,0.38721508;2021,0.24415512;2053,0.38961577;2020,0.23338224;2054,0.3919578;2023,0.26278815;2055,0.3942438;2022,0.25389734;2056,0.39647636;2025,0.27852905;2057,0.3986578;2024,0.2709635;2058,0.40079036;2027,0.29214966;2059,0.40287608;2026,0.2855686;2060,0.4049169;2029,0.3041482;2061,0.4069147;2028,0.2983276;2062,0.40887114;2031,0.31486535;2063,0.41078785;2030,0.30964994;2002,0.0;2003,0.0;2000,0.0;2001,0.0;2006,0.0;2007,0.0;2004,0.0;2005,0.0;2010,0.0;2011,0.0;2008,0.0;2009,0.0;2014,0.120328926;2015,0.15022077;2012,0.0;2013,0.07698136',2,20,2),(121,'2065,0.43480554;2032,0.3296207;2064,0.43262583;2033,0.3346119;2067,0.4390614;2034,0.33939734;2066,0.43695033;2035,0.3439941;2069,0.44318703;2036,0.3484171;2068,0.44113994;2037,0.3526796;2038,0.3567934;2070,0.44520375;2039,0.36076906;2040,0.36461598;2041,0.3683427;2042,0.37195688;2043,0.37546557;2044,0.37887508;2045,0.3821912;2046,0.38541922;2047,0.38856402;2048,0.39163005;2017,0.19765542;2049,0.39462143;2016,0.17855811;2050,0.39754194;2019,0.22777824;2051,0.40039515;2018,0.21379256;2052,0.4031843;2021,0.25118607;2053,0.40591237;2020,0.2401267;2054,0.40858227;2023,0.27036023;2055,0.41119656;2022,0.26120332;2056,0.41375887;2025,0.28661332;2057,0.41627145;2024,0.27879456;2058,0.41873634;2027,0.3007266;2059,0.4211555;2026,0.29390123;2060,0.4235308;2029,0.31320378;2061,0.42586386;2028,0.30714536;2062,0.4281564;2031,0.3244044;2063,0.4304099;2030,0.3189407;2002,0.0;2003,0.0;2000,0.0;2001,0.0;2006,0.0;2007,0.0;2004,0.0;2005,0.0;2010,0.0;2011,0.0;2008,0.0;2009,0.0;2014,0.124589674;2015,0.15511185;2012,0.0;2013,0.08021918',2,10,2),(122,'2065,0.43544838;2032,0.3296285;2064,0.43324074;2033,0.33462673;2067,0.4397614;2034,0.339421;2066,0.43762153;2035,0.34402806;2069,0.44394577;2036,0.3484627;2068,0.4418691;2037,0.35273796;2038,0.35686558;2070,0.44599235;2039,0.3608559;2040,0.36471832;2041,0.36846125;2042,0.3720923;2043,0.3756184;2044,0.37904584;2045,0.38238034;2046,0.38562715;2047,0.3887911;2048,0.39187667;2017,0.19765542;2049,0.39488783;2016,0.17855811;2050,0.39782846;2019,0.22777824;2051,0.40070197;2018,0.21379256;2052,0.40351167;2021,0.25118607;2053,0.40626052;2020,0.2401267;2054,0.40895134;2023,0.27036023;2055,0.41158673;2022,0.26120332;2056,0.4141711;2025,0.28661332;2057,0.41670656;2024,0.27879456;2058,0.41919518;2027,0.3007266;2059,0.4216388;2026,0.29390123;2060,0.42403919;2029,0.31320378;2061,0.42639804;2028,0.30714536;2062,0.42871696;2031,0.32440713;2063,0.43099737;2030,0.3189407;2002,0.0;2003,0.0;2000,0.0;2001,0.0;2006,0.0;2007,0.0;2004,0.0;2005,0.0;2010,0.0;2011,0.0;2008,0.0;2009,0.0;2014,0.124589674;2015,0.15511185;2012,0.0;2013,0.08021918',2,8,2),(123,'2065,0.42703047;2032,0.32570896;2064,0.42498168;2033,0.33059743;2067,0.4310219;2034,0.335278;2066,0.42904344;2035,0.33976802;2069,0.4348801;2036,0.34408268;2068,0.43296707;2037,0.3482355;2038,0.35223842;2070,0.43676215;2039,0.35610217;2040,0.35983637;2041,0.36344957;2042,0.36694968;2043,0.3703437;2044,0.37363803;2045,0.3768386;2046,0.37995076;2047,0.3829794;2048,0.38592902;2017,0.1953436;2049,0.3888038;2016,0.17640527;2050,0.3916076;2019,0.22519745;2051,0.39434397;2018,0.21134025;2052,0.39701617;2021,0.24837103;2053,0.39962727;2020,0.23742576;2054,0.40218014;2023,0.26732972;2055,0.4046774;2022,0.25827876;2056,0.40712073;2025,0.2833789;2057,0.40951252;2024,0.27566093;2058,0.411855;2027,0.2972961;2059,0.4141502;2026,0.29056796;2060,0.41640013;2029,0.3095829;2061,0.41860655;2028,0.30361906;2062,0.42077124;2031,0.32059282;2063,0.42289576;2030,0.31522626;2002,0.0;2003,0.0;2000,0.0;2001,0.0;2006,0.0;2007,0.0;2004,0.0;2005,0.0;2010,0.0;2011,0.0;2008,0.0;2009,0.0;2014,0.1228783;2015,0.15314923;2012,0.0;2013,0.078916036',2,12,2),(124,'2065,0.4316742;2032,0.32958174;2064,0.42962003;2033,0.3345376;2067,0.4356753;2034,0.33927906;2066,0.4336922;2035,0.3438243;2069,0.43954173;2036,0.34818918;2068,0.43762472;2037,0.3523878;2038,0.3564326;2070,0.44142735;2039,0.3603347;2040,0.3641041;2041,0.36774972;2042,0.37127966;2043,0.37470123;2044,0.37802103;2045,0.38124517;2046,0.38437912;2047,0.38742796;2048,0.39039636;2017,0.19765542;2049,0.39328858;2016,0.17855811;2050,0.39610857;2019,0.22777824;2051,0.39885995;2018,0.21379256;2052,0.40154615;2021,0.25118607;2053,0.40417027;2020,0.2401267;2054,0.40673524;2023,0.27036023;2055,0.40924376;2022,0.26120332;2056,0.4116976;2025,0.28661332;2057,0.4140992;2024,0.27879456;2058,0.41645074;2027,0.3007266;2059,0.4187544;2026,0.29390123;2060,0.4210122;2029,0.31320378;2061,0.42322594;2028,0.30714536;2062,0.4253974;2031,0.32439074;2063,0.42752823;2030,0.3189407;2002,0.0;2003,0.0;2000,0.0;2001,0.0;2006,0.0;2007,0.0;2004,0.0;2005,0.0;2010,0.0;2011,0.0;2008,0.0;2009,0.0;2014,0.124589674;2015,0.15511185;2012,0.0;2013,0.08021918',2,9,2),(125,'2065,0.4329206;2032,0.33054927;2064,0.43085048;2033,0.33552185;2067,0.43695626;2034,0.34027845;2066,0.43495545;2035,0.34483737;2069,0.44086048;2036,0.3492147;2068,0.43892422;2037,0.35342464;2038,0.35747984;2070,0.44276607;2039,0.36139145;2040,0.36516955;2041,0.3688232;2042,0.3723605;2043,0.37578887;2044,0.37911496;2045,0.38234487;2046,0.38548422;2047,0.38853803;2048,0.39151105;2017,0.19823436;2049,0.39440754;2016,0.17909743;2050,0.39723152;2019,0.22842416;2051,0.3999866;2018,0.21440649;2052,0.40267622;2021,0.25189033;2053,0.40530354;2020,0.24080256;2054,0.40787148;2023,0.27111816;2055,0.41038278;2022,0.26193488;2056,0.4128411;2025,0.28742203;2057,0.41524884;2024,0.27957818;2058,0.4176081;2027,0.30158412;2059,0.4199209;2026,0.29473454;2060,0.42218912;2029,0.31410867;2061,0.42441455;2028,0.3080267;2062,0.4265989;2031,0.32533967;2063,0.4287437;2030,0.31986886;2002,0.0;2003,0.0;2000,0.0;2001,0.0;2006,0.0;2007,0.0;2004,0.0;2005,0.0;2010,0.0;2011,0.0;2008,0.0;2009,0.0;2014,0.12501897;2015,0.15560378;2012,0.0;2013,0.080546625',2,7,2),(126,'2065,0.42517492;2032,0.32568556;2064,0.42319638;2033,0.3305528;2067,0.42902473;2034,0.33520693;2066,0.42711726;2035,0.33966595;2069,0.43273997;2036,0.34394568;2068,0.43089858;2037,0.34806004;2038,0.3520215;2070,0.43455008;2039,0.35584098;2040,0.35952848;2041,0.3630929;2042,0.36654222;2043,0.36988372;2044,0.37312403;2045,0.37626913;2046,0.37932456;2047,0.3822953;2048,0.38518605;2017,0.1953436;2049,0.388001;2016,0.17640527;2050,0.3907441;2019,0.22519745;2051,0.39341897;2018,0.21134025;2052,0.396029;2021,0.24837103;2053,0.39857727;2020,0.23742576;2054,0.4010667;2023,0.26732972;2055,0.40350002;2022,0.25827876;2056,0.4058785;2025,0.2833789;2057,0.40820467;2024,0.27566093;2058,0.41048077;2027,0.2972961;2059,0.4127089;2026,0.29056796;2060,0.4148911;2029,0.3095829;2061,0.41702923;2028,0.30361906;2062,0.41912505;2031,0.32058463;2063,0.42118025;2030,0.31522626;2002,0.0;2003,0.0;2000,0.0;2001,0.0;2006,0.0;2007,0.0;2004,0.0;2005,0.0;2010,0.0;2011,0.0;2008,0.0;2009,0.0;2014,0.1228783;2015,0.15314923;2012,0.0;2013,0.078916036',2,11,2),(127,'2065,0.35342;2032,0.35342;2064,0.35342;2033,0.35342;2067,0.35342;2034,0.35342;2066,0.35342;2035,0.35342;2069,0.35342;2036,0.35342;2068,0.35342;2037,0.35342;2038,0.35342;2070,0.35342;2039,0.35342;2040,0.35342;2041,0.35342;2042,0.35342;2043,0.35342;2044,0.35342;2045,0.35342;2046,0.35342;2047,0.35342;2048,0.35342;2017,0.35342;2049,0.35342;2016,0.35342;2050,0.35342;2019,0.35342;2051,0.35342;2018,0.35342;2052,0.35342;2021,0.35342;2053,0.35342;2020,0.35342;2054,0.35342;2023,0.35342;2055,0.35342;2022,0.35342;2056,0.35342;2025,0.35342;2057,0.35342;2024,0.35342;2058,0.35342;2027,0.35342;2059,0.35342;2026,0.35342;2060,0.35342;2029,0.35342;2061,0.35342;2028,0.35342;2062,0.35342;2031,0.35342;2063,0.35342;2030,0.35342;2002,0.0;2003,0.0;2000,0.0;2001,0.0;2006,0.0;2007,0.0;2004,0.0;2005,0.0;2010,0.0;2011,0.0;2008,0.0;2009,0.0;2014,0.35342;2015,0.35342;2012,0.0;2013,0.35342',2,20,3),(128,'2065,0.37037537;2032,0.36153787;2064,0.37007982;2033,0.3617506;2067,0.37096953;2034,0.36197144;2066,0.37067196;2035,0.36219928;2069,0.37156737;2036,0.36243328;2068,0.371268;2037,0.36267272;2038,0.36291692;2070,0.37186754;2039,0.36316538;2040,0.36341766;2041,0.36367333;2042,0.3639321;2043,0.36419362;2044,0.36445764;2045,0.36472395;2046,0.36499235;2047,0.36526266;2048,0.3655347;2017,0.3588075;2049,0.36580834;2016,0.35862792;2050,0.36608347;2019,0.35916665;2051,0.36635995;2018,0.3589871;2052,0.3666377;2021,0.35952583;2053,0.3669166;2020,0.35934624;2054,0.36719662;2023,0.359885;2055,0.36747763;2022,0.35970542;2056,0.36776054;2025,0.36024415;2057,0.36804527;2024,0.3600646;2058,0.36833167;2027,0.36060333;2059,0.36861962;2026,0.36042374;2060,0.36890906;2029,0.3609625;2061,0.36919987;2028,0.36078292;2062,0.369492;2031,0.36133453;2063,0.3697853;2030,0.36114207;2002,0.0;2003,0.0;2000,0.0;2001,0.0;2006,0.0;2007,0.0;2004,0.0;2005,0.0;2010,0.0;2011,0.0;2008,0.0;2009,0.0;2014,0.35826874;2015,0.35844833;2012,0.0;2013,0.35808918',2,10,3),(129,'2065,0.37091753;2032,0.36154434;2064,0.37059784;2033,0.36176294;2067,0.37156117;2034,0.36199102;2066,0.37123865;2035,0.36222738;2069,0.3722101;2036,0.362471;2068,0.371885;2037,0.36272097;2038,0.3629766;2070,0.37253633;2039,0.36323723;2040,0.36350232;2041,0.36377144;2042,0.36404416;2043,0.36432013;2044,0.36459905;2045,0.36488068;2046,0.36516476;2047,0.36545107;2048,0.3657394;2017,0.3588075;2049,0.36602965;2016,0.35862792;2050,0.36632165;2019,0.35916665;2051,0.36661524;2018,0.3589871;2052,0.3669103;2021,0.35952583;2053,0.36720675;2020,0.35934624;2054,0.36750448;2023,0.359885;2055,0.36780336;2022,0.35970542;2056,0.36810502;2025,0.36024415;2057,0.36840922;2024,0.3600646;2058,0.36871582;2027,0.36060333;2059,0.36902463;2026,0.36042374;2060,0.36933556;2029,0.3609625;2061,0.36964846;2028,0.36078292;2062,0.36996323;2031,0.3613368;2063,0.3702797;2030,0.36114207;2002,0.0;2003,0.0;2000,0.0;2001,0.0;2006,0.0;2007,0.0;2004,0.0;2005,0.0;2010,0.0;2011,0.0;2008,0.0;2009,0.0;2014,0.35826874;2015,0.35844833;2012,0.0;2013,0.35808918',2,8,3),(130,'2065,0.36384398;2032,0.3582946;2064,0.36366454;2033,0.35842577;2067,0.36420283;2034,0.35856262;2066,0.3640234;2035,0.35870445;2069,0.36456174;2036,0.3588506;2068,0.36438227;2037,0.3590006;2038,0.35915396;2070,0.36474118;2039,0.35931033;2040,0.35946938;2041,0.35963085;2042,0.3597945;2043,0.35996008;2044,0.36012745;2045,0.3602964;2046,0.36046684;2047,0.36063865;2048,0.36081165;2017,0.3566525;2049,0.3609858;2016,0.35654476;2050,0.361161;2019,0.356868;2051,0.36133713;2018,0.35676026;2052,0.36151418;2021,0.3570835;2053,0.36169204;2020,0.35697576;2054,0.36187068;2023,0.357299;2055,0.36205003;2022,0.35719126;2056,0.36222938;2025,0.3575145;2057,0.36240876;2024,0.35740674;2058,0.3625881;2027,0.35773;2059,0.36276752;2026,0.35762224;2060,0.3629469;2029,0.3579455;2061,0.3631263;2028,0.35783774;2062,0.36330572;2031,0.35817006;2063,0.36348513;2030,0.35805324;2002,0.0;2003,0.0;2000,0.0;2001,0.0;2006,0.0;2007,0.0;2004,0.0;2005,0.0;2010,0.0;2011,0.0;2008,0.0;2009,0.0;2014,0.35632926;2015,0.356437;2012,0.0;2013,0.3562215',2,12,3),(131,'2065,0.36773923;2032,0.36150557;2064,0.36755183;2033,0.36168903;2067,0.3681132;2034,0.36187348;2066,0.36792633;2035,0.36205873;2069,0.3684861;2036,0.36224473;2068,0.36829975;2037,0.36243135;2038,0.36261854;2070,0.3686722;2039,0.36280623;2040,0.36299434;2041,0.3631829;2042,0.3633718;2043,0.363561;2044,0.36375052;2045,0.36394033;2046,0.36413035;2047,0.3643206;2048,0.36451107;2017,0.3588075;2049,0.36470172;2016,0.35862792;2050,0.36489254;2019,0.35916665;2051,0.36508352;2018,0.3589871;2052,0.36527467;2021,0.35952583;2053,0.36546594;2020,0.35934624;2054,0.36565733;2023,0.359885;2055,0.36584884;2022,0.35970542;2056,0.3660398;2025,0.36024415;2057,0.36623028;2024,0.3600646;2058,0.36642027;2027,0.36060333;2059,0.3666098;2026,0.36042374;2060,0.36679897;2029,0.3609625;2061,0.3669877;2028,0.36078292;2062,0.3671761;2031,0.36132318;2063,0.3673641;2030,0.36114207;2002,0.0;2003,0.0;2000,0.0;2001,0.0;2006,0.0;2007,0.0;2004,0.0;2005,0.0;2010,0.0;2011,0.0;2008,0.0;2009,0.0;2014,0.35826874;2015,0.35844833;2012,0.0;2013,0.35808918',2,9,3),(132,'2065,0.3687876;2032,0.3623083;2064,0.36858582;2033,0.36250487;2067,0.36919263;2034,0.3627012;2066,0.36898988;2035,0.3628973;2069,0.36959952;2036,0.36309326;2068,0.36939585;2037,0.36328903;2038,0.36348468;2070,0.36980358;2039,0.36368018;2040,0.3638756;2041,0.3640709;2042,0.36426613;2043,0.36446124;2044,0.3646563;2045,0.3648513;2046,0.36504623;2047,0.3652411;2048,0.36543593;2017,0.35934624;2049,0.3656307;2016,0.3591487;2050,0.3658254;2019,0.35974133;2051,0.3660201;2018,0.3595438;2052,0.36621478;2021,0.36013642;2053,0.3664094;2020,0.3599389;2054,0.36660397;2023,0.3605315;2055,0.36679855;2022,0.36033395;2056,0.36699405;2025,0.36092657;2057,0.36719045;2024,0.36072904;2058,0.36738768;2027,0.36132166;2059,0.3675857;2026,0.36112413;2060,0.3677844;2029,0.36171675;2061,0.36798385;2028,0.36151922;2062,0.3681839;2031,0.36211145;2063,0.36838457;2030,0.36191428;2002,0.0;2003,0.0;2000,0.0;2001,0.0;2006,0.0;2007,0.0;2004,0.0;2005,0.0;2010,0.0;2011,0.0;2008,0.0;2009,0.0;2014,0.35875362;2015,0.35895118;2012,0.0;2013,0.3585561',2,7,3),(133,'2065,0.36229208;2032,0.3582752;2064,0.3621726;2033,0.3583888;2067,0.36252978;2034,0.35850385;2066,0.36241114;2035,0.3586201;2069,0.3627659;2036,0.35873747;2068,0.362648;2037,0.35885578;2038,0.35897493;2070,0.36288342;2039,0.35909483;2040,0.3592154;2041,0.35933658;2042,0.3594583;2043,0.35958052;2044,0.35970318;2045,0.35982624;2046,0.35994965;2047,0.36007342;2048,0.36019748;2017,0.3566525;2049,0.36032182;2016,0.35654476;2050,0.36044642;2019,0.356868;2051,0.3605713;2018,0.35676026;2052,0.36069635;2021,0.3570835;2053,0.36082163;2020,0.35697576;2054,0.3609471;2023,0.357299;2055,0.36107275;2022,0.35719126;2056,0.3611976;2025,0.3575145;2057,0.36132166;2024,0.35740674;2058,0.36144504;2027,0.35773;2059,0.36156774;2026,0.35762224;2060,0.3616898;2029,0.3579455;2061,0.3618113;2028,0.35783774;2062,0.36193225;2031,0.35816327;2063,0.36205268;2030,0.35805324;2002,0.0;2003,0.0;2000,0.0;2001,0.0;2006,0.0;2007,0.0;2004,0.0;2005,0.0;2010,0.0;2011,0.0;2008,0.0;2009,0.0;2014,0.35632926;2015,0.356437;2012,0.0;2013,0.3562215',2,11,3),(134,'2065,2.699698;2032,2.6998377;2064,2.6996996;2033,2.699827;2067,2.6996949;2034,2.6998172;2066,2.6996963;2035,2.6998084;2069,2.699692;2036,2.6998003;2068,2.6996934;2037,2.6997929;2038,2.699786;2070,2.6996906;2039,2.6997795;2040,2.6997736;2041,2.699768;2042,2.6997628;2043,2.699758;2044,2.6997535;2045,2.6997492;2046,2.6997452;2047,2.6997414;2048,2.699738;2017,2.70051;2049,2.6997344;2016,2.7007341;2050,2.6997313;2019,2.700254;2051,2.6997283;2018,2.7003608;2052,2.6997254;2021,2.7001116;2053,2.6997228;2020,2.700174;2054,2.6997201;2023,2.700021;2055,2.6997175;2022,2.7000618;2056,2.6997151;2025,2.6999583;2057,2.699713;2024,2.6999872;2058,2.6997108;2027,2.6999123;2059,2.6997087;2026,2.6999338;2060,2.6997068;2029,2.6998773;2061,2.699705;2028,2.6998937;2062,2.699703;2031,2.6998494;2063,2.6997013;2030,2.6998625;2002,0.0;2003,0.0;2000,0.0;2001,0.0;2006,0.0;2007,0.0;2004,0.0;2005,0.0;2010,0.0;2011,0.0;2008,0.0;2009,0.0;2014,2.7018526;2015,2.7011073;2012,0.0;2013,2.7040823',2,20,4),(135,'2065,2.5761087;2032,2.6392162;2064,2.5781677;2033,2.6376536;2067,2.5719798;2034,2.6360352;2066,2.574046;2035,2.6343682;2069,2.567839;2036,2.6326594;2068,2.5699108;2037,2.6309142;2038,2.629137;2070,2.565765;2039,2.627332;2040,2.6255023;2041,2.6236513;2042,2.6217809;2043,2.6198936;2044,2.6179912;2045,2.6160755;2046,2.614148;2047,2.6122098;2048,2.6102622;2017,2.659962;2049,2.6083062;2016,2.6615148;2050,2.606343;2019,2.65705;2051,2.604373;2018,2.6584842;2052,2.6023974;2021,2.6542556;2053,2.6004164;2020,2.6556435;2054,2.598431;2023,2.6515176;2055,2.5964417;2022,2.6528816;2056,2.594442;2025,2.6488125;2057,2.5924327;2024,2.650162;2058,2.5904148;2027,2.6461294;2059,2.5883892;2026,2.6474686;2060,2.5863566;2029,2.643462;2061,2.5843174;2028,2.6447937;2062,2.5822725;2031,2.640713;2063,2.5802226;2030,2.642133;2002,0.0;2003,0.0;2000,0.0;2001,0.0;2006,0.0;2007,0.0;2004,0.0;2005,0.0;2010,0.0;2011,0.0;2008,0.0;2009,0.0;2014,2.665286;2015,2.6632159;2012,0.0;2013,2.6688235',2,10,4),(136,'2065,2.5723433;2032,2.639169;2064,2.574564;2033,2.637564;2067,2.5678844;2034,2.6358924;2066,2.5701168;2035,2.6341639;2069,2.5634048;2036,2.6323855;2068,2.565647;2037,2.630564;2038,2.6287048;2070,2.5611587;2039,2.6268125;2040,2.624891;2041,2.6229439;2042,2.6209738;2043,2.6189837;2044,2.6169758;2045,2.6149518;2046,2.6129136;2047,2.610863;2048,2.6088011;2017,2.659962;2049,2.606729;2016,2.6615148;2050,2.6046484;2019,2.65705;2051,2.6025596;2018,2.6584842;2052,2.6004639;2021,2.6542556;2053,2.598362;2020,2.6556435;2054,2.5962543;2023,2.6515176;2055,2.594142;2022,2.6528816;2056,2.592014;2025,2.6488125;2057,2.5898716;2024,2.650162;2058,2.5877159;2027,2.6461294;2059,2.5855484;2026,2.6474686;2060,2.5833697;2029,2.643462;2061,2.5811813;2028,2.6447937;2062,2.5789835;2031,2.6406965;2063,2.5767775;2030,2.642133;2002,0.0;2003,0.0;2000,0.0;2001,0.0;2006,0.0;2007,0.0;2004,0.0;2005,0.0;2010,0.0;2011,0.0;2008,0.0;2009,0.0;2014,2.665286;2015,2.6632159;2012,0.0;2013,2.6688235',2,8,4),(137,'2065,2.6223528;2032,2.6631062;2064,2.6236482;2033,2.6621213;2067,2.6197658;2034,2.6610956;2066,2.6210587;2035,2.660035;2069,2.6171842;2036,2.6589434;2068,2.6184742;2037,2.657825;2038,2.6566832;2070,2.615895;2039,2.6555207;2040,2.65434;2041,2.6531427;2042,2.651931;2043,2.6507063;2044,2.64947;2045,2.6482234;2046,2.6469674;2047,2.6457028;2048,2.6444306;2017,2.6760342;2049,2.6431515;2016,2.677065;2050,2.6418664;2019,2.6741645;2051,2.6405754;2018,2.675078;2052,2.6392796;2021,2.67241;2053,2.637979;2020,2.673278;2054,2.6366742;2023,2.6707084;2055,2.6353657;2022,2.6715546;2056,2.6340585;2025,2.6690366;2057,2.6327527;2024,2.6698697;2058,2.631448;2027,2.6673834;2059,2.6301448;2026,2.6682081;2060,2.6288428;2029,2.6657426;2061,2.6275423;2028,2.6665616;2062,2.6262429;2031,2.664044;2063,2.624945;2030,2.664926;2002,0.0;2003,0.0;2000,0.0;2001,0.0;2006,0.0;2007,0.0;2004,0.0;2005,0.0;2010,0.0;2011,0.0;2008,0.0;2009,0.0;2014,2.6797934;2015,2.678244;2012,0.0;2013,2.682816',2,12,4),(138,'2065,2.5945756;2032,2.6394522;2064,2.5959;2033,2.6381028;2067,2.5919368;2034,2.6367486;2066,2.5932546;2035,2.6353908;2069,2.5893111;2036,2.6340299;2068,2.5906224;2037,2.632666;2038,2.6313004;2070,2.5880027;2039,2.629933;2040,2.6285641;2041,2.6271942;2042,2.6258235;2043,2.624452;2044,2.6230805;2045,2.6217084;2046,2.6203363;2047,2.6189642;2048,2.6175923;2017,2.659962;2049,2.6162207;2016,2.6615148;2050,2.6148493;2019,2.65705;2051,2.6134787;2018,2.6584842;2052,2.6121082;2021,2.6542556;2053,2.6107385;2020,2.6556435;2054,2.6093695;2023,2.6515176;2055,2.6080012;2022,2.6528816;2056,2.6066382;2025,2.6488125;2057,2.6052804;2024,2.650162;2058,2.6039274;2027,2.6461294;2059,2.602579;2026,2.6474686;2060,2.6012352;2029,2.643462;2061,2.5998955;2028,2.6447937;2062,2.5985599;2031,2.640796;2063,2.597228;2030,2.642133;2002,0.0;2003,0.0;2000,0.0;2001,0.0;2006,0.0;2007,0.0;2004,0.0;2005,0.0;2010,0.0;2011,0.0;2008,0.0;2009,0.0;2014,2.665286;2015,2.6632159;2012,0.0;2013,2.6688235',2,9,4),(139,'2065,2.5872;2032,2.633604;2064,2.5886178;2033,2.6321657;2067,2.5843585;2034,2.6307313;2066,2.5857801;2035,2.629301;2069,2.5815108;2036,2.6278741;2068,2.5829353;2037,2.6264508;2038,2.6250303;2070,2.580085;2039,2.6236129;2040,2.6221983;2041,2.6207862;2042,2.6193767;2043,2.6179698;2044,2.616565;2045,2.6151624;2046,2.6137621;2047,2.6123638;2048,2.6109676;2017,2.655974;2049,2.6095736;2016,2.6576552;2050,2.6081812;2019,2.6528056;2051,2.606791;2018,2.654368;2052,2.6054027;2021,2.6497555;2053,2.6040163;2020,2.6512709;2054,2.6026316;2023,2.646763;2055,2.6012487;2022,2.6482542;2056,2.5998607;2025,2.6438043;2057,2.5984678;2024,2.6452804;2058,2.5970707;2027,2.6408687;2059,2.5956697;2026,2.642334;2060,2.5942652;2029,2.6379497;2061,2.5928576;2028,2.6394074;2062,2.5914469;2031,2.6350472;2063,2.5900335;2030,2.6364956;2002,0.0;2003,0.0;2000,0.0;2001,0.0;2006,0.0;2007,0.0;2004,0.0;2005,0.0;2010,0.0;2011,0.0;2008,0.0;2009,0.0;2014,2.6616838;2015,2.659485;2012,0.0;2013,2.665348',2,7,4),(140,'2065,2.6335857;2032,2.6632504;2064,2.634456;2033,2.6623957;2067,2.631856;2034,2.661532;2066,2.632719;2035,2.6606603;2069,2.63014;2036,2.659782;2068,2.6309965;2037,2.6588976;2038,2.6580083;2070,2.629287;2039,2.6571145;2040,2.6562166;2041,2.6553154;2042,2.6544113;2043,2.6535044;2044,2.652595;2045,2.6516838;2046,2.6507707;2047,2.6498559;2048,2.6489396;2017,2.6760342;2049,2.6480222;2016,2.677065;2050,2.6471035;2019,2.6741645;2051,2.646184;2018,2.675078;2052,2.6452637;2021,2.67241;2053,2.6443424;2020,2.673278;2054,2.6434207;2023,2.6707084;2055,2.6424985;2022,2.6715546;2056,2.641583;2025,2.6690366;2057,2.6406736;2024,2.6698697;2058,2.63977;2027,2.6673834;2059,2.6388721;2026,2.6682081;2060,2.6379797;2029,2.6657426;2061,2.6370919;2028,2.6665616;2062,2.636209;2031,2.6640944;2063,2.6353304;2030,2.664926;2002,0.0;2003,0.0;2000,0.0;2001,0.0;2006,0.0;2007,0.0;2004,0.0;2005,0.0;2010,0.0;2011,0.0;2008,0.0;2009,0.0;2014,2.6797934;2015,2.678244;2012,0.0;2013,2.682816',2,11,4),(141,'2065,29.87111;2032,29.87111;2064,29.87111;2033,29.87111;2067,29.87111;2034,29.87111;2066,29.87111;2035,29.87111;2069,29.87111;2036,29.87111;2068,29.87111;2037,29.87111;2038,29.87111;2070,29.87111;2039,29.87111;2040,29.87111;2041,29.87111;2042,29.87111;2043,29.87111;2044,29.87111;2045,29.87111;2046,29.87111;2047,29.87111;2048,29.87111;2017,29.87111;2049,29.87111;2016,29.87111;2050,29.87111;2019,29.87111;2051,29.87111;2018,29.87111;2052,29.87111;2021,29.87111;2053,29.87111;2020,29.87111;2054,29.87111;2023,29.87111;2055,29.87111;2022,29.87111;2056,29.87111;2025,29.87111;2057,29.87111;2024,29.87111;2058,29.87111;2027,29.87111;2059,29.87111;2026,29.87111;2060,29.87111;2029,29.87111;2061,29.87111;2028,29.87111;2062,29.87111;2031,29.87111;2063,29.87111;2030,29.87111;2002,0.0;2003,0.0;2000,0.0;2001,0.0;2006,0.0;2007,0.0;2004,0.0;2005,0.0;2010,0.0;2011,0.0;2008,0.0;2009,0.0;2014,29.87111;2015,29.87111;2012,0.0;2013,29.87111',2,20,5),(142,'2065,29.29416;2032,29.597605;2064,29.304386;2033,29.590363;2067,29.273592;2034,29.582842;2066,29.283895;2035,29.575079;2069,29.252876;2036,29.5671;2068,29.26325;2037,29.558933;2038,29.5506;2070,29.242468;2039,29.542116;2040,29.533497;2041,29.524757;2042,29.51591;2043,29.50696;2044,29.497921;2045,29.488798;2046,29.479599;2047,29.470331;2048,29.460999;2017,29.690237;2049,29.451605;2016,29.696308;2050,29.442156;2019,29.678085;2051,29.432655;2018,29.684162;2052,29.423107;2021,29.665924;2053,29.413513;2020,29.672007;2054,29.403877;2023,29.653753;2055,29.394201;2022,29.65984;2056,29.384455;2025,29.641571;2057,29.374643;2024,29.647663;2058,29.364767;2027,29.629377;2059,29.354834;2026,29.635475;2060,29.344843;2029,29.617174;2061,29.3348;2028,29.623278;2062,29.324709;2031,29.604525;2063,29.31457;2030,29.61107;2002,0.0;2003,0.0;2000,0.0;2001,0.0;2006,0.0;2007,0.0;2004,0.0;2005,0.0;2010,0.0;2011,0.0;2008,0.0;2009,0.0;2014,29.708443;2015,29.702377;2012,0.0;2013,29.714504',2,10,5),(143,'2065,29.275393;2032,29.597385;2064,29.28646;2033,29.589945;2067,29.25309;2034,29.582174;2066,29.264269;2035,29.57412;2069,29.230585;2036,29.565815;2068,29.241861;2037,29.557287;2038,29.548563;2070,29.219261;2039,29.539661;2040,29.530603;2041,29.521404;2042,29.512075;2043,29.502628;2044,29.493076;2045,29.483427;2046,29.473688;2047,29.463867;2048,29.45397;2017,29.690237;2049,29.444004;2016,29.696308;2050,29.433971;2019,29.678085;2051,29.42388;2018,29.684162;2052,29.41373;2021,29.665924;2053,29.403528;2020,29.672007;2054,29.393278;2023,29.653753;2055,29.38298;2022,29.65984;2056,29.372583;2025,29.641571;2057,29.362093;2024,29.647663;2058,29.351513;2027,29.629377;2059,29.340853;2026,29.635475;2060,29.330112;2029,29.617174;2061,29.319302;2028,29.623278;2062,29.308418;2031,29.604448;2063,29.297472;2030,29.61107;2002,0.0;2003,0.0;2000,0.0;2001,0.0;2006,0.0;2007,0.0;2004,0.0;2005,0.0;2010,0.0;2011,0.0;2008,0.0;2009,0.0;2014,29.708443;2015,29.702377;2012,0.0;2013,29.714504',2,8,5),(144,'2065,29.518923;2032,29.70757;2064,29.525059;2033,29.703138;2067,29.506643;2034,29.698515;2066,29.512785;2035,29.693722;2069,29.494356;2036,29.68878;2068,29.500502;2037,29.683706;2038,29.678516;2070,29.488207;2039,29.673223;2040,29.667837;2041,29.662367;2042,29.656822;2043,29.651207;2044,29.64553;2045,29.639797;2046,29.634012;2047,29.62818;2048,29.622301;2017,29.762907;2049,29.616383;2016,29.76653;2050,29.610428;2019,29.75566;2051,29.604435;2018,29.759283;2052,29.598412;2021,29.748405;2053,29.592358;2020,29.752033;2054,29.586275;2023,29.741148;2055,29.580166;2022,29.744778;2056,29.574053;2025,29.733889;2057,29.567938;2024,29.737518;2058,29.56182;2027,29.726624;2059,29.5557;2026,29.730255;2060,29.549576;2029,29.719353;2061,29.543451;2028,29.722988;2062,29.537323;2031,29.711775;2063,29.53119;2030,29.715717;2002,0.0;2003,0.0;2000,0.0;2001,0.0;2006,0.0;2007,0.0;2004,0.0;2005,0.0;2010,0.0;2011,0.0;2008,0.0;2009,0.0;2014,29.773771;2015,29.770151;2012,0.0;2013,29.777391',2,12,5),(145,'2065,29.38519;2032,29.598705;2064,29.391645;2033,29.59246;2067,29.372301;2034,29.58618;2066,29.378742;2035,29.579868;2069,29.35944;2036,29.57353;2068,29.365868;2037,29.567167;2038,29.560781;2070,29.35302;2039,29.554379;2040,29.547956;2041,29.541517;2042,29.535065;2043,29.528597;2044,29.522118;2045,29.515627;2046,29.509125;2047,29.502613;2048,29.49609;2017,29.690237;2049,29.48956;2016,29.696308;2050,29.48302;2019,29.678085;2051,29.476473;2018,29.684162;2052,29.46992;2021,29.665924;2053,29.463358;2020,29.672007;2054,29.456789;2023,29.653753;2055,29.450214;2022,29.65984;2056,29.443655;2025,29.641571;2057,29.43711;2024,29.647663;2058,29.430582;2027,29.629377;2059,29.424065;2026,29.635475;2060,29.41756;2029,29.617174;2061,29.411066;2028,29.623278;2062,29.404583;2031,29.60491;2063,29.39811;2030,29.61107;2002,0.0;2003,0.0;2000,0.0;2001,0.0;2006,0.0;2007,0.0;2004,0.0;2005,0.0;2010,0.0;2011,0.0;2008,0.0;2009,0.0;2014,29.708443;2015,29.702377;2012,0.0;2013,29.714504',2,9,5),(146,'2065,29.349037;2032,29.571362;2064,29.355999;2033,29.56466;2067,29.33505;2034,29.557962;2066,29.342052;2035,29.55127;2069,29.320993;2036,29.544579;2068,29.32803;2037,29.537891;2038,29.531206;2070,29.313938;2039,29.524523;2040,29.517841;2041,29.51116;2042,29.504478;2043,29.497797;2044,29.491116;2045,29.484434;2046,29.477753;2047,29.47107;2048,29.464386;2017,29.672007;2049,29.457703;2016,29.678694;2050,29.451017;2019,29.658623;2051,29.444332;2018,29.665316;2052,29.437645;2021,29.645226;2053,29.430956;2020,29.651926;2054,29.424267;2023,29.631817;2055,29.417574;2022,29.638523;2056,29.410849;2025,29.618395;2057,29.404089;2024,29.625109;2058,29.397299;2027,29.604961;2059,29.39048;2026,29.611681;2060,29.383633;2029,29.591516;2061,29.37676;2028,29.59824;2062,29.369864;2031,29.578072;2063,29.362942;2030,29.58479;2002,0.0;2003,0.0;2000,0.0;2001,0.0;2006,0.0;2007,0.0;2004,0.0;2005,0.0;2010,0.0;2011,0.0;2008,0.0;2009,0.0;2014,29.692059;2015,29.685377;2012,0.0;2013,29.698736',2,7,5),(147,'2065,29.571915;2032,29.708223;2064,29.575987;2033,29.704388;2067,29.56381;2034,29.7005;2066,29.567856;2035,29.696571;2069,29.555754;2036,29.692604;2068,29.559776;2037,29.688604;2038,29.684574;2070,29.551743;2039,29.680517;2040,29.676435;2041,29.672335;2042,29.668213;2043,29.664072;2044,29.659916;2045,29.655745;2046,29.651562;2047,29.647364;2048,29.643154;2017,29.762907;2049,29.638935;2016,29.76653;2050,29.634705;2019,29.75566;2051,29.630466;2018,29.759283;2052,29.626219;2021,29.748405;2053,29.621962;2020,29.752033;2054,29.617699;2023,29.741148;2055,29.613426;2022,29.744778;2056,29.609182;2025,29.733889;2057,29.604961;2024,29.737518;2058,29.600765;2027,29.726624;2059,29.59659;2026,29.730255;2060,29.592434;2029,29.719353;2061,29.588297;2028,29.722988;2062,29.584177;2031,29.712004;2063,29.580074;2030,29.715717;2002,0.0;2003,0.0;2000,0.0;2001,0.0;2006,0.0;2007,0.0;2004,0.0;2005,0.0;2010,0.0;2011,0.0;2008,0.0;2009,0.0;2014,29.773771;2015,29.770151;2012,0.0;2013,29.777391',2,11,5),(148,'2065,32.57081;2032,32.57095;2064,32.570812;2033,32.57094;2067,32.570805;2034,32.57093;2066,32.57081;2035,32.57092;2069,32.570805;2036,32.57091;2068,32.570805;2037,32.570904;2038,32.570896;2070,32.5708;2039,32.570892;2040,32.570885;2041,32.57088;2042,32.570873;2043,32.57087;2044,32.570866;2045,32.57086;2046,32.570858;2047,32.570854;2048,32.57085;2017,32.57162;2049,32.570847;2016,32.571846;2050,32.570843;2019,32.571365;2051,32.57084;2018,32.571472;2052,32.570835;2021,32.571224;2053,32.570835;2020,32.571285;2054,32.57083;2023,32.571133;2055,32.570827;2022,32.571175;2056,32.570827;2025,32.57107;2057,32.570824;2024,32.5711;2058,32.570824;2027,32.571022;2059,32.57082;2026,32.571045;2060,32.57082;2029,32.570988;2061,32.570816;2028,32.571007;2062,32.570816;2031,32.57096;2063,32.570812;2030,32.570972;2002,0.0;2003,0.0;2000,0.0;2001,0.0;2006,0.0;2007,0.0;2004,0.0;2005,0.0;2010,0.0;2011,0.0;2008,0.0;2009,0.0;2014,32.572964;2015,32.57222;2012,0.0;2013,32.575195',2,20,6),(149,'2065,31.87027;2032,32.23682;2064,31.882555;2033,32.228016;2067,31.845572;2034,32.218876;2066,31.85794;2035,32.209446;2069,31.820715;2036,32.19976;2068,31.833162;2037,32.18985;2038,32.179737;2070,31.808233;2039,32.16945;2040,32.159;2041,32.148407;2042,32.137688;2043,32.126854;2044,32.115913;2045,32.104874;2046,32.093746;2047,32.082542;2048,32.07126;2017,32.350197;2049,32.05991;2016,32.357822;2050,32.0485;2019,32.335136;2051,32.03703;2018,32.342648;2052,32.025505;2021,32.32018;2053,32.01393;2020,32.327652;2054,32.002308;2023,32.30527;2055,31.990644;2022,32.31272;2056,31.978897;2025,32.290382;2057,31.967075;2024,32.297825;2058,31.955181;2027,32.27551;2059,31.943222;2026,32.282944;2060,31.9312;2029,32.260635;2061,31.919119;2028,32.26807;2062,31.90698;2031,32.24524;2063,31.894793;2030,32.253204;2002,0.0;2003,0.0;2000,0.0;2001,0.0;2006,0.0;2007,0.0;2004,0.0;2005,0.0;2010,0.0;2011,0.0;2008,0.0;2009,0.0;2014,32.37373;2015,32.365593;2012,0.0;2013,32.383327',2,10,6),(150,'2065,31.847736;2032,32.236553;2064,31.861025;2033,32.22751;2067,31.820974;2034,32.218067;2066,31.834385;2035,32.208282;2069,31.79399;2036,32.1982;2068,31.807508;2037,32.18785;2038,32.17727;2070,31.78042;2039,32.166473;2040,32.155495;2041,32.14435;2042,32.13305;2043,32.121613;2044,32.110054;2045,32.098377;2046,32.0866;2047,32.07473;2048,32.06277;2017,32.350197;2049,32.05073;2016,32.357822;2050,32.03862;2019,32.335136;2051,32.02644;2018,32.342648;2052,32.014194;2021,32.32018;2053,32.00189;2020,32.327652;2054,31.989532;2023,32.30527;2055,31.977121;2022,32.31272;2056,31.964596;2025,32.290382;2057,31.951963;2024,32.297825;2058,31.93923;2027,32.27551;2059,31.926401;2026,32.282944;2060,31.913483;2029,32.260635;2061,31.900482;2028,32.26807;2062,31.887402;2031,32.245144;2063,31.874249;2030,32.253204;2002,0.0;2003,0.0;2000,0.0;2001,0.0;2006,0.0;2007,0.0;2004,0.0;2005,0.0;2010,0.0;2011,0.0;2008,0.0;2009,0.0;2014,32.37373;2015,32.365593;2012,0.0;2013,32.383327',2,8,6),(151,'2065,32.141277;2032,32.370674;2064,32.14871;2033,32.36526;2067,32.12641;2034,32.35961;2066,32.133842;2035,32.353756;2069,32.111538;2036,32.34772;2068,32.118977;2037,32.34153;2038,32.3352;2070,32.104103;2039,32.328743;2040,32.322178;2041,32.31551;2042,32.308754;2043,32.301914;2044,32.295002;2045,32.28802;2046,32.28098;2047,32.27388;2048,32.26673;2017,32.438942;2049,32.259533;2016,32.443596;2050,32.252293;2019,32.429825;2051,32.24501;2018,32.43436;2052,32.23769;2021,32.420815;2053,32.230335;2020,32.425312;2054,32.22295;2023,32.411858;2055,32.21553;2022,32.416332;2056,32.20811;2025,32.402924;2057,32.20069;2024,32.407387;2058,32.193268;2027,32.394005;2059,32.185844;2026,32.398464;2060,32.17842;2029,32.385098;2061,32.170994;2028,32.38955;2062,32.163567;2031,32.375816;2063,32.156136;2030,32.380642;2002,0.0;2003,0.0;2000,0.0;2001,0.0;2006,0.0;2007,0.0;2004,0.0;2005,0.0;2010,0.0;2011,0.0;2008,0.0;2009,0.0;2014,32.453564;2015,32.448395;2012,0.0;2013,32.46021',2,12,6),(152,'2065,31.979765;2032,32.23816;2064,31.987547;2033,32.230564;2067,31.96424;2034,32.222927;2066,31.971996;2035,32.21526;2069,31.948751;2036,32.207558;2068,31.95649;2037,32.199833;2038,32.19208;2070,31.941021;2039,32.18431;2040,32.17652;2041,32.168713;2042,32.16089;2043,32.15305;2044,32.1452;2045,32.137337;2046,32.12946;2047,32.12158;2048,32.11368;2017,32.350197;2049,32.10578;2016,32.357822;2050,32.09787;2019,32.335136;2051,32.08995;2018,32.342648;2052,32.082027;2021,32.32018;2053,32.074097;2020,32.327652;2054,32.06616;2023,32.30527;2055,32.058216;2022,32.31272;2056,32.050293;2025,32.290382;2057,32.042393;2024,32.297825;2058,32.034508;2027,32.27551;2059,32.026646;2026,32.282944;2060,32.018795;2029,32.260635;2061,32.010963;2028,32.26807;2062,32.003143;2031,32.24571;2063,31.995338;2030,32.253204;2002,0.0;2003,0.0;2000,0.0;2001,0.0;2006,0.0;2007,0.0;2004,0.0;2005,0.0;2010,0.0;2011,0.0;2008,0.0;2009,0.0;2014,32.37373;2015,32.365593;2012,0.0;2013,32.383327',2,9,6),(153,'2065,31.936235;2032,32.204967;2064,31.944618;2033,32.196827;2067,31.919409;2034,32.188694;2066,31.927834;2035,32.18057;2069,31.902504;2036,32.172455;2068,31.910965;2037,32.16434;2038,32.15624;2070,31.894024;2039,32.148136;2040,32.140038;2041,32.131947;2042,32.123856;2043,32.115765;2044,32.10768;2045,32.099598;2046,32.091515;2047,32.083435;2048,32.075356;2017,32.32798;2049,32.067276;2016,32.33635;2050,32.0592;2019,32.311428;2051,32.05112;2018,32.319683;2052,32.04305;2021,32.294983;2053,32.034973;2020,32.303196;2054,32.026897;2023,32.27858;2055,32.01882;2022,32.286777;2056,32.010708;2025,32.2622;2057,32.002556;2024,32.27039;2058,31.99437;2027,32.24583;2059,31.986149;2026,32.254013;2060,31.977898;2029,32.229465;2061,31.969618;2028,32.237648;2062,31.96131;2031,32.21312;2063,31.952976;2030,32.221283;2002,0.0;2003,0.0;2000,0.0;2001,0.0;2006,0.0;2007,0.0;2004,0.0;2005,0.0;2010,0.0;2011,0.0;2008,0.0;2009,0.0;2014,32.35374;2015,32.344864;2012,0.0;2013,32.364082',2,7,6),(154,'2065,32.2055;2032,32.371475;2064,32.21044;2033,32.366783;2067,32.195667;2034,32.362034;2066,32.200577;2035,32.35723;2069,32.185894;2036,32.352386;2068,32.190773;2037,32.347504;2038,32.342583;2070,32.18103;2039,32.33763;2040,32.332653;2041,32.32765;2042,32.322624;2043,32.317577;2044,32.31251;2045,32.30743;2046,32.30233;2047,32.29722;2048,32.292095;2017,32.438942;2049,32.286957;2016,32.443596;2050,32.28181;2019,32.429825;2051,32.27665;2018,32.43436;2052,32.27148;2021,32.420815;2053,32.266304;2020,32.425312;2054,32.26112;2023,32.411858;2055,32.255924;2022,32.416332;2056,32.250767;2025,32.402924;2057,32.245636;2024,32.407387;2058,32.240536;2027,32.394005;2059,32.235462;2026,32.398464;2060,32.23041;2029,32.385098;2061,32.225388;2028,32.38955;2062,32.220387;2031,32.3761;2063,32.215405;2030,32.380642;2002,0.0;2003,0.0;2000,0.0;2001,0.0;2006,0.0;2007,0.0;2004,0.0;2005,0.0;2010,0.0;2011,0.0;2008,0.0;2009,0.0;2014,32.453564;2015,32.448395;2012,0.0;2013,32.46021',2,11,6),(155,'2065,1.2080553;2032,0.35173425;2064,1.1799953;2033,0.37477422;2067,1.2644655;2034,0.39807484;2066,1.2362126;2035,0.4216238;2069,1.3212501;2036,0.44540977;2068,1.2928119;2037,0.46942246;2038,0.4936523;2070,1.3497783;2039,0.5180906;2040,0.54272914;2041,0.56756043;2042,0.59257746;2043,0.6177737;2044,0.643143;2045,0.6686796;2046,0.69437814;2047,0.72023356;2048,0.74624115;2017,0.052757543;2049,0.7723963;2016,0.038093064;2050,0.79869485;2019,0.085196055;2051,0.8251327;2018,0.06851709;2052,0.85170615;2021,0.12083165;2053,0.8784114;2020,0.10266664;2054,0.9052451;2023,0.1589542;2055,0.932204;2022,0.13961472;2056,0.95928496;2025,0.1991078;2057,0.986485;2024,0.1787994;2058,1.0138012;2027,0.24097483;2059,1.041231;2026,0.21984328;2060,1.0687717;2029,0.2843215;2061,1.0964208;2028,0.26247546;2062,1.1241759;2031,0.32896852;2063,1.1520349;2030,0.30649206;2002,0.0;2003,0.0;2000,0.0;2001,0.0;2006,0.0;2007,0.0;2004,0.0;2005,0.0;2010,0.0;2011,0.0;2008,0.0;2009,0.0;2014,0.013232722;2015,0.024780516;2012,0.0;2013,0.0042325784',2,20,7),(156,'2065,1.2950653;2032,0.36626777;2064,1.2637732;2033,0.3905112;2067,1.3581425;2034,0.41507557;2066,1.3265224;2035,0.43994868;2069,1.4218652;2036,0.46511948;2068,1.389924;2037,0.4905778;2038,0.51631427;2070,1.4539641;2039,0.5423203;2040,0.5685879;2041,0.5951097;2042,0.6218787;2043,0.6488885;2044,0.67613316;2045,0.7036069;2046,0.7313046;2047,0.7592212;2048,0.78735197;2017,0.05471523;2049,0.8156926;2016,0.039533634;2050,0.8442388;2019,0.08831653;2051,0.87298673;2018,0.071035385;2052,0.90193254;2021,0.12527682;2053,0.9310728;2020,0.106429674;2054,0.960404;2023,0.16488022;2055,0.98992294;2022,0.14478101;2056,1.0196308;2025,0.20666787;2057,1.0495248;2024,0.1855234;2058,1.0796019;2027,0.25032052;2059,1.1098597;2026,0.22827731;2060,1.1402955;2029,0.2956034;2061,1.1709071;2028,0.2727705;2062,1.201692;2031,0.34235856;2063,1.2326481;2030,0.31879833;2002,0.0;2003,0.0;2000,0.0;2001,0.0;2006,0.0;2007,0.0;2004,0.0;2005,0.0;2010,0.0;2011,0.0;2008,0.0;2009,0.0;2014,0.0137856025;2015,0.025750706;2012,0.0;2013,0.004436732',2,10,7),(157,'2065,1.2978976;2032,0.36627945;2064,1.2664245;2033,0.39053473;2067,1.3613592;2034,0.41511494;2066,1.3295431;2035,0.44000798;2069,1.4254966;2036,0.46520287;2068,1.3933444;2037,0.49068943;2038,0.51645833;2070,1.4578142;2039,0.54250103;2040,0.5688095;2041,0.59537643;2042,0.62219495;2043,0.64925855;2044,0.6765613;2045,0.70409757;2046,0.73186207;2047,0.7598499;2048,0.7880564;2017,0.05471523;2049,0.816477;2016,0.039533634;2050,0.84510773;2019,0.08831653;2051,0.8739446;2018,0.071035385;2052,0.9029838;2021,0.12527682;2053,0.9322219;2020,0.106429674;2054,0.96165544;2023,0.16488022;2055,0.9912813;2022,0.14478101;2056,1.0211033;2025,0.20666787;2057,1.0511187;2024,0.1855234;2058,1.0813247;2027,0.25032052;2059,1.1117187;2026,0.22827731;2060,1.1422981;2029,0.2956034;2061,1.1730607;2028,0.2727705;2062,1.204004;2031,0.34236243;2063,1.235126;2030,0.31879833;2002,0.0;2003,0.0;2000,0.0;2001,0.0;2006,0.0;2007,0.0;2004,0.0;2005,0.0;2010,0.0;2011,0.0;2008,0.0;2009,0.0;2014,0.0137856025;2015,0.025750706;2012,0.0;2013,0.004436732',2,8,7),(158,'2065,1.2611829;2032,0.36042458;2064,1.2311656;2033,0.38419005;2067,1.321619;2034,0.40825444;2066,1.2913346;2035,0.43260553;2069,1.3825783;2036,0.45723218;2068,1.3520341;2037,0.48212418;2038,0.5072721;2070,1.4132496;2039,0.5326673;2040,0.5583016;2041,0.5841678;2042,0.61025876;2043,0.636568;2044,0.6630896;2045,0.6898177;2046,0.7167471;2047,0.7438728;2048,0.77119;2017,0.053927336;2049,0.7986943;2016,0.038953725;2050,0.82638144;2019,0.08706094;2051,0.8542475;2018,0.07002201;2052,0.88228863;2021,0.12348834;2053,0.91050136;2020,0.10491561;2054,0.9388821;2023,0.16249591;2055,0.9674278;2022,0.1427024;2056,0.99613243;2025,0.20362593;2057,1.0249932;2024,0.18281797;2058,1.0540072;2027,0.24655981;2059,1.0831716;2026,0.2248836;2060,1.1124841;2029,0.29106307;2061,1.1419421;2028,0.26862752;2062,1.1715431;2031,0.33697143;2063,1.2012851;2030,0.31384546;2002,0.0;2003,0.0;2000,0.0;2001,0.0;2006,0.0;2007,0.0;2004,0.0;2005,0.0;2010,0.0;2011,0.0;2008,0.0;2009,0.0;2014,0.013562796;2015,0.025360001;2012,0.0;2013,0.0043543205',2,12,7),(159,'2065,1.2813363;2032,0.3662093;2064,1.2508734;2033,0.39039367;2067,1.3426651;2034,0.41487876;2066,1.3119342;2035,0.43965214;2069,1.4045186;2036,0.46470264;2068,1.3735272;2037,0.49001986;2038,0.5155943;2070,1.4356377;2039,0.54141724;2040,0.56748056;2041,0.5937767;2042,0.6202986;2043,0.6470399;2044,0.67399436;2045,0.7011563;2046,0.7285204;2047,0.75608146;2048,0.7838349;2017,0.05471523;2049,0.8117761;2016,0.039533634;2050,0.8399009;2019,0.08831653;2051,0.86820525;2018,0.071035385;2052,0.8966854;2021,0.12527682;2053,0.9253377;2020,0.106429674;2054,0.95415866;2023,0.16488022;2055,0.9831451;2022,0.14478101;2056,1.0122912;2025,0.20666787;2057,1.0415938;2024,0.1855234;2058,1.0710502;2027,0.25032052;2059,1.1006577;2026,0.22827731;2060,1.1304135;2029,0.2956034;2061,1.1603154;2028,0.2727705;2062,1.1903609;2031,0.3423392;2063,1.2205476;2030,0.31879833;2002,0.0;2003,0.0;2000,0.0;2001,0.0;2006,0.0;2007,0.0;2004,0.0;2005,0.0;2010,0.0;2011,0.0;2008,0.0;2009,0.0;2014,0.0137856025;2015,0.025750706;2012,0.0;2013,0.004436732',2,9,7),(160,'2065,1.2867875;2032,0.36766288;2064,1.2561418;2033,0.39195254;2067,1.3485041;2034,0.41654336;2066,1.3175756;2035,0.4414229;2069,1.4107748;2036,0.46657988;2068,1.3795711;2037,0.49200398;2038,0.51768565;2070,1.4421135;2039,0.54361606;2040,0.56978714;2041,0.5961913;2042,0.62282157;2043,0.6496714;2044,0.6767346;2045,0.70400554;2046,0.7314788;2047,0.7591493;2048,0.7870123;2017,0.054913204;2049,0.81506324;2016,0.039679375;2050,0.843298;2019,0.088631965;2051,0.87171245;2018,0.07128999;2052,0.9003028;2021,0.12572609;2053,0.9290655;2020,0.106810026;2054,0.95799714;2023,0.16547917;2055,0.9870943;2022,0.14530316;2056,1.0163581;2025,0.20743205;2057,1.0457858;2024,0.18620305;2058,1.0753742;2027,0.25126535;2059,1.105121;2026,0.22912988;2060,1.1350234;2029,0.29674417;2061,1.165079;2028,0.27381137;2062,1.1952853;2031,0.34368792;2063,1.2256404;2030,0.3200428;2002,0.0;2003,0.0;2000,0.0;2001,0.0;2006,0.0;2007,0.0;2004,0.0;2005,0.0;2010,0.0;2011,0.0;2008,0.0;2009,0.0;2014,0.0138416495;2015,0.025848927;2012,0.0;2013,0.004457491',2,7,7),(161,'2065,1.2531985;2032,0.36038977;2064,1.2236438;2033,0.3841201;2067,1.3126653;2034,0.40813732;2066,1.282873;2035,0.43242913;2069,1.372596;2036,0.45698422;2068,1.3425736;2037,0.48179233;2038,0.5068439;2070,1.4027308;2039,0.5321303;2040,0.55764323;2041,0.58337533;2042,0.6093195;2043,0.6354693;2044,0.6618185;2045,0.6883615;2046,0.7150929;2047,0.74200755;2048,0.76910084;2017,0.053927336;2049,0.7963682;2016,0.038953725;2050,0.82380533;2019,0.08706094;2051,0.8514083;2018,0.07002201;2052,0.8791733;2021,0.12348834;2053,0.9070967;2020,0.10491561;2054,0.93517506;2023,0.16249591;2055,0.9634051;2022,0.1427024;2056,0.99177957;2025,0.20362593;2057,1.0202955;2024,0.18281797;2058,1.0489501;2027,0.24655981;2059,1.0777406;2026,0.2248836;2060,1.1066643;2029,0.29106307;2061,1.135719;2028,0.26862752;2062,1.1649019;2031,0.3369599;2063,1.1942109;2030,0.31384546;2002,0.0;2003,0.0;2000,0.0;2001,0.0;2006,0.0;2007,0.0;2004,0.0;2005,0.0;2010,0.0;2011,0.0;2008,0.0;2009,0.0;2014,0.013562796;2015,0.025360001;2012,0.0;2013,0.0043543205',2,11,7),(162,'2065,0.00812866;2032,0.00812866;2064,0.00812866;2033,0.00812866;2067,0.00812866;2034,0.00812866;2066,0.00812866;2035,0.00812866;2069,0.00812866;2036,0.00812866;2068,0.00812866;2037,0.00812866;2038,0.00812866;2070,0.00812866;2039,0.00812866;2040,0.00812866;2041,0.00812866;2042,0.00812866;2043,0.00812866;2044,0.00812866;2045,0.00812866;2046,0.00812866;2047,0.00812866;2048,0.00812866;2017,0.00812866;2049,0.00812866;2016,0.00812866;2050,0.00812866;2019,0.00812866;2051,0.00812866;2018,0.00812866;2052,0.00812866;2021,0.00812866;2053,0.00812866;2020,0.00812866;2054,0.00812866;2023,0.00812866;2055,0.00812866;2022,0.00812866;2056,0.00812866;2025,0.00812866;2057,0.00812866;2024,0.00812866;2058,0.00812866;2027,0.00812866;2059,0.00812866;2026,0.00812866;2060,0.00812866;2029,0.00812866;2061,0.00812866;2028,0.00812866;2062,0.00812866;2031,0.00812866;2063,0.00812866;2030,0.00812866;2002,0.0;2003,0.0;2000,0.0;2001,0.0;2006,0.0;2007,0.0;2004,0.0;2005,0.0;2010,0.0;2011,0.0;2008,0.0;2009,0.0;2014,0.00812866;2015,0.00812866;2012,0.0;2013,0.00812866',2,20,8),(163,'2065,0.008518633;2032,0.008315371;2064,0.008511836;2033,0.0083202645;2067,0.0085323;2034,0.008325343;2066,0.008525455;2035,0.008330584;2069,0.00854605;2036,0.008335966;2068,0.008539164;2037,0.008341473;2038,0.008347089;2070,0.008552954;2039,0.008352804;2040,0.008358606;2041,0.0083644865;2042,0.008370438;2043,0.008376453;2044,0.008382525;2045,0.008388651;2046,0.008394824;2047,0.008401041;2048,0.008407298;2017,0.008252572;2049,0.008413591;2016,0.008248442;2050,0.00841992;2019,0.008260833;2051,0.008426279;2018,0.008256703;2052,0.008432667;2021,0.008269094;2053,0.008439082;2020,0.0082649635;2054,0.008445522;2023,0.008277355;2055,0.008451985;2022,0.008273224;2056,0.008458492;2025,0.008285616;2057,0.008465041;2024,0.008281485;2058,0.008471629;2027,0.008293876;2059,0.008478251;2026,0.008289746;2060,0.008484908;2029,0.008302137;2061,0.008491597;2028,0.008298007;2062,0.008498316;2031,0.008310694;2063,0.008505062;2030,0.008306268;2002,0.0;2003,0.0;2000,0.0;2001,0.0;2006,0.0;2007,0.0;2004,0.0;2005,0.0;2010,0.0;2011,0.0;2008,0.0;2009,0.0;2014,0.008240181;2015,0.008244311;2012,0.0;2013,0.008236051',2,10,8),(164,'2065,0.008531103;2032,0.00831552;2064,0.00852375;2033,0.008320548;2067,0.008545907;2034,0.008325794;2066,0.008538489;2035,0.00833123;2069,0.008560832;2036,0.008336833;2068,0.008553355;2037,0.008342583;2038,0.008348462;2070,0.008568335;2039,0.008354456;2040,0.0083605535;2041,0.008366743;2042,0.008373016;2043,0.0083793625;2044,0.008385778;2045,0.008392256;2046,0.008398789;2047,0.008405374;2048,0.008412006;2017,0.008252572;2049,0.008418682;2016,0.008248442;2050,0.008425398;2019,0.008260833;2051,0.00843215;2018,0.008256703;2052,0.008438936;2021,0.008269094;2053,0.008445755;2020,0.0082649635;2054,0.008452603;2023,0.008277355;2055,0.008459478;2022,0.008273224;2056,0.008466415;2025,0.008285616;2057,0.008473412;2024,0.008281485;2058,0.008480464;2027,0.008293876;2059,0.008487567;2026,0.008289746;2060,0.008494718;2029,0.008302137;2061,0.008501915;2028,0.008298007;2062,0.008509154;2031,0.008310746;2063,0.008516434;2030,0.008306268;2002,0.0;2003,0.0;2000,0.0;2001,0.0;2006,0.0;2007,0.0;2004,0.0;2005,0.0;2010,0.0;2011,0.0;2008,0.0;2009,0.0;2014,0.008240181;2015,0.008244311;2012,0.0;2013,0.008236051',2,8,8),(165,'2065,0.008368411;2032,0.008240776;2064,0.008364284;2033,0.008243793;2067,0.008376665;2034,0.008246941;2066,0.008372538;2035,0.008250202;2069,0.00838492;2036,0.008253564;2068,0.008380792;2037,0.008257014;2038,0.008260541;2070,0.008389047;2039,0.008264137;2040,0.008267796;2041,0.00827151;2042,0.008275273;2043,0.008279081;2044,0.0082829315;2045,0.008286817;2046,0.008290738;2047,0.008294689;2048,0.008298668;2017,0.008203007;2049,0.008302674;2016,0.008200529;2050,0.008306703;2019,0.008207964;2051,0.008310754;2018,0.0082054855;2052,0.0083148265;2021,0.00821292;2053,0.008318917;2020,0.008210442;2054,0.008323026;2023,0.008217877;2055,0.008327151;2022,0.0082153985;2056,0.008331276;2025,0.008222833;2057,0.008335401;2024,0.008220355;2058,0.008339527;2027,0.00822779;2059,0.008343653;2026,0.0082253115;2060,0.008347779;2029,0.008232746;2061,0.008351905;2028,0.008230268;2062,0.008356031;2031,0.008237911;2063,0.008360158;2030,0.0082352245;2002,0.0;2003,0.0;2000,0.0;2001,0.0;2006,0.0;2007,0.0;2004,0.0;2005,0.0;2010,0.0;2011,0.0;2008,0.0;2009,0.0;2014,0.0081955725;2015,0.008198051;2012,0.0;2013,0.008193094',2,12,8),(166,'2065,0.0084580025;2032,0.008314628;2064,0.008453692;2033,0.008318848;2067,0.008466603;2034,0.00832309;2066,0.008462306;2035,0.008327351;2069,0.00847518;2036,0.0083316285;2068,0.008470895;2037,0.008335921;2038,0.0083402265;2070,0.00847946;2039,0.008344543;2040,0.00834887;2041,0.008353206;2042,0.008357551;2043,0.008361903;2044,0.008366263;2045,0.008370628;2046,0.008374998;2047,0.008379374;2048,0.008383755;2017,0.008252572;2049,0.008388139;2016,0.008248442;2050,0.008392529;2019,0.008260833;2051,0.008396921;2018,0.008256703;2052,0.0084013175;2021,0.008269094;2053,0.008405716;2020,0.0082649635;2054,0.0084101185;2023,0.008277355;2055,0.008414524;2022,0.008273224;2056,0.008418916;2025,0.008285616;2057,0.008423297;2024,0.008281485;2058,0.0084276665;2027,0.008293876;2059,0.008432026;2026,0.008289746;2060,0.008436376;2029,0.008302137;2061,0.008440717;2028,0.008298007;2062,0.00844505;2031,0.0083104335;2063,0.008449375;2030,0.008306268;2002,0.0;2003,0.0;2000,0.0;2001,0.0;2006,0.0;2007,0.0;2004,0.0;2005,0.0;2010,0.0;2011,0.0;2008,0.0;2009,0.0;2014,0.008240181;2015,0.008244311;2012,0.0;2013,0.008236051',2,9,8),(167,'2065,0.008482114;2032,0.008333091;2064,0.008477474;2033,0.008337612;2067,0.00849143;2034,0.008342127;2066,0.008486767;2035,0.008346639;2069,0.008500788;2036,0.008351145;2068,0.008496105;2037,0.008355648;2038,0.0083601475;2070,0.008505482;2039,0.008364645;2040,0.008369138;2041,0.008373631;2042,0.008378121;2043,0.008382609;2044,0.008387095;2045,0.00839158;2046,0.008396063;2047,0.008400545;2048,0.008405026;2017,0.0082649635;2049,0.008409506;2016,0.0082604205;2050,0.008413984;2019,0.00827405;2051,0.008418463;2018,0.008269507;2052,0.00842294;2021,0.008283137;2053,0.008427416;2020,0.008278594;2054,0.008431892;2023,0.008292224;2055,0.008436366;2022,0.008287681;2056,0.008440863;2025,0.008301311;2057,0.00844538;2024,0.008296768;2058,0.008449917;2027,0.008310398;2059,0.008454471;2026,0.008305855;2060,0.008459042;2029,0.008319485;2061,0.008463629;2028,0.008314942;2062,0.00846823;2031,0.0083285635;2063,0.008472845;2030,0.008324029;2002,0.0;2003,0.0;2000,0.0;2001,0.0;2006,0.0;2007,0.0;2004,0.0;2005,0.0;2010,0.0;2011,0.0;2008,0.0;2009,0.0;2014,0.008251334;2015,0.008255877;2012,0.0;2013,0.00824679',2,7,8),(168,'2065,0.008332718;2032,0.00824033;2064,0.00832997;2033,0.008242942;2067,0.008338185;2034,0.008245588;2066,0.008335456;2035,0.008248262;2069,0.008343616;2036,0.008250962;2068,0.0083409045;2037,0.008253682;2038,0.008256423;2070,0.008346318;2039,0.008259181;2040,0.008261954;2041,0.008264742;2042,0.008267541;2043,0.008270352;2044,0.008273173;2045,0.008276003;2046,0.008278842;2047,0.008281688;2048,0.008284542;2017,0.008203007;2049,0.008287402;2016,0.008200529;2050,0.008290268;2019,0.008207964;2051,0.00829314;2018,0.0082054855;2052,0.008296017;2021,0.00821292;2053,0.008298897;2020,0.008210442;2054,0.008301783;2023,0.008217877;2055,0.008304673;2022,0.0082153985;2056,0.0083075445;2025,0.008222833;2057,0.008310398;2024,0.008220355;2058,0.008313236;2027,0.00822779;2059,0.008316058;2026,0.0082253115;2060,0.008318866;2029,0.008232746;2061,0.00832166;2028,0.008230268;2062,0.0083244415;2031,0.008237755;2063,0.008327211;2030,0.0082352245;2002,0.0;2003,0.0;2000,0.0;2001,0.0;2006,0.0;2007,0.0;2004,0.0;2005,0.0;2010,0.0;2011,0.0;2008,0.0;2009,0.0;2014,0.0081955725;2015,0.008198051;2012,0.0;2013,0.008193094',2,11,8),(169,'2065,0.7207952;2032,0.68342906;2064,0.71997297;2033,0.6850886;2067,0.7224055;2034,0.68669003;2066,0.7216059;2035,0.6882381;2069,0.7239726;2036,0.6897366;2068,0.7231943;2037,0.6911893;2038,0.6925991;2070,0.72474086;2039,0.6939691;2040,0.69530165;2041,0.6965991;2042,0.69786364;2043,0.6990971;2044,0.7003011;2045,0.7014774;2046,0.70262736;2047,0.70375234;2048,0.7048536;2017,0.64391273;2049,0.7059322;2016,0.63875103;2050,0.7069893;2019,0.6522691;2051,0.70802575;2018,0.64835227;2052,0.7090426;2021,0.6589922;2053,0.7100406;2020,0.655788;2054,0.71102065;2023,0.66467637;2055,0.7119834;2022,0.6619406;2056,0.71292955;2025,0.6696338;2057,0.7138598;2024,0.6672323;2058,0.7147747;2027,0.6740505;2059,0.71567494;2026,0.6719011;2060,0.71656096;2029,0.678047;2061,0.71743333;2028,0.6760954;2062,0.7182925;2031,0.6817064;2063,0.71913886;2030,0.6799147;2002,0.0;2003,0.0;2000,0.0;2001,0.0;2006,0.0;2007,0.0;2004,0.0;2005,0.0;2010,0.0;2011,0.0;2008,0.0;2009,0.0;2014,0.62445784;2015,0.6325128;2012,0.0;2013,0.6124665',2,20,9),(170,'2065,0.8930074;2032,0.7639446;2064,0.8893232;2033,0.7684651;2067,0.90036994;2034,0.7729048;2066,0.8966896;2035,0.77727014;2069,0.9077254;2036,0.78156656;2068,0.9040485;2037,0.78579915;2038,0.7899723;2070,0.91140074;2039,0.79409015;2040,0.79815626;2041,0.8021877;2042,0.8061865;2043,0.81015456;2044,0.81409365;2045,0.81800544;2046,0.82189137;2047,0.82575285;2048,0.8295912;2017,0.673057;2049,0.83340764;2016,0.66297555;2050,0.83720326;2019,0.69013184;2051,0.84098625;2018,0.68201;2052,0.84475726;2021,0.7045942;2053,0.84851676;2020,0.69761175;2054,0.8522654;2023,0.7173999;2055,0.85600364;2022,0.71116817;2056,0.85973257;2025,0.7290284;2057,0.86345273;2024,0.72334;2058,0.8671644;2027,0.7397718;2059,0.870868;2026,0.73449695;2060,0.874564;2029,0.74982274;2061,0.8782574;2028,0.7448744;2062,0.8819483;2031,0.75933635;2063,0.88563687;2030,0.7546321;2002,0.0;2003,0.0;2000,0.0;2001,0.0;2006,0.0;2007,0.0;2004,0.0;2005,0.0;2010,0.0;2011,0.0;2008,0.0;2009,0.0;2014,0.63683736;2015,0.6512501;2012,0.0;2013,0.6168914',2,10,9),(171,'2065,0.8934097;2032,0.76394767;2064,0.8897036;2033,0.76847094;2067,0.9008183;2034,0.77291435;2066,0.89711463;2035,0.777284;2069,0.9082225;2036,0.7815855;2068,0.90452087;2037,0.7858239;2038,0.7900034;2070,0.9119232;2039,0.79412824;2040,0.7982019;2041,0.80224144;2042,0.80624884;2043,0.810226;2044,0.8141748;2045,0.81809664;2046,0.8219931;2047,0.8258656;2048,0.82971543;2017,0.673057;2049,0.8335437;2016,0.66297555;2050,0.8373516;2019,0.69013184;2051,0.84114736;2018,0.68201;2052,0.8449315;2021,0.7045942;2053,0.8487046;2020,0.69761175;2054,0.8524671;2023,0.7173999;2055,0.8562197;2022,0.71116817;2056,0.8599638;2025,0.7290284;2057,0.86369985;2024,0.72334;2058,0.8674283;2027,0.7397718;2059,0.8711495;2026,0.73449695;2060,0.8748638;2029,0.74982274;2061,0.8785762;2028,0.7448744;2062,0.8822869;2031,0.75933737;2063,0.885996;2030,0.7546321;2002,0.0;2003,0.0;2000,0.0;2001,0.0;2006,0.0;2007,0.0;2004,0.0;2005,0.0;2010,0.0;2011,0.0;2008,0.0;2009,0.0;2014,0.63683736;2015,0.6512501;2012,0.0;2013,0.6168914',2,8,9),(172,'2065,0.88818616;2032,0.7624391;2064,0.88463724;2033,0.7668894;2067,0.8952707;2034,0.77125686;2066,0.8917306;2035,0.7755478;2069,0.9023383;2036,0.779768;2068,0.8988066;2037,0.7839224;2038,0.78801554;2070,0.905866;2039,0.79205155;2040,0.7960341;2041,0.7999801;2042,0.8038917;2043,0.8077708;2044,0.81161916;2045,0.81543845;2046,0.8192302;2047,0.82299584;2048,0.8267367;2017,0.67248017;2049,0.83045393;2016,0.66246355;2050,0.8341487;2019,0.68943137;2051,0.8378292;2018,0.6813706;2052,0.841496;2021,0.7037734;2053,0.84514964;2020,0.6968509;2054,0.8487907;2023,0.71645916;2055,0.8524198;2022,0.71028745;2056,0.8560368;2025,0.7279668;2057,0.85964227;2024,0.722339;2058,0.86323667;2027,0.7385877;2059,0.8668204;2026,0.73337436;2060,0.87039393;2029,0.748514;2061,0.87396216;2028,0.7436282;2062,0.8775254;2031,0.75789875;2063,0.8810837;2030,0.75326014;2002,0.0;2003,0.0;2000,0.0;2001,0.0;2006,0.0;2007,0.0;2004,0.0;2005,0.0;2010,0.0;2011,0.0;2008,0.0;2009,0.0;2014,0.6364708;2015,0.65080696;2012,0.0;2013,0.6166194',2,12,9),(173,'2065,0.88354474;2032,0.76418227;2064,0.8803949;2033,0.7686222;2067,0.8897927;2034,0.77296865;2066,0.8866771;2035,0.7772287;2069,0.8959757;2036,0.78140885;2068,0.892892;2037,0.7855149;2038,0.7895519;2070,0.8990443;2039,0.79352444;2040,0.7974368;2041,0.80129606;2042,0.80510545;2043,0.8088679;2044,0.812586;2045,0.81626236;2046,0.8198991;2047,0.82349837;2048,0.8270621;2017,0.6734393;2049,0.830592;2016,0.6633208;2050,0.83408976;2019,0.6905814;2051,0.8375574;2018,0.6824268;2052,0.8409962;2021,0.7050939;2053,0.84440756;2020,0.69809264;2054,0.84779274;2023,0.71790856;2055,0.85115284;2022,0.7116766;2056,0.85448855;2025,0.7295175;2057,0.8578009;2024,0.72384197;2058,0.86109084;2027,0.7402199;2059,0.8643593;2026,0.73496795;2060,0.8676071;2029,0.75021267;2061,0.8708338;2028,0.7452953;2062,0.8740401;2031,0.7596405;2063,0.87722695;2030,0.7549876;2002,0.0;2003,0.0;2000,0.0;2001,0.0;2006,0.0;2007,0.0;2004,0.0;2005,0.0;2010,0.0;2011,0.0;2008,0.0;2009,0.0;2014,0.63709366;2015,0.6515543;2012,0.0;2013,0.61708534',2,9,9),(174,'2065,0.88430285;2032,0.76455647;2064,0.88113564;2033,0.76901037;2067,0.89058775;2034,0.7733702;2066,0.8874534;2035,0.77764326;2069,0.89681053;2036,0.78183603;2068,0.8937066;2037,0.7859543;2038,0.7900032;2070,0.8999;2039,0.79398733;2040,0.7979109;2041,0.80178124;2042,0.8056014;2043,0.80937445;2044,0.81310296;2045,0.81678945;2046,0.82043624;2047,0.82404536;2048,0.8276187;2017,0.6735843;2049,0.83115816;2016,0.6634494;2050,0.83466536;2019,0.69075745;2051,0.8381422;2018,0.6825875;2052,0.8415902;2021,0.7053003;2053,0.84501064;2020,0.6982839;2054,0.8484047;2023,0.7181451;2055,0.8517737;2022,0.71189797;2056,0.85511917;2025,0.7297843;2057,0.85844225;2024,0.72409356;2058,0.86174387;2027,0.74051744;2059,0.86502486;2026,0.73525006;2060,0.86828613;2029,0.75054145;2061,0.8715271;2028,0.7456084;2062,0.87474847;2031,0.7600002;2063,0.8779511;2030,0.7553322;2002,0.0;2003,0.0;2000,0.0;2001,0.0;2006,0.0;2007,0.0;2004,0.0;2005,0.0;2010,0.0;2011,0.0;2008,0.0;2009,0.0;2014,0.63718575;2015,0.6516656;2012,0.0;2013,0.61715364',2,7,9),(175,'2065,0.87962496;2032,0.762681;2064,0.87655985;2033,0.767057;2067,0.885701;2034,0.77133894;2066,0.8826718;2035,0.7755342;2069,0.89170897;2036,0.7796491;2068,0.8887132;2037,0.78368926;2038,0.78766;2070,0.89468884;2039,0.7915657;2040,0.7954107;2041,0.799202;2042,0.80294293;2043,0.8066363;2044,0.8102848;2045,0.8138908;2046,0.81745666;2047,0.8209844;2048,0.824476;2017,0.6728607;2049,0.8279332;2016,0.6628071;2050,0.8313576;2019,0.68987864;2051,0.83475125;2018,0.6817854;2052,0.83811545;2021,0.7042705;2053,0.8414515;2020,0.69732934;2054,0.8447608;2023,0.71696496;2055,0.8480444;2022,0.7107931;2056,0.8513027;2025,0.728453;2057,0.8545368;2024,0.72283804;2058,0.8577476;2027,0.7390329;2059,0.86093616;2026,0.73384243;2060,0.86410326;2029,0.74890137;2061,0.86724836;2028,0.74404645;2062,0.8703723;2031,0.7582029;2063,0.8734759;2030,0.7536133;2002,0.0;2003,0.0;2000,0.0;2001,0.0;2006,0.0;2007,0.0;2004,0.0;2005,0.0;2010,0.0;2011,0.0;2008,0.0;2009,0.0;2014,0.636726;2015,0.65110976;2012,0.0;2013,0.6168126',2,11,9),(176,'2065,10.247711;2032,8.005745;2064,10.198379;2033,8.105313;2067,10.344329;2034,8.201403;2066,10.296354;2035,8.294285;2069,10.438358;2036,8.384198;2068,10.391657;2037,8.471355;2038,8.555948;2070,10.484451;2039,8.638145;2040,8.7181;2041,8.795949;2042,8.8718195;2043,8.945825;2044,9.018068;2045,9.088645;2046,9.157642;2047,9.225142;2048,9.291215;2017,5.6347647;2049,9.355932;2016,5.325061;2050,9.419355;2019,6.1361485;2051,9.481545;2018,5.901135;2052,9.542556;2021,6.5395303;2053,9.602438;2020,6.3472786;2054,9.661239;2023,6.8805823;2055,9.719004;2022,6.716434;2056,9.775774;2025,7.1780286;2057,9.831589;2024,7.033938;2058,9.886485;2027,7.4430294;2059,9.940497;2026,7.3140655;2060,9.993658;2029,7.682821;2061,10.045999;2028,7.565725;2062,10.097548;2031,7.9023857;2063,10.148332;2030,7.7948813;2002,0.0;2003,0.0;2000,0.0;2001,0.0;2006,0.0;2007,0.0;2004,0.0;2005,0.0;2010,0.0;2011,0.0;2008,0.0;2009,0.0;2014,4.4674697;2015,4.950768;2012,0.0;2013,3.7479918',2,20,10),(177,'2065,20.580444;2032,12.836678;2064,20.35939;2033,13.107905;2067,21.022198;2034,13.37429;2066,20.801376;2035,13.636208;2069,21.463524;2036,13.893993;2068,21.24291;2037,14.147947;2038,14.398338;2070,21.684042;2039,14.645408;2040,14.889376;2041,15.131261;2042,15.371189;2043,15.609273;2044,15.84562;2045,16.080326;2046,16.313482;2047,16.545174;2048,16.775475;2017,7.383423;2049,17.00446;2016,6.7785344;2050,17.232195;2019,8.407909;2051,17.459175;2018,7.9205995;2052,17.685434;2021,9.275652;2053,17.911007;2020,8.856704;2054,18.135925;2023,10.043992;2055,18.360218;2022,9.670092;2056,18.583956;2025,10.741703;2057,18.807163;2024,10.400399;2058,19.029863;2027,11.386309;2059,19.252083;2026,11.0698185;2060,19.47384;2029,11.989365;2061,19.695444;2028,11.692463;2062,19.916899;2031,12.56018;2063,20.138212;2030,12.277926;2002,0.0;2003,0.0;2000,0.0;2001,0.0;2006,0.0;2007,0.0;2004,0.0;2005,0.0;2010,0.0;2011,0.0;2008,0.0;2009,0.0;2014,5.210241;2015,6.075008;2012,0.0;2013,4.013482',2,10,10),(178,'2065,20.604584;2032,12.836859;2064,20.382214;2033,13.108257;2067,21.049099;2034,13.37486;2066,20.826878;2035,13.637041;2069,21.49335;2036,13.895133;2068,21.271254;2037,14.149432;2038,14.400206;2070,21.715393;2039,14.647694;2040,14.892115;2041,15.134485;2042,15.374929;2043,15.613562;2044,15.850486;2045,16.085798;2046,16.319588;2047,16.551937;2048,16.782927;2017,7.383423;2049,17.012625;2016,6.7785344;2050,17.241098;2019,8.407909;2051,17.468842;2018,7.9205995;2052,17.695889;2021,9.275652;2053,17.922274;2020,8.856704;2054,18.148027;2023,10.043992;2055,18.37318;2022,9.670092;2056,18.597828;2025,10.741703;2057,18.821993;2024,10.400399;2058,19.0457;2027,11.386309;2059,19.26897;2026,11.0698185;2060,19.491827;2029,11.989365;2061,19.714573;2028,11.692463;2062,19.937214;2031,12.560242;2063,20.15976;2030,12.277926;2002,0.0;2003,0.0;2000,0.0;2001,0.0;2006,0.0;2007,0.0;2004,0.0;2005,0.0;2010,0.0;2011,0.0;2008,0.0;2009,0.0;2014,5.210241;2015,6.075008;2012,0.0;2013,4.013482',2,8,10),(179,'2065,20.291172;2032,12.7463455;2064,20.078236;2033,13.013364;2067,20.716242;2034,13.275412;2066,20.503838;2035,13.53287;2069,21.140297;2036,13.786079;2068,20.928392;2037,14.035343;2038,14.280932;2070,21.351963;2039,14.523093;2040,14.762047;2041,14.998807;2042,15.233501;2043,15.466247;2044,15.697148;2045,15.926307;2046,16.153812;2047,16.379751;2048,16.6042;2017,7.3488097;2049,16.827234;2016,6.747811;2050,17.048922;2019,8.365881;2051,17.26975;2018,7.8822374;2052,17.489758;2021,9.226404;2053,17.708979;2020,8.811055;2054,17.927444;2023,9.987548;2055,18.145185;2022,9.617249;2056,18.362207;2025,10.678005;2057,18.578537;2024,10.340339;2058,18.7942;2027,11.315259;2059,19.009226;2026,11.00246;2060,19.223635;2029,11.910838;2061,19.43773;2028,11.617693;2062,19.651524;2031,12.473925;2063,19.865023;2030,12.19561;2002,0.0;2003,0.0;2000,0.0;2001,0.0;2006,0.0;2007,0.0;2004,0.0;2005,0.0;2010,0.0;2011,0.0;2008,0.0;2009,0.0;2014,5.188247;2015,6.048418;2012,0.0;2013,3.9971647',2,12,10),(180,'2065,20.012684;2032,12.850937;2064,19.823692;2033,13.117334;2067,20.38756;2034,13.378118;2066,20.200626;2035,13.633721;2069,20.758543;2036,13.884533;2068,20.57352;2037,14.130894;2038,14.373114;2070,20.942657;2039,14.611468;2040,14.846207;2041,15.077763;2042,15.306325;2043,15.532071;2044,15.75516;2045,15.97574;2046,16.193945;2047,16.4099;2048,16.623722;2017,7.4063597;2049,16.835518;2016,6.799245;2050,17.045385;2019,8.434881;2051,17.25344;2018,7.945608;2052,17.459772;2021,9.3056345;2053,17.664454;2020,8.885559;2054,17.867565;2023,10.074515;2055,18.069172;2022,9.700595;2056,18.269314;2025,10.77105;2057,18.468054;2024,10.430517;2058,18.665451;2027,11.413193;2059,18.861557;2026,11.098077;2060,19.056429;2029,12.012761;2061,19.250029;2028,11.717719;2062,19.44241;2031,12.578432;2063,19.633615;2030,12.299255;2002,0.0;2003,0.0;2000,0.0;2001,0.0;2006,0.0;2007,0.0;2004,0.0;2005,0.0;2010,0.0;2011,0.0;2008,0.0;2009,0.0;2014,5.2256207;2015,6.093256;2012,0.0;2013,4.025119',2,9,10),(181,'2065,20.058172;2032,12.873389;2064,19.86814;2033,13.140623;2067,20.435265;2034,13.402213;2066,20.247202;2035,13.658597;2069,20.808632;2036,13.910163;2068,20.622398;2037,14.157258;2038,14.400191;2070,20.994001;2039,14.63924;2040,14.874657;2041,15.1068735;2042,15.336085;2043,15.562466;2044,15.786178;2045,16.007368;2046,16.226173;2047,16.44272;2048,16.657124;2017,7.4150577;2049,16.86949;2016,6.806965;2050,17.079922;2019,8.445445;2051,17.288534;2018,7.95525;2052,17.495413;2021,9.318015;2053,17.700638;2020,8.897034;2054,17.904284;2023,10.088704;2055,18.10642;2022,9.713879;2056,18.30715;2025,10.78706;2057,18.506535;2024,10.445614;2058,18.704632;2027,11.431046;2059,18.901493;2026,11.115005;2060,19.097168;2029,12.032488;2061,19.291622;2028,11.736505;2062,19.484907;2031,12.600015;2063,19.677063;2030,12.319931;2002,0.0;2003,0.0;2000,0.0;2001,0.0;2006,0.0;2007,0.0;2004,0.0;2005,0.0;2010,0.0;2011,0.0;2008,0.0;2009,0.0;2014,5.2311454;2015,6.099936;2012,0.0;2013,4.0292177',2,7,10),(182,'2065,19.777496;2032,12.760862;2064,19.593592;2033,13.023419;2067,20.142057;2034,13.280338;2066,19.960306;2035,13.532051;2069,20.502537;2036,13.778943;2068,20.32279;2037,14.021358;2038,14.259599;2070,20.68133;2039,14.493944;2040,14.724643;2041,14.952123;2042,15.176577;2043,15.398178;2044,15.617086;2045,15.833449;2046,16.047401;2047,16.259066;2048,16.468561;2017,7.3716393;2049,16.675991;2016,6.768428;2050,16.881456;2019,8.392717;2051,17.085073;2018,7.9071245;2052,17.286926;2021,9.2562275;2053,17.487093;2020,8.839762;2054,17.685648;2023,10.017899;2055,17.882662;2022,9.647585;2056,18.078161;2025,10.707179;2057,18.272205;2024,10.370282;2058,18.464857;2027,11.341975;2059,18.656168;2026,11.030545;2060,18.846193;2029,11.934082;2061,19.0349;2028,11.642786;2062,19.222338;2031,12.492175;2063,19.408554;2030,12.216796;2002,0.0;2003,0.0;2000,0.0;2001,0.0;2006,0.0;2007,0.0;2004,0.0;2005,0.0;2010,0.0;2011,0.0;2008,0.0;2009,0.0;2014,5.203562;2015,6.066586;2012,0.0;2013,4.0087543',2,11,10),(183,'2065,0.35342;2032,0.35342;2064,0.35342;2033,0.35342;2067,0.35342;2034,0.35342;2066,0.35342;2035,0.35342;2069,0.35342;2036,0.35342;2068,0.35342;2037,0.35342;2038,0.35342;2070,0.35342;2039,0.35342;2040,0.35342;2041,0.35342;2042,0.35342;2043,0.35342;2044,0.35342;2045,0.35342;2046,0.35342;2047,0.35342;2048,0.35342;2017,0.35342;2049,0.35342;2016,0.35342;2050,0.35342;2019,0.35342;2051,0.35342;2018,0.35342;2052,0.35342;2021,0.35342;2053,0.35342;2020,0.35342;2054,0.35342;2023,0.35342;2055,0.35342;2022,0.35342;2056,0.35342;2025,0.35342;2057,0.35342;2024,0.35342;2058,0.35342;2027,0.35342;2059,0.35342;2026,0.35342;2060,0.35342;2029,0.35342;2061,0.35342;2028,0.35342;2062,0.35342;2031,0.35342;2063,0.35342;2030,0.35342;2002,0.0;2003,0.0;2000,0.0;2001,0.0;2006,0.0;2007,0.0;2004,0.0;2005,0.0;2010,0.0;2011,0.0;2008,0.0;2009,0.0;2014,0.35342;2015,0.35342;2012,0.0;2013,0.35342',2,20,11),(184,'2065,0.37037537;2032,0.36153787;2064,0.37007982;2033,0.3617506;2067,0.37096953;2034,0.36197144;2066,0.37067196;2035,0.36219928;2069,0.37156737;2036,0.36243328;2068,0.371268;2037,0.36267272;2038,0.36291692;2070,0.37186754;2039,0.36316538;2040,0.36341766;2041,0.36367333;2042,0.3639321;2043,0.36419362;2044,0.36445764;2045,0.36472395;2046,0.36499235;2047,0.36526266;2048,0.3655347;2017,0.3588075;2049,0.36580834;2016,0.35862792;2050,0.36608347;2019,0.35916665;2051,0.36635995;2018,0.3589871;2052,0.3666377;2021,0.35952583;2053,0.3669166;2020,0.35934624;2054,0.36719662;2023,0.359885;2055,0.36747763;2022,0.35970542;2056,0.36776054;2025,0.36024415;2057,0.36804527;2024,0.3600646;2058,0.36833167;2027,0.36060333;2059,0.36861962;2026,0.36042374;2060,0.36890906;2029,0.3609625;2061,0.36919987;2028,0.36078292;2062,0.369492;2031,0.36133453;2063,0.3697853;2030,0.36114207;2002,0.0;2003,0.0;2000,0.0;2001,0.0;2006,0.0;2007,0.0;2004,0.0;2005,0.0;2010,0.0;2011,0.0;2008,0.0;2009,0.0;2014,0.35826874;2015,0.35844833;2012,0.0;2013,0.35808918',2,10,11),(185,'2065,0.37091753;2032,0.36154434;2064,0.37059784;2033,0.36176294;2067,0.37156117;2034,0.36199102;2066,0.37123865;2035,0.36222738;2069,0.3722101;2036,0.362471;2068,0.371885;2037,0.36272097;2038,0.3629766;2070,0.37253633;2039,0.36323723;2040,0.36350232;2041,0.36377144;2042,0.36404416;2043,0.36432013;2044,0.36459905;2045,0.36488068;2046,0.36516476;2047,0.36545107;2048,0.3657394;2017,0.3588075;2049,0.36602965;2016,0.35862792;2050,0.36632165;2019,0.35916665;2051,0.36661524;2018,0.3589871;2052,0.3669103;2021,0.35952583;2053,0.36720675;2020,0.35934624;2054,0.36750448;2023,0.359885;2055,0.36780336;2022,0.35970542;2056,0.36810502;2025,0.36024415;2057,0.36840922;2024,0.3600646;2058,0.36871582;2027,0.36060333;2059,0.36902463;2026,0.36042374;2060,0.36933556;2029,0.3609625;2061,0.36964846;2028,0.36078292;2062,0.36996323;2031,0.3613368;2063,0.3702797;2030,0.36114207;2002,0.0;2003,0.0;2000,0.0;2001,0.0;2006,0.0;2007,0.0;2004,0.0;2005,0.0;2010,0.0;2011,0.0;2008,0.0;2009,0.0;2014,0.35826874;2015,0.35844833;2012,0.0;2013,0.35808918',2,8,11),(186,'2065,0.36384398;2032,0.3582946;2064,0.36366454;2033,0.35842577;2067,0.36420283;2034,0.35856262;2066,0.3640234;2035,0.35870445;2069,0.36456174;2036,0.3588506;2068,0.36438227;2037,0.3590006;2038,0.35915396;2070,0.36474118;2039,0.35931033;2040,0.35946938;2041,0.35963085;2042,0.3597945;2043,0.35996008;2044,0.36012745;2045,0.3602964;2046,0.36046684;2047,0.36063865;2048,0.36081165;2017,0.3566525;2049,0.3609858;2016,0.35654476;2050,0.361161;2019,0.356868;2051,0.36133713;2018,0.35676026;2052,0.36151418;2021,0.3570835;2053,0.36169204;2020,0.35697576;2054,0.36187068;2023,0.357299;2055,0.36205003;2022,0.35719126;2056,0.36222938;2025,0.3575145;2057,0.36240876;2024,0.35740674;2058,0.3625881;2027,0.35773;2059,0.36276752;2026,0.35762224;2060,0.3629469;2029,0.3579455;2061,0.3631263;2028,0.35783774;2062,0.36330572;2031,0.35817006;2063,0.36348513;2030,0.35805324;2002,0.0;2003,0.0;2000,0.0;2001,0.0;2006,0.0;2007,0.0;2004,0.0;2005,0.0;2010,0.0;2011,0.0;2008,0.0;2009,0.0;2014,0.35632926;2015,0.356437;2012,0.0;2013,0.3562215',2,12,11),(187,'2065,0.36773923;2032,0.36150557;2064,0.36755183;2033,0.36168903;2067,0.3681132;2034,0.36187348;2066,0.36792633;2035,0.36205873;2069,0.3684861;2036,0.36224473;2068,0.36829975;2037,0.36243135;2038,0.36261854;2070,0.3686722;2039,0.36280623;2040,0.36299434;2041,0.3631829;2042,0.3633718;2043,0.363561;2044,0.36375052;2045,0.36394033;2046,0.36413035;2047,0.3643206;2048,0.36451107;2017,0.3588075;2049,0.36470172;2016,0.35862792;2050,0.36489254;2019,0.35916665;2051,0.36508352;2018,0.3589871;2052,0.36527467;2021,0.35952583;2053,0.36546594;2020,0.35934624;2054,0.36565733;2023,0.359885;2055,0.36584884;2022,0.35970542;2056,0.3660398;2025,0.36024415;2057,0.36623028;2024,0.3600646;2058,0.36642027;2027,0.36060333;2059,0.3666098;2026,0.36042374;2060,0.36679897;2029,0.3609625;2061,0.3669877;2028,0.36078292;2062,0.3671761;2031,0.36132318;2063,0.3673641;2030,0.36114207;2002,0.0;2003,0.0;2000,0.0;2001,0.0;2006,0.0;2007,0.0;2004,0.0;2005,0.0;2010,0.0;2011,0.0;2008,0.0;2009,0.0;2014,0.35826874;2015,0.35844833;2012,0.0;2013,0.35808918',2,9,11),(188,'2065,0.3687876;2032,0.3623083;2064,0.36858582;2033,0.36250487;2067,0.36919263;2034,0.3627012;2066,0.36898988;2035,0.3628973;2069,0.36959952;2036,0.36309326;2068,0.36939585;2037,0.36328903;2038,0.36348468;2070,0.36980358;2039,0.36368018;2040,0.3638756;2041,0.3640709;2042,0.36426613;2043,0.36446124;2044,0.3646563;2045,0.3648513;2046,0.36504623;2047,0.3652411;2048,0.36543593;2017,0.35934624;2049,0.3656307;2016,0.3591487;2050,0.3658254;2019,0.35974133;2051,0.3660201;2018,0.3595438;2052,0.36621478;2021,0.36013642;2053,0.3664094;2020,0.3599389;2054,0.36660397;2023,0.3605315;2055,0.36679855;2022,0.36033395;2056,0.36699405;2025,0.36092657;2057,0.36719045;2024,0.36072904;2058,0.36738768;2027,0.36132166;2059,0.3675857;2026,0.36112413;2060,0.3677844;2029,0.36171675;2061,0.36798385;2028,0.36151922;2062,0.3681839;2031,0.36211145;2063,0.36838457;2030,0.36191428;2002,0.0;2003,0.0;2000,0.0;2001,0.0;2006,0.0;2007,0.0;2004,0.0;2005,0.0;2010,0.0;2011,0.0;2008,0.0;2009,0.0;2014,0.35875362;2015,0.35895118;2012,0.0;2013,0.3585561',2,7,11),(189,'2065,0.36229208;2032,0.3582752;2064,0.3621726;2033,0.3583888;2067,0.36252978;2034,0.35850385;2066,0.36241114;2035,0.3586201;2069,0.3627659;2036,0.35873747;2068,0.362648;2037,0.35885578;2038,0.35897493;2070,0.36288342;2039,0.35909483;2040,0.3592154;2041,0.35933658;2042,0.3594583;2043,0.35958052;2044,0.35970318;2045,0.35982624;2046,0.35994965;2047,0.36007342;2048,0.36019748;2017,0.3566525;2049,0.36032182;2016,0.35654476;2050,0.36044642;2019,0.356868;2051,0.3605713;2018,0.35676026;2052,0.36069635;2021,0.3570835;2053,0.36082163;2020,0.35697576;2054,0.3609471;2023,0.357299;2055,0.36107275;2022,0.35719126;2056,0.3611976;2025,0.3575145;2057,0.36132166;2024,0.35740674;2058,0.36144504;2027,0.35773;2059,0.36156774;2026,0.35762224;2060,0.3616898;2029,0.3579455;2061,0.3618113;2028,0.35783774;2062,0.36193225;2031,0.35816327;2063,0.36205268;2030,0.35805324;2002,0.0;2003,0.0;2000,0.0;2001,0.0;2006,0.0;2007,0.0;2004,0.0;2005,0.0;2010,0.0;2011,0.0;2008,0.0;2009,0.0;2014,0.35632926;2015,0.356437;2012,0.0;2013,0.3562215',2,11,11),(190,'2065,2.699698;2032,2.6998377;2064,2.6996996;2033,2.699827;2067,2.6996949;2034,2.6998172;2066,2.6996963;2035,2.6998084;2069,2.699692;2036,2.6998003;2068,2.6996934;2037,2.6997929;2038,2.699786;2070,2.6996906;2039,2.6997795;2040,2.6997736;2041,2.699768;2042,2.6997628;2043,2.699758;2044,2.6997535;2045,2.6997492;2046,2.6997452;2047,2.6997414;2048,2.699738;2017,2.70051;2049,2.6997344;2016,2.7007341;2050,2.6997313;2019,2.700254;2051,2.6997283;2018,2.7003608;2052,2.6997254;2021,2.7001116;2053,2.6997228;2020,2.700174;2054,2.6997201;2023,2.700021;2055,2.6997175;2022,2.7000618;2056,2.6997151;2025,2.6999583;2057,2.699713;2024,2.6999872;2058,2.6997108;2027,2.6999123;2059,2.6997087;2026,2.6999338;2060,2.6997068;2029,2.6998773;2061,2.699705;2028,2.6998937;2062,2.699703;2031,2.6998494;2063,2.6997013;2030,2.6998625;2002,0.0;2003,0.0;2000,0.0;2001,0.0;2006,0.0;2007,0.0;2004,0.0;2005,0.0;2010,0.0;2011,0.0;2008,0.0;2009,0.0;2014,2.7018526;2015,2.7011073;2012,0.0;2013,2.7040823',2,20,12),(191,'2065,2.5761087;2032,2.6392162;2064,2.5781677;2033,2.6376536;2067,2.5719798;2034,2.6360352;2066,2.574046;2035,2.6343682;2069,2.567839;2036,2.6326594;2068,2.5699108;2037,2.6309142;2038,2.629137;2070,2.565765;2039,2.627332;2040,2.6255023;2041,2.6236513;2042,2.6217809;2043,2.6198936;2044,2.6179912;2045,2.6160755;2046,2.614148;2047,2.6122098;2048,2.6102622;2017,2.659962;2049,2.6083062;2016,2.6615148;2050,2.606343;2019,2.65705;2051,2.604373;2018,2.6584842;2052,2.6023974;2021,2.6542556;2053,2.6004164;2020,2.6556435;2054,2.598431;2023,2.6515176;2055,2.5964417;2022,2.6528816;2056,2.594442;2025,2.6488125;2057,2.5924327;2024,2.650162;2058,2.5904148;2027,2.6461294;2059,2.5883892;2026,2.6474686;2060,2.5863566;2029,2.643462;2061,2.5843174;2028,2.6447937;2062,2.5822725;2031,2.640713;2063,2.5802226;2030,2.642133;2002,0.0;2003,0.0;2000,0.0;2001,0.0;2006,0.0;2007,0.0;2004,0.0;2005,0.0;2010,0.0;2011,0.0;2008,0.0;2009,0.0;2014,2.665286;2015,2.6632159;2012,0.0;2013,2.6688235',2,10,12),(192,'2065,2.5723433;2032,2.639169;2064,2.574564;2033,2.637564;2067,2.5678844;2034,2.6358924;2066,2.5701168;2035,2.6341639;2069,2.5634048;2036,2.6323855;2068,2.565647;2037,2.630564;2038,2.6287048;2070,2.5611587;2039,2.6268125;2040,2.624891;2041,2.6229439;2042,2.6209738;2043,2.6189837;2044,2.6169758;2045,2.6149518;2046,2.6129136;2047,2.610863;2048,2.6088011;2017,2.659962;2049,2.606729;2016,2.6615148;2050,2.6046484;2019,2.65705;2051,2.6025596;2018,2.6584842;2052,2.6004639;2021,2.6542556;2053,2.598362;2020,2.6556435;2054,2.5962543;2023,2.6515176;2055,2.594142;2022,2.6528816;2056,2.592014;2025,2.6488125;2057,2.5898716;2024,2.650162;2058,2.5877159;2027,2.6461294;2059,2.5855484;2026,2.6474686;2060,2.5833697;2029,2.643462;2061,2.5811813;2028,2.6447937;2062,2.5789835;2031,2.6406965;2063,2.5767775;2030,2.642133;2002,0.0;2003,0.0;2000,0.0;2001,0.0;2006,0.0;2007,0.0;2004,0.0;2005,0.0;2010,0.0;2011,0.0;2008,0.0;2009,0.0;2014,2.665286;2015,2.6632159;2012,0.0;2013,2.6688235',2,8,12),(193,'2065,2.6223528;2032,2.6631062;2064,2.6236482;2033,2.6621213;2067,2.6197658;2034,2.6610956;2066,2.6210587;2035,2.660035;2069,2.6171842;2036,2.6589434;2068,2.6184742;2037,2.657825;2038,2.6566832;2070,2.615895;2039,2.6555207;2040,2.65434;2041,2.6531427;2042,2.651931;2043,2.6507063;2044,2.64947;2045,2.6482234;2046,2.6469674;2047,2.6457028;2048,2.6444306;2017,2.6760342;2049,2.6431515;2016,2.677065;2050,2.6418664;2019,2.6741645;2051,2.6405754;2018,2.675078;2052,2.6392796;2021,2.67241;2053,2.637979;2020,2.673278;2054,2.6366742;2023,2.6707084;2055,2.6353657;2022,2.6715546;2056,2.6340585;2025,2.6690366;2057,2.6327527;2024,2.6698697;2058,2.631448;2027,2.6673834;2059,2.6301448;2026,2.6682081;2060,2.6288428;2029,2.6657426;2061,2.6275423;2028,2.6665616;2062,2.6262429;2031,2.664044;2063,2.624945;2030,2.664926;2002,0.0;2003,0.0;2000,0.0;2001,0.0;2006,0.0;2007,0.0;2004,0.0;2005,0.0;2010,0.0;2011,0.0;2008,0.0;2009,0.0;2014,2.6797934;2015,2.678244;2012,0.0;2013,2.682816',2,12,12),(194,'2065,2.5945756;2032,2.6394522;2064,2.5959;2033,2.6381028;2067,2.5919368;2034,2.6367486;2066,2.5932546;2035,2.6353908;2069,2.5893111;2036,2.6340299;2068,2.5906224;2037,2.632666;2038,2.6313004;2070,2.5880027;2039,2.629933;2040,2.6285641;2041,2.6271942;2042,2.6258235;2043,2.624452;2044,2.6230805;2045,2.6217084;2046,2.6203363;2047,2.6189642;2048,2.6175923;2017,2.659962;2049,2.6162207;2016,2.6615148;2050,2.6148493;2019,2.65705;2051,2.6134787;2018,2.6584842;2052,2.6121082;2021,2.6542556;2053,2.6107385;2020,2.6556435;2054,2.6093695;2023,2.6515176;2055,2.6080012;2022,2.6528816;2056,2.6066382;2025,2.6488125;2057,2.6052804;2024,2.650162;2058,2.6039274;2027,2.6461294;2059,2.602579;2026,2.6474686;2060,2.6012352;2029,2.643462;2061,2.5998955;2028,2.6447937;2062,2.5985599;2031,2.640796;2063,2.597228;2030,2.642133;2002,0.0;2003,0.0;2000,0.0;2001,0.0;2006,0.0;2007,0.0;2004,0.0;2005,0.0;2010,0.0;2011,0.0;2008,0.0;2009,0.0;2014,2.665286;2015,2.6632159;2012,0.0;2013,2.6688235',2,9,12),(195,'2065,2.5872;2032,2.633604;2064,2.5886178;2033,2.6321657;2067,2.5843585;2034,2.6307313;2066,2.5857801;2035,2.629301;2069,2.5815108;2036,2.6278741;2068,2.5829353;2037,2.6264508;2038,2.6250303;2070,2.580085;2039,2.6236129;2040,2.6221983;2041,2.6207862;2042,2.6193767;2043,2.6179698;2044,2.616565;2045,2.6151624;2046,2.6137621;2047,2.6123638;2048,2.6109676;2017,2.655974;2049,2.6095736;2016,2.6576552;2050,2.6081812;2019,2.6528056;2051,2.606791;2018,2.654368;2052,2.6054027;2021,2.6497555;2053,2.6040163;2020,2.6512709;2054,2.6026316;2023,2.646763;2055,2.6012487;2022,2.6482542;2056,2.5998607;2025,2.6438043;2057,2.5984678;2024,2.6452804;2058,2.5970707;2027,2.6408687;2059,2.5956697;2026,2.642334;2060,2.5942652;2029,2.6379497;2061,2.5928576;2028,2.6394074;2062,2.5914469;2031,2.6350472;2063,2.5900335;2030,2.6364956;2002,0.0;2003,0.0;2000,0.0;2001,0.0;2006,0.0;2007,0.0;2004,0.0;2005,0.0;2010,0.0;2011,0.0;2008,0.0;2009,0.0;2014,2.6616838;2015,2.659485;2012,0.0;2013,2.665348',2,7,12),(196,'2065,2.6335857;2032,2.6632504;2064,2.634456;2033,2.6623957;2067,2.631856;2034,2.661532;2066,2.632719;2035,2.6606603;2069,2.63014;2036,2.659782;2068,2.6309965;2037,2.6588976;2038,2.6580083;2070,2.629287;2039,2.6571145;2040,2.6562166;2041,2.6553154;2042,2.6544113;2043,2.6535044;2044,2.652595;2045,2.6516838;2046,2.6507707;2047,2.6498559;2048,2.6489396;2017,2.6760342;2049,2.6480222;2016,2.677065;2050,2.6471035;2019,2.6741645;2051,2.646184;2018,2.675078;2052,2.6452637;2021,2.67241;2053,2.6443424;2020,2.673278;2054,2.6434207;2023,2.6707084;2055,2.6424985;2022,2.6715546;2056,2.641583;2025,2.6690366;2057,2.6406736;2024,2.6698697;2058,2.63977;2027,2.6673834;2059,2.6388721;2026,2.6682081;2060,2.6379797;2029,2.6657426;2061,2.6370919;2028,2.6665616;2062,2.636209;2031,2.6640944;2063,2.6353304;2030,2.664926;2002,0.0;2003,0.0;2000,0.0;2001,0.0;2006,0.0;2007,0.0;2004,0.0;2005,0.0;2010,0.0;2011,0.0;2008,0.0;2009,0.0;2014,2.6797934;2015,2.678244;2012,0.0;2013,2.682816',2,11,12),(197,'2065,29.87111;2032,29.87111;2064,29.87111;2033,29.87111;2067,29.87111;2034,29.87111;2066,29.87111;2035,29.87111;2069,29.87111;2036,29.87111;2068,29.87111;2037,29.87111;2038,29.87111;2070,29.87111;2039,29.87111;2040,29.87111;2041,29.87111;2042,29.87111;2043,29.87111;2044,29.87111;2045,29.87111;2046,29.87111;2047,29.87111;2048,29.87111;2017,29.87111;2049,29.87111;2016,29.87111;2050,29.87111;2019,29.87111;2051,29.87111;2018,29.87111;2052,29.87111;2021,29.87111;2053,29.87111;2020,29.87111;2054,29.87111;2023,29.87111;2055,29.87111;2022,29.87111;2056,29.87111;2025,29.87111;2057,29.87111;2024,29.87111;2058,29.87111;2027,29.87111;2059,29.87111;2026,29.87111;2060,29.87111;2029,29.87111;2061,29.87111;2028,29.87111;2062,29.87111;2031,29.87111;2063,29.87111;2030,29.87111;2002,0.0;2003,0.0;2000,0.0;2001,0.0;2006,0.0;2007,0.0;2004,0.0;2005,0.0;2010,0.0;2011,0.0;2008,0.0;2009,0.0;2014,29.87111;2015,29.87111;2012,0.0;2013,29.87111',2,20,13),(198,'2065,29.29416;2032,29.597605;2064,29.304386;2033,29.590363;2067,29.273592;2034,29.582842;2066,29.283895;2035,29.575079;2069,29.252876;2036,29.5671;2068,29.26325;2037,29.558933;2038,29.5506;2070,29.242468;2039,29.542116;2040,29.533497;2041,29.524757;2042,29.51591;2043,29.50696;2044,29.497921;2045,29.488798;2046,29.479599;2047,29.470331;2048,29.460999;2017,29.690237;2049,29.451605;2016,29.696308;2050,29.442156;2019,29.678085;2051,29.432655;2018,29.684162;2052,29.423107;2021,29.665924;2053,29.413513;2020,29.672007;2054,29.403877;2023,29.653753;2055,29.394201;2022,29.65984;2056,29.384455;2025,29.641571;2057,29.374643;2024,29.647663;2058,29.364767;2027,29.629377;2059,29.354834;2026,29.635475;2060,29.344843;2029,29.617174;2061,29.3348;2028,29.623278;2062,29.324709;2031,29.604525;2063,29.31457;2030,29.61107;2002,0.0;2003,0.0;2000,0.0;2001,0.0;2006,0.0;2007,0.0;2004,0.0;2005,0.0;2010,0.0;2011,0.0;2008,0.0;2009,0.0;2014,29.708443;2015,29.702377;2012,0.0;2013,29.714504',2,10,13),(199,'2065,29.275393;2032,29.597385;2064,29.28646;2033,29.589945;2067,29.25309;2034,29.582174;2066,29.264269;2035,29.57412;2069,29.230585;2036,29.565815;2068,29.241861;2037,29.557287;2038,29.548563;2070,29.219261;2039,29.539661;2040,29.530603;2041,29.521404;2042,29.512075;2043,29.502628;2044,29.493076;2045,29.483427;2046,29.473688;2047,29.463867;2048,29.45397;2017,29.690237;2049,29.444004;2016,29.696308;2050,29.433971;2019,29.678085;2051,29.42388;2018,29.684162;2052,29.41373;2021,29.665924;2053,29.403528;2020,29.672007;2054,29.393278;2023,29.653753;2055,29.38298;2022,29.65984;2056,29.372583;2025,29.641571;2057,29.362093;2024,29.647663;2058,29.351513;2027,29.629377;2059,29.340853;2026,29.635475;2060,29.330112;2029,29.617174;2061,29.319302;2028,29.623278;2062,29.308418;2031,29.604448;2063,29.297472;2030,29.61107;2002,0.0;2003,0.0;2000,0.0;2001,0.0;2006,0.0;2007,0.0;2004,0.0;2005,0.0;2010,0.0;2011,0.0;2008,0.0;2009,0.0;2014,29.708443;2015,29.702377;2012,0.0;2013,29.714504',2,8,13),(200,'2065,29.518923;2032,29.70757;2064,29.525059;2033,29.703138;2067,29.506643;2034,29.698515;2066,29.512785;2035,29.693722;2069,29.494356;2036,29.68878;2068,29.500502;2037,29.683706;2038,29.678516;2070,29.488207;2039,29.673223;2040,29.667837;2041,29.662367;2042,29.656822;2043,29.651207;2044,29.64553;2045,29.639797;2046,29.634012;2047,29.62818;2048,29.622301;2017,29.762907;2049,29.616383;2016,29.76653;2050,29.610428;2019,29.75566;2051,29.604435;2018,29.759283;2052,29.598412;2021,29.748405;2053,29.592358;2020,29.752033;2054,29.586275;2023,29.741148;2055,29.580166;2022,29.744778;2056,29.574053;2025,29.733889;2057,29.567938;2024,29.737518;2058,29.56182;2027,29.726624;2059,29.5557;2026,29.730255;2060,29.549576;2029,29.719353;2061,29.543451;2028,29.722988;2062,29.537323;2031,29.711775;2063,29.53119;2030,29.715717;2002,0.0;2003,0.0;2000,0.0;2001,0.0;2006,0.0;2007,0.0;2004,0.0;2005,0.0;2010,0.0;2011,0.0;2008,0.0;2009,0.0;2014,29.773771;2015,29.770151;2012,0.0;2013,29.777391',2,12,13),(201,'2065,29.38519;2032,29.598705;2064,29.391645;2033,29.59246;2067,29.372301;2034,29.58618;2066,29.378742;2035,29.579868;2069,29.35944;2036,29.57353;2068,29.365868;2037,29.567167;2038,29.560781;2070,29.35302;2039,29.554379;2040,29.547956;2041,29.541517;2042,29.535065;2043,29.528597;2044,29.522118;2045,29.515627;2046,29.509125;2047,29.502613;2048,29.49609;2017,29.690237;2049,29.48956;2016,29.696308;2050,29.48302;2019,29.678085;2051,29.476473;2018,29.684162;2052,29.46992;2021,29.665924;2053,29.463358;2020,29.672007;2054,29.456789;2023,29.653753;2055,29.450214;2022,29.65984;2056,29.443655;2025,29.641571;2057,29.43711;2024,29.647663;2058,29.430582;2027,29.629377;2059,29.424065;2026,29.635475;2060,29.41756;2029,29.617174;2061,29.411066;2028,29.623278;2062,29.404583;2031,29.60491;2063,29.39811;2030,29.61107;2002,0.0;2003,0.0;2000,0.0;2001,0.0;2006,0.0;2007,0.0;2004,0.0;2005,0.0;2010,0.0;2011,0.0;2008,0.0;2009,0.0;2014,29.708443;2015,29.702377;2012,0.0;2013,29.714504',2,9,13),(202,'2065,29.349037;2032,29.571362;2064,29.355999;2033,29.56466;2067,29.33505;2034,29.557962;2066,29.342052;2035,29.55127;2069,29.320993;2036,29.544579;2068,29.32803;2037,29.537891;2038,29.531206;2070,29.313938;2039,29.524523;2040,29.517841;2041,29.51116;2042,29.504478;2043,29.497797;2044,29.491116;2045,29.484434;2046,29.477753;2047,29.47107;2048,29.464386;2017,29.672007;2049,29.457703;2016,29.678694;2050,29.451017;2019,29.658623;2051,29.444332;2018,29.665316;2052,29.437645;2021,29.645226;2053,29.430956;2020,29.651926;2054,29.424267;2023,29.631817;2055,29.417574;2022,29.638523;2056,29.410849;2025,29.618395;2057,29.404089;2024,29.625109;2058,29.397299;2027,29.604961;2059,29.39048;2026,29.611681;2060,29.383633;2029,29.591516;2061,29.37676;2028,29.59824;2062,29.369864;2031,29.578072;2063,29.362942;2030,29.58479;2002,0.0;2003,0.0;2000,0.0;2001,0.0;2006,0.0;2007,0.0;2004,0.0;2005,0.0;2010,0.0;2011,0.0;2008,0.0;2009,0.0;2014,29.692059;2015,29.685377;2012,0.0;2013,29.698736',2,7,13),(203,'2065,29.571915;2032,29.708223;2064,29.575987;2033,29.704388;2067,29.56381;2034,29.7005;2066,29.567856;2035,29.696571;2069,29.555754;2036,29.692604;2068,29.559776;2037,29.688604;2038,29.684574;2070,29.551743;2039,29.680517;2040,29.676435;2041,29.672335;2042,29.668213;2043,29.664072;2044,29.659916;2045,29.655745;2046,29.651562;2047,29.647364;2048,29.643154;2017,29.762907;2049,29.638935;2016,29.76653;2050,29.634705;2019,29.75566;2051,29.630466;2018,29.759283;2052,29.626219;2021,29.748405;2053,29.621962;2020,29.752033;2054,29.617699;2023,29.741148;2055,29.613426;2022,29.744778;2056,29.609182;2025,29.733889;2057,29.604961;2024,29.737518;2058,29.600765;2027,29.726624;2059,29.59659;2026,29.730255;2060,29.592434;2029,29.719353;2061,29.588297;2028,29.722988;2062,29.584177;2031,29.712004;2063,29.580074;2030,29.715717;2002,0.0;2003,0.0;2000,0.0;2001,0.0;2006,0.0;2007,0.0;2004,0.0;2005,0.0;2010,0.0;2011,0.0;2008,0.0;2009,0.0;2014,29.773771;2015,29.770151;2012,0.0;2013,29.777391',2,11,13),(204,'2065,32.57081;2032,32.57095;2064,32.570812;2033,32.57094;2067,32.570805;2034,32.57093;2066,32.57081;2035,32.57092;2069,32.570805;2036,32.57091;2068,32.570805;2037,32.570904;2038,32.570896;2070,32.5708;2039,32.570892;2040,32.570885;2041,32.57088;2042,32.570873;2043,32.57087;2044,32.570866;2045,32.57086;2046,32.570858;2047,32.570854;2048,32.57085;2017,32.57162;2049,32.570847;2016,32.571846;2050,32.570843;2019,32.571365;2051,32.57084;2018,32.571472;2052,32.570835;2021,32.571224;2053,32.570835;2020,32.571285;2054,32.57083;2023,32.571133;2055,32.570827;2022,32.571175;2056,32.570827;2025,32.57107;2057,32.570824;2024,32.5711;2058,32.570824;2027,32.571022;2059,32.57082;2026,32.571045;2060,32.57082;2029,32.570988;2061,32.570816;2028,32.571007;2062,32.570816;2031,32.57096;2063,32.570812;2030,32.570972;2002,0.0;2003,0.0;2000,0.0;2001,0.0;2006,0.0;2007,0.0;2004,0.0;2005,0.0;2010,0.0;2011,0.0;2008,0.0;2009,0.0;2014,32.572964;2015,32.57222;2012,0.0;2013,32.575195',2,20,14),(205,'2065,31.87027;2032,32.23682;2064,31.882555;2033,32.228016;2067,31.845572;2034,32.218876;2066,31.85794;2035,32.209446;2069,31.820715;2036,32.19976;2068,31.833162;2037,32.18985;2038,32.179737;2070,31.808233;2039,32.16945;2040,32.159;2041,32.148407;2042,32.137688;2043,32.126854;2044,32.115913;2045,32.104874;2046,32.093746;2047,32.082542;2048,32.07126;2017,32.350197;2049,32.05991;2016,32.357822;2050,32.0485;2019,32.335136;2051,32.03703;2018,32.342648;2052,32.025505;2021,32.32018;2053,32.01393;2020,32.327652;2054,32.002308;2023,32.30527;2055,31.990644;2022,32.31272;2056,31.978897;2025,32.290382;2057,31.967075;2024,32.297825;2058,31.955181;2027,32.27551;2059,31.943222;2026,32.282944;2060,31.9312;2029,32.260635;2061,31.919119;2028,32.26807;2062,31.90698;2031,32.24524;2063,31.894793;2030,32.253204;2002,0.0;2003,0.0;2000,0.0;2001,0.0;2006,0.0;2007,0.0;2004,0.0;2005,0.0;2010,0.0;2011,0.0;2008,0.0;2009,0.0;2014,32.37373;2015,32.365593;2012,0.0;2013,32.383327',2,10,14),(206,'2065,31.847736;2032,32.236553;2064,31.861025;2033,32.22751;2067,31.820974;2034,32.218067;2066,31.834385;2035,32.208282;2069,31.79399;2036,32.1982;2068,31.807508;2037,32.18785;2038,32.17727;2070,31.78042;2039,32.166473;2040,32.155495;2041,32.14435;2042,32.13305;2043,32.121613;2044,32.110054;2045,32.098377;2046,32.0866;2047,32.07473;2048,32.06277;2017,32.350197;2049,32.05073;2016,32.357822;2050,32.03862;2019,32.335136;2051,32.02644;2018,32.342648;2052,32.014194;2021,32.32018;2053,32.00189;2020,32.327652;2054,31.989532;2023,32.30527;2055,31.977121;2022,32.31272;2056,31.964596;2025,32.290382;2057,31.951963;2024,32.297825;2058,31.93923;2027,32.27551;2059,31.926401;2026,32.282944;2060,31.913483;2029,32.260635;2061,31.900482;2028,32.26807;2062,31.887402;2031,32.245144;2063,31.874249;2030,32.253204;2002,0.0;2003,0.0;2000,0.0;2001,0.0;2006,0.0;2007,0.0;2004,0.0;2005,0.0;2010,0.0;2011,0.0;2008,0.0;2009,0.0;2014,32.37373;2015,32.365593;2012,0.0;2013,32.383327',2,8,14),(207,'2065,32.141277;2032,32.370674;2064,32.14871;2033,32.36526;2067,32.12641;2034,32.35961;2066,32.133842;2035,32.353756;2069,32.111538;2036,32.34772;2068,32.118977;2037,32.34153;2038,32.3352;2070,32.104103;2039,32.328743;2040,32.322178;2041,32.31551;2042,32.308754;2043,32.301914;2044,32.295002;2045,32.28802;2046,32.28098;2047,32.27388;2048,32.26673;2017,32.438942;2049,32.259533;2016,32.443596;2050,32.252293;2019,32.429825;2051,32.24501;2018,32.43436;2052,32.23769;2021,32.420815;2053,32.230335;2020,32.425312;2054,32.22295;2023,32.411858;2055,32.21553;2022,32.416332;2056,32.20811;2025,32.402924;2057,32.20069;2024,32.407387;2058,32.193268;2027,32.394005;2059,32.185844;2026,32.398464;2060,32.17842;2029,32.385098;2061,32.170994;2028,32.38955;2062,32.163567;2031,32.375816;2063,32.156136;2030,32.380642;2002,0.0;2003,0.0;2000,0.0;2001,0.0;2006,0.0;2007,0.0;2004,0.0;2005,0.0;2010,0.0;2011,0.0;2008,0.0;2009,0.0;2014,32.453564;2015,32.448395;2012,0.0;2013,32.46021',2,12,14),(208,'2065,31.979765;2032,32.23816;2064,31.987547;2033,32.230564;2067,31.96424;2034,32.222927;2066,31.971996;2035,32.21526;2069,31.948751;2036,32.207558;2068,31.95649;2037,32.199833;2038,32.19208;2070,31.941021;2039,32.18431;2040,32.17652;2041,32.168713;2042,32.16089;2043,32.15305;2044,32.1452;2045,32.137337;2046,32.12946;2047,32.12158;2048,32.11368;2017,32.350197;2049,32.10578;2016,32.357822;2050,32.09787;2019,32.335136;2051,32.08995;2018,32.342648;2052,32.082027;2021,32.32018;2053,32.074097;2020,32.327652;2054,32.06616;2023,32.30527;2055,32.058216;2022,32.31272;2056,32.050293;2025,32.290382;2057,32.042393;2024,32.297825;2058,32.034508;2027,32.27551;2059,32.026646;2026,32.282944;2060,32.018795;2029,32.260635;2061,32.010963;2028,32.26807;2062,32.003143;2031,32.24571;2063,31.995338;2030,32.253204;2002,0.0;2003,0.0;2000,0.0;2001,0.0;2006,0.0;2007,0.0;2004,0.0;2005,0.0;2010,0.0;2011,0.0;2008,0.0;2009,0.0;2014,32.37373;2015,32.365593;2012,0.0;2013,32.383327',2,9,14),(209,'2065,31.936235;2032,32.204967;2064,31.944618;2033,32.196827;2067,31.919409;2034,32.188694;2066,31.927834;2035,32.18057;2069,31.902504;2036,32.172455;2068,31.910965;2037,32.16434;2038,32.15624;2070,31.894024;2039,32.148136;2040,32.140038;2041,32.131947;2042,32.123856;2043,32.115765;2044,32.10768;2045,32.099598;2046,32.091515;2047,32.083435;2048,32.075356;2017,32.32798;2049,32.067276;2016,32.33635;2050,32.0592;2019,32.311428;2051,32.05112;2018,32.319683;2052,32.04305;2021,32.294983;2053,32.034973;2020,32.303196;2054,32.026897;2023,32.27858;2055,32.01882;2022,32.286777;2056,32.010708;2025,32.2622;2057,32.002556;2024,32.27039;2058,31.99437;2027,32.24583;2059,31.986149;2026,32.254013;2060,31.977898;2029,32.229465;2061,31.969618;2028,32.237648;2062,31.96131;2031,32.21312;2063,31.952976;2030,32.221283;2002,0.0;2003,0.0;2000,0.0;2001,0.0;2006,0.0;2007,0.0;2004,0.0;2005,0.0;2010,0.0;2011,0.0;2008,0.0;2009,0.0;2014,32.35374;2015,32.344864;2012,0.0;2013,32.364082',2,7,14),(210,'2065,32.2055;2032,32.371475;2064,32.21044;2033,32.366783;2067,32.195667;2034,32.362034;2066,32.200577;2035,32.35723;2069,32.185894;2036,32.352386;2068,32.190773;2037,32.347504;2038,32.342583;2070,32.18103;2039,32.33763;2040,32.332653;2041,32.32765;2042,32.322624;2043,32.317577;2044,32.31251;2045,32.30743;2046,32.30233;2047,32.29722;2048,32.292095;2017,32.438942;2049,32.286957;2016,32.443596;2050,32.28181;2019,32.429825;2051,32.27665;2018,32.43436;2052,32.27148;2021,32.420815;2053,32.266304;2020,32.425312;2054,32.26112;2023,32.411858;2055,32.255924;2022,32.416332;2056,32.250767;2025,32.402924;2057,32.245636;2024,32.407387;2058,32.240536;2027,32.394005;2059,32.235462;2026,32.398464;2060,32.23041;2029,32.385098;2061,32.225388;2028,32.38955;2062,32.220387;2031,32.3761;2063,32.215405;2030,32.380642;2002,0.0;2003,0.0;2000,0.0;2001,0.0;2006,0.0;2007,0.0;2004,0.0;2005,0.0;2010,0.0;2011,0.0;2008,0.0;2009,0.0;2014,32.453564;2015,32.448395;2012,0.0;2013,32.46021',2,11,14),(211,'2065,1.1728952;2032,0.41965562;2064,1.1494523;2033,0.44170848;2067,1.2198746;2034,0.4638241;2066,1.1963694;2035,0.48600027;2069,1.2669765;2036,0.50823504;2068,1.2434105;2037,0.53052664;2038,0.55287325;2070,1.2905722;2039,0.57527333;2040,0.59772545;2041,0.6202281;2042,0.6427801;2043,0.6653801;2044,0.6880271;2045,0.71071976;2046,0.73345727;2047,0.75623846;2048,0.77906257;2017,0.09884567;2049,0.8019285;2016,0.078442104;2050,0.82483566;2019,0.14018092;2051,0.847783;2018,0.11943315;2052,0.87076986;2021,0.18209109;2053,0.8937955;2020,0.16107143;2054,0.9168592;2023,0.22447607;2055,0.9399603;2022,0.20322897;2056,0.96309805;2025,0.26726907;2057,0.986272;2024,0.24582492;2058,1.0094814;2027,0.31042185;2059,1.0327257;2026,0.28880298;2060,1.0560044;2029,0.35389775;2061,1.0793169;2028,0.33212137;2062,1.1026627;2031,0.3976678;2063,1.1260414;2030,0.37574756;2002,0.0;2003,0.0;2000,0.0;2001,0.0;2006,0.0;2007,0.0;2004,0.0;2005,0.0;2010,0.0;2011,0.0;2008,0.0;2009,0.0;2014,0.038342096;2015,0.058256347;2012,0.0;2013,0.018801624',2,20,15),(212,'2065,1.485064;2032,0.47395778;2064,1.4504737;2033,0.5007372;2067,1.5550152;2034,0.52776223;2066,1.5199112;2035,0.5550301;2069,1.6259958;2036,0.5825384;2068,1.5903766;2037,0.61028486;2038,0.6382675;2070,1.661873;2039,0.66648436;2040,0.6949338;2041,0.72362655;2042,0.7525617;2043,0.7817383;2044,0.8111555;2045,0.8408125;2046,0.87070876;2047,0.90084356;2048,0.9312164;2017,0.10402673;2049,0.96182686;2016,0.08195552;2050,0.9926744;2019,0.14940165;2051,1.0237674;2018,0.12652211;2052,1.0551057;2021,0.19620398;2053,1.0866891;2020,0.1726353;2054,1.1185176;2023,0.24427588;2055,1.1505914;2022,0.22008923;2056,1.1829123;2025,0.2935044;2057,1.2154809;2024,0.26875123;2058,1.2482971;2027,0.343808;2059,1.281361;2026,0.31852603;2060,1.3146726;2029,0.39512506;2061,1.3482394;2028,0.36934313;2062,1.3820616;2031,0.447427;2063,1.4161396;2030,0.42114818;2002,0.0;2003,0.0;2000,0.0;2001,0.0;2006,0.0;2007,0.0;2004,0.0;2005,0.0;2010,0.0;2011,0.0;2008,0.0;2009,0.0;2014,0.03934285;2015,0.060365044;2012,0.0;2013,0.01904966',2,10,15),(213,'2065,1.4867843;2032,0.4739636;2064,1.4520745;2033,0.50074893;2067,1.556992;2034,0.52778196;2066,1.5217568;2035,0.5550601;2069,1.6282537;2036,0.5825808;2068,1.5924909;2037,0.61034197;2038,0.6383416;2070,1.6642809;2039,0.66657794;2040,0.6950493;2041,0.7237665;2042,0.75272864;2043,0.7819348;2044,0.8113843;2045,0.8410764;2046,0.8710105;2047,0.901186;2048,0.9316024;2017,0.10402673;2049,0.96225935;2016,0.08195552;2050,0.99315643;2019,0.14940165;2051,1.024302;2018,0.12652211;2052,1.0556961;2021,0.19620398;2053,1.0873384;2020,0.1726353;2054,1.1192292;2023,0.24427588;2055,1.1513684;2022,0.22008923;2056,1.1837599;2025,0.2935044;2057,1.216404;2024,0.26875123;2058,1.2493007;2027,0.343808;2059,1.2824504;2026,0.31852603;2060,1.3158532;2029,0.39512506;2061,1.3495167;2028,0.36934313;2062,1.3834412;2031,0.4474289;2063,1.417627;2030,0.42114818;2002,0.0;2003,0.0;2000,0.0;2001,0.0;2006,0.0;2007,0.0;2004,0.0;2005,0.0;2010,0.0;2011,0.0;2008,0.0;2009,0.0;2014,0.03934285;2015,0.060365044;2012,0.0;2013,0.01904966',2,8,15),(214,'2065,1.4645925;2032,0.4710678;2064,1.4308861;2033,0.49759147;2067,1.532692;2034,0.5243466;2066,1.4985276;2035,0.5513301;2069,1.6017072;2036,0.5785394;2068,1.567085;2037,0.60597193;2038,0.6336254;2070,1.6365582;2039,0.6614978;2040,0.68958706;2041,0.7179037;2042,0.7464464;2043,0.77521396;2044,0.80420536;2045,0.83341956;2046,0.8628557;2047,0.89251286;2048,0.9223903;2017,0.10365322;2049,0.95248723;2016,0.08167572;2050,0.982803;2019,0.14881423;2051,1.0133455;2018,0.12604606;2052,1.0441145;2021,0.1953671;2053,1.0751094;2020,0.17192765;2054,1.1063299;2023,0.2431533;2055,1.1377758;2022,0.21911408;2056,1.1694452;2025,0.29205906;2057,1.2013377;2024,0.26747197;2058,1.2334532;2027,0.342002;2059,1.2657912;2026,0.31690517;2060,1.2983518;2029,0.39291954;2061,1.3311416;2028,0.3673423;2062,1.3641607;2031,0.44477877;2063,1.3974088;2030,0.41872802;2002,0.0;2003,0.0;2000,0.0;2001,0.0;2006,0.0;2007,0.0;2004,0.0;2005,0.0;2010,0.0;2011,0.0;2008,0.0;2009,0.0;2014,0.039223474;2015,0.06017003;2012,0.0;2013,0.018996164',2,12,15),(215,'2065,1.4642968;2032,0.47408557;2064,1.4311987;2033,0.5008;2067,1.5310422;2034,0.5277394;2066,1.4975781;2035,0.5549004;2069,1.5985168;2036,0.58227986;2068,1.5646886;2037,0.60987496;2038,0.63768315;2070,1.6325266;2039,0.665702;2040,0.6939293;2041,0.72236603;2042,0.7510104;2043,0.7798608;2044,0.8089156;2045,0.83817333;2046,0.8676326;2047,0.89729226;2048,0.927151;2017,0.10408581;2049,0.95720774;2016,0.08199819;2050,0.9874615;2019,0.14949897;2051,1.0179117;2018,0.12659943;2052,1.0485574;2021,0.19634312;2053,1.0793978;2020,0.17275432;2054,1.1104321;2023,0.24444911;2055,1.1416597;2022,0.22024655;2056,1.1730781;2025,0.2937013;2057,1.2046866;2024,0.2689377;2058,1.2364846;2027,0.34401622;2059,1.2684716;2026,0.31873026;2060,1.3006468;2029,0.39533055;2061,1.3330076;2028,0.36955184;2062,1.3655536;2031,0.44759974;2063,1.3982841;2030,0.42134658;2002,0.0;2003,0.0;2000,0.0;2001,0.0;2006,0.0;2007,0.0;2004,0.0;2005,0.0;2010,0.0;2011,0.0;2008,0.0;2009,0.0;2014,0.039358683;2015,0.060393233;2012,0.0;2013,0.019055648',2,9,15),(216,'2065,1.4675509;2032,0.47480658;2064,1.4343278;2033,0.501578;2067,1.5345625;2034,0.5285752;2066,1.5009625;2035,0.55579484;2069,1.6023257;2036,0.5832339;2068,1.5683502;2037,0.61088943;2038,0.6387589;2070,1.6364884;2039,0.66683984;2040,0.69513005;2041,0.7236305;2042,0.7523394;2043,0.7812551;2044,0.81037605;2045,0.83970064;2046,0.86922765;2047,0.89895576;2048,0.9288837;2017,0.10417977;2049,0.9590104;2016,0.08206856;2050,0.9893349;2019,0.1496468;2051,1.0198566;2018,0.1267192;2052,1.0505745;2021,0.19655383;2053,1.0814879;2020,0.17293246;2054,1.112596;2023,0.24473181;2055,1.143898;2022,0.22049211;2056,1.1753955;2025,0.2940654;2057,1.207088;2024,0.26925993;2058,1.2389748;2027,0.34447125;2059,1.2710555;2026,0.3191386;2060,1.3033293;2029,0.39588633;2061,1.3357941;2028,0.37005597;2062,1.368449;2031,0.44826472;2063,1.4012938;2030,0.42195648;2002,0.0;2003,0.0;2000,0.0;2001,0.0;2006,0.0;2007,0.0;2004,0.0;2005,0.0;2010,0.0;2011,0.0;2008,0.0;2009,0.0;2014,0.03938869;2015,0.060442265;2012,0.0;2013,0.01906909',2,7,15),(217,'2065,1.4475826;2032,0.47120562;2064,1.4151036;2033,0.4976768;2067,1.513047;2034,0.52436316;2066,1.4802306;2035,0.5512612;2069,1.5791827;2036,0.57836777;2068,1.5460311;2037,0.6056799;2038,0.6331949;2070,1.6125013;2039,0.66091037;2040,0.68882376;2041,0.7169361;2042,0.74524546;2043,0.77375;2044,0.8024481;2045,0.8313381;2046,0.8604186;2047,0.8896882;2048,0.9191456;2017,0.10371187;2049,0.94878954;2016,0.08171809;2050,0.9786189;2019,0.14891079;2051,1.0086331;2018,0.1261228;2052,1.038831;2021,0.19550508;2053,1.0692118;2020,0.1720457;2054,1.0997745;2023,0.243325;2055,1.1305181;2022,0.21927005;2056,1.1614397;2025,0.29225415;2057,1.1925383;2024,0.26765674;2058,1.2238132;2027,0.34220818;2059,1.2552636;2026,0.31710744;2060,1.2868887;2029,0.3931229;2061,1.318686;2028,0.36754888;2062,1.3506546;2031,0.4449534;2063,1.382794;2030,0.4189243;2002,0.0;2003,0.0;2000,0.0;2001,0.0;2006,0.0;2007,0.0;2004,0.0;2005,0.0;2010,0.0;2011,0.0;2008,0.0;2009,0.0;2014,0.039239205;2015,0.060198024;2012,0.0;2013,0.019002113',2,11,15),(218,'2065,0.00812866;2032,0.00812866;2064,0.00812866;2033,0.00812866;2067,0.00812866;2034,0.00812866;2066,0.00812866;2035,0.00812866;2069,0.00812866;2036,0.00812866;2068,0.00812866;2037,0.00812866;2038,0.00812866;2070,0.00812866;2039,0.00812866;2040,0.00812866;2041,0.00812866;2042,0.00812866;2043,0.00812866;2044,0.00812866;2045,0.00812866;2046,0.00812866;2047,0.00812866;2048,0.00812866;2017,0.00812866;2049,0.00812866;2016,0.00812866;2050,0.00812866;2019,0.00812866;2051,0.00812866;2018,0.00812866;2052,0.00812866;2021,0.00812866;2053,0.00812866;2020,0.00812866;2054,0.00812866;2023,0.00812866;2055,0.00812866;2022,0.00812866;2056,0.00812866;2025,0.00812866;2057,0.00812866;2024,0.00812866;2058,0.00812866;2027,0.00812866;2059,0.00812866;2026,0.00812866;2060,0.00812866;2029,0.00812866;2061,0.00812866;2028,0.00812866;2062,0.00812866;2031,0.00812866;2063,0.00812866;2030,0.00812866;2002,0.0;2003,0.0;2000,0.0;2001,0.0;2006,0.0;2007,0.0;2004,0.0;2005,0.0;2010,0.0;2011,0.0;2008,0.0;2009,0.0;2014,0.00812866;2015,0.00812866;2012,0.0;2013,0.00812866',2,20,16),(219,'2065,0.008518633;2032,0.008315371;2064,0.008511836;2033,0.0083202645;2067,0.0085323;2034,0.008325343;2066,0.008525455;2035,0.008330584;2069,0.00854605;2036,0.008335966;2068,0.008539164;2037,0.008341473;2038,0.008347089;2070,0.008552954;2039,0.008352804;2040,0.008358606;2041,0.0083644865;2042,0.008370438;2043,0.008376453;2044,0.008382525;2045,0.008388651;2046,0.008394824;2047,0.008401041;2048,0.008407298;2017,0.008252572;2049,0.008413591;2016,0.008248442;2050,0.00841992;2019,0.008260833;2051,0.008426279;2018,0.008256703;2052,0.008432667;2021,0.008269094;2053,0.008439082;2020,0.0082649635;2054,0.008445522;2023,0.008277355;2055,0.008451985;2022,0.008273224;2056,0.008458492;2025,0.008285616;2057,0.008465041;2024,0.008281485;2058,0.008471629;2027,0.008293876;2059,0.008478251;2026,0.008289746;2060,0.008484908;2029,0.008302137;2061,0.008491597;2028,0.008298007;2062,0.008498316;2031,0.008310694;2063,0.008505062;2030,0.008306268;2002,0.0;2003,0.0;2000,0.0;2001,0.0;2006,0.0;2007,0.0;2004,0.0;2005,0.0;2010,0.0;2011,0.0;2008,0.0;2009,0.0;2014,0.008240181;2015,0.008244311;2012,0.0;2013,0.008236051',2,10,16),(220,'2065,0.008531103;2032,0.00831552;2064,0.00852375;2033,0.008320548;2067,0.008545907;2034,0.008325794;2066,0.008538489;2035,0.00833123;2069,0.008560832;2036,0.008336833;2068,0.008553355;2037,0.008342583;2038,0.008348462;2070,0.008568335;2039,0.008354456;2040,0.0083605535;2041,0.008366743;2042,0.008373016;2043,0.0083793625;2044,0.008385778;2045,0.008392256;2046,0.008398789;2047,0.008405374;2048,0.008412006;2017,0.008252572;2049,0.008418682;2016,0.008248442;2050,0.008425398;2019,0.008260833;2051,0.00843215;2018,0.008256703;2052,0.008438936;2021,0.008269094;2053,0.008445755;2020,0.0082649635;2054,0.008452603;2023,0.008277355;2055,0.008459478;2022,0.008273224;2056,0.008466415;2025,0.008285616;2057,0.008473412;2024,0.008281485;2058,0.008480464;2027,0.008293876;2059,0.008487567;2026,0.008289746;2060,0.008494718;2029,0.008302137;2061,0.008501915;2028,0.008298007;2062,0.008509154;2031,0.008310746;2063,0.008516434;2030,0.008306268;2002,0.0;2003,0.0;2000,0.0;2001,0.0;2006,0.0;2007,0.0;2004,0.0;2005,0.0;2010,0.0;2011,0.0;2008,0.0;2009,0.0;2014,0.008240181;2015,0.008244311;2012,0.0;2013,0.008236051',2,8,16),(221,'2065,0.008368411;2032,0.008240776;2064,0.008364284;2033,0.008243793;2067,0.008376665;2034,0.008246941;2066,0.008372538;2035,0.008250202;2069,0.00838492;2036,0.008253564;2068,0.008380792;2037,0.008257014;2038,0.008260541;2070,0.008389047;2039,0.008264137;2040,0.008267796;2041,0.00827151;2042,0.008275273;2043,0.008279081;2044,0.0082829315;2045,0.008286817;2046,0.008290738;2047,0.008294689;2048,0.008298668;2017,0.008203007;2049,0.008302674;2016,0.008200529;2050,0.008306703;2019,0.008207964;2051,0.008310754;2018,0.0082054855;2052,0.0083148265;2021,0.00821292;2053,0.008318917;2020,0.008210442;2054,0.008323026;2023,0.008217877;2055,0.008327151;2022,0.0082153985;2056,0.008331276;2025,0.008222833;2057,0.008335401;2024,0.008220355;2058,0.008339527;2027,0.00822779;2059,0.008343653;2026,0.0082253115;2060,0.008347779;2029,0.008232746;2061,0.008351905;2028,0.008230268;2062,0.008356031;2031,0.008237911;2063,0.008360158;2030,0.0082352245;2002,0.0;2003,0.0;2000,0.0;2001,0.0;2006,0.0;2007,0.0;2004,0.0;2005,0.0;2010,0.0;2011,0.0;2008,0.0;2009,0.0;2014,0.0081955725;2015,0.008198051;2012,0.0;2013,0.008193094',2,12,16),(222,'2065,0.0084580025;2032,0.008314628;2064,0.008453692;2033,0.008318848;2067,0.008466603;2034,0.00832309;2066,0.008462306;2035,0.008327351;2069,0.00847518;2036,0.0083316285;2068,0.008470895;2037,0.008335921;2038,0.0083402265;2070,0.00847946;2039,0.008344543;2040,0.00834887;2041,0.008353206;2042,0.008357551;2043,0.008361903;2044,0.008366263;2045,0.008370628;2046,0.008374998;2047,0.008379374;2048,0.008383755;2017,0.008252572;2049,0.008388139;2016,0.008248442;2050,0.008392529;2019,0.008260833;2051,0.008396921;2018,0.008256703;2052,0.0084013175;2021,0.008269094;2053,0.008405716;2020,0.0082649635;2054,0.0084101185;2023,0.008277355;2055,0.008414524;2022,0.008273224;2056,0.008418916;2025,0.008285616;2057,0.008423297;2024,0.008281485;2058,0.0084276665;2027,0.008293876;2059,0.008432026;2026,0.008289746;2060,0.008436376;2029,0.008302137;2061,0.008440717;2028,0.008298007;2062,0.00844505;2031,0.0083104335;2063,0.008449375;2030,0.008306268;2002,0.0;2003,0.0;2000,0.0;2001,0.0;2006,0.0;2007,0.0;2004,0.0;2005,0.0;2010,0.0;2011,0.0;2008,0.0;2009,0.0;2014,0.008240181;2015,0.008244311;2012,0.0;2013,0.008236051',2,9,16),(223,'2065,0.008482114;2032,0.008333091;2064,0.008477474;2033,0.008337612;2067,0.00849143;2034,0.008342127;2066,0.008486767;2035,0.008346639;2069,0.008500788;2036,0.008351145;2068,0.008496105;2037,0.008355648;2038,0.0083601475;2070,0.008505482;2039,0.008364645;2040,0.008369138;2041,0.008373631;2042,0.008378121;2043,0.008382609;2044,0.008387095;2045,0.00839158;2046,0.008396063;2047,0.008400545;2048,0.008405026;2017,0.0082649635;2049,0.008409506;2016,0.0082604205;2050,0.008413984;2019,0.00827405;2051,0.008418463;2018,0.008269507;2052,0.00842294;2021,0.008283137;2053,0.008427416;2020,0.008278594;2054,0.008431892;2023,0.008292224;2055,0.008436366;2022,0.008287681;2056,0.008440863;2025,0.008301311;2057,0.00844538;2024,0.008296768;2058,0.008449917;2027,0.008310398;2059,0.008454471;2026,0.008305855;2060,0.008459042;2029,0.008319485;2061,0.008463629;2028,0.008314942;2062,0.00846823;2031,0.0083285635;2063,0.008472845;2030,0.008324029;2002,0.0;2003,0.0;2000,0.0;2001,0.0;2006,0.0;2007,0.0;2004,0.0;2005,0.0;2010,0.0;2011,0.0;2008,0.0;2009,0.0;2014,0.008251334;2015,0.008255877;2012,0.0;2013,0.00824679',2,7,16),(224,'2065,0.008332718;2032,0.00824033;2064,0.00832997;2033,0.008242942;2067,0.008338185;2034,0.008245588;2066,0.008335456;2035,0.008248262;2069,0.008343616;2036,0.008250962;2068,0.0083409045;2037,0.008253682;2038,0.008256423;2070,0.008346318;2039,0.008259181;2040,0.008261954;2041,0.008264742;2042,0.008267541;2043,0.008270352;2044,0.008273173;2045,0.008276003;2046,0.008278842;2047,0.008281688;2048,0.008284542;2017,0.008203007;2049,0.008287402;2016,0.008200529;2050,0.008290268;2019,0.008207964;2051,0.00829314;2018,0.0082054855;2052,0.008296017;2021,0.00821292;2053,0.008298897;2020,0.008210442;2054,0.008301783;2023,0.008217877;2055,0.008304673;2022,0.0082153985;2056,0.0083075445;2025,0.008222833;2057,0.008310398;2024,0.008220355;2058,0.008313236;2027,0.00822779;2059,0.008316058;2026,0.0082253115;2060,0.008318866;2029,0.008232746;2061,0.00832166;2028,0.008230268;2062,0.0083244415;2031,0.008237755;2063,0.008327211;2030,0.0082352245;2002,0.0;2003,0.0;2000,0.0;2001,0.0;2006,0.0;2007,0.0;2004,0.0;2005,0.0;2010,0.0;2011,0.0;2008,0.0;2009,0.0;2014,0.0081955725;2015,0.008198051;2012,0.0;2013,0.008193094',2,11,16);
/*!40000 ALTER TABLE `engineering_model_data` ENABLE KEYS */;
UNLOCK TABLES;

--
-- Table structure for table `engineering_model_variable`
--

DROP TABLE IF EXISTS `engineering_model_variable`;
/*!40101 SET @saved_cs_client     = @@character_set_client */;
/*!40101 SET character_set_client = utf8 */;
CREATE TABLE `engineering_model_variable` (
  `id` int(11) NOT NULL AUTO_INCREMENT,
  `description` varchar(255) DEFAULT NULL,
  `name` varchar(255) DEFAULT NULL,
  `short_name` varchar(255) DEFAULT NULL,
  `uom` varchar(255) DEFAULT NULL,
  `uom_variation` varchar(255) DEFAULT NULL,
  `category` varchar(255) DEFAULT NULL,
  PRIMARY KEY (`id`)
) ENGINE=InnoDB AUTO_INCREMENT=17 DEFAULT CHARSET=latin1;
/*!40101 SET character_set_client = @saved_cs_client */;

--
-- Dumping data for table `engineering_model_variable`
--

LOCK TABLES `engineering_model_variable` WRITE;
/*!40000 ALTER TABLE `engineering_model_variable` DISABLE KEYS */;
INSERT INTO `engineering_model_variable` VALUES (1,'Corrosion initiation of reinforcing bar probability','Corrosion initiation of reinforcing bar probability','Pint','','%','Chloride'),(2,'Change in chloride concentration at concrete cover depth','Change in chloride concentration at concrete cover depth','C(h,t)','kg/m','%','Chloride'),(3,'Change in corrosion rate of reinforcing bar','Change in corrosion rate of reinforcing bar','icorr (t)','A/cm','%','Chloride'),(4,'Corrosion initiation time','Corrosion initiation time','ti','yr','%','Chloride'),(5,'Crack propagation time','Crack propagation time','tp','yr','%','Chloride'),(6,'Time to severe cracking (1mm crack width)','Time to severe cracking (1mm crack width)','tcr','yr','%','Chloride'),(7,'Chloride induced corrosion probability to severe cracking','Chloride induced corrosion probability to severe cracking','Pinit x Pcrack','','%','Chloride'),(8,'Reduction or loss in reinforcing bar','Reduction or loss in reinforcing bar','Rebar loss','mm','%','Chloride'),(9,'Corrosion initiation of reinforcing bar probability ','Corrosion initiation of reinforcing bar probability','Pint','','%','Carbonation'),(10,'Change in carbonation depth','Change in carbonation depth','Delta xc(t\')','mm','%','Carbonation'),(11,'Change in corrosion rate of reinforcing bar','Change in corrosion rate of reinforcing bar','icorr(t\')','A/cm','%','Carbonation'),(12,'Corrosion initiation time','Corrosion initiation time','ti','yr','%','Carbonation'),(13,'Crack propagation time','Crack propagation time','tp','yr','%','Carbonation'),(14,'Time to severe cracking (1mm crack width)','Time to severe cracking (1mm crack width)','tcr','yr','%','Carbonation'),(15,'Carbonation induced corrosion probability to severe cracking','Carbonation induced corrosion probability to severe cracking','Pinit x Pcrack','','%','Carbonation'),(16,'Reduction or loss in reinforcing bar','Reduction or loss in reinforcing bar','Rebar loss','mm','%','Carbonation');
/*!40000 ALTER TABLE `engineering_model_variable` ENABLE KEYS */;
UNLOCK TABLES;

--
-- Table structure for table `past_data`
--

DROP TABLE IF EXISTS `past_data`;
/*!40101 SET @saved_cs_client     = @@character_set_client */;
/*!40101 SET character_set_client = utf8 */;
CREATE TABLE `past_data` (
  `id` int(11) NOT NULL AUTO_INCREMENT,
  `creation_date` datetime DEFAULT NULL,
  `period_end` datetime DEFAULT NULL,
  `period_start` datetime DEFAULT NULL,
  `picture` varchar(255) DEFAULT NULL,
  `source_url` varchar(255) DEFAULT NULL,
  `title` varchar(255) DEFAULT NULL,
  PRIMARY KEY (`id`)
) ENGINE=InnoDB AUTO_INCREMENT=6 DEFAULT CHARSET=latin1;
/*!40101 SET character_set_client = @saved_cs_client */;

--
-- Dumping data for table `past_data`
--

LOCK TABLES `past_data` WRITE;
/*!40000 ALTER TABLE `past_data` DISABLE KEYS */;
INSERT INTO `past_data` VALUES (1,'2013-06-04 10:48:23','2012-01-01 00:00:00','1970-01-01 00:00:00','trend-mean-temp','http://www.bom.gov.au/cgi-bin/climate/change/trendmaps.cgi?map=tmean&area=aus&season=0112&period=1970','Trend in mean temperatures'),(2,'2013-06-04 10:48:23','2012-01-01 00:00:00','1970-01-01 00:00:00','trend-max-temp','http://www.bom.gov.au/cgi-bin/climate/change/trendmaps.cgi?map=tmax&area=aus&season=0112&period=1970','Trend in maximum temperatures'),(3,'2013-06-04 10:48:23','2012-01-01 00:00:00','1970-01-01 00:00:00','trend-rainfall','http://www.bom.gov.au/cgi-bin/climate/change/trendmaps.cgi?map=rain&area=aus&season=0112&period=1970','Trend in total annual rainfall'),(4,'2013-06-04 10:48:23','2012-01-01 00:00:00','1880-01-01 00:00:00','long-term-slr','http://www.cmar.csiro.au/sealevel/sl_hist_few_hundred.html','Long-term sea level rise measurements'),(5,'2013-06-04 10:48:23','2011-01-01 00:00:00','1970-01-01 00:00:00','short-term-slr','http://www.csiro.au/Outcomes/Climate/Understanding/State-of-the-Climate-2012.aspx','Shorter-term changes in sea level');
/*!40000 ALTER TABLE `past_data` ENABLE KEYS */;
UNLOCK TABLES;

--
-- Table structure for table `region`
--

DROP TABLE IF EXISTS `region`;
/*!40101 SET @saved_cs_client     = @@character_set_client */;
/*!40101 SET character_set_client = utf8 */;
CREATE TABLE `region` (
  `id` int(11) NOT NULL AUTO_INCREMENT,
  `coordinates` varchar(255) DEFAULT NULL,
  `name` varchar(255) DEFAULT NULL,
  PRIMARY KEY (`id`)
) ENGINE=InnoDB AUTO_INCREMENT=9 DEFAULT CHARSET=latin1;
/*!40101 SET character_set_client = @saved_cs_client */;

--
-- Dumping data for table `region`
--

LOCK TABLES `region` WRITE;
/*!40000 ALTER TABLE `region` DISABLE KEYS */;
INSERT INTO `region` VALUES (1,'149.0547914184899,-28.24548513942176 148.9609907444339,-35.25426489702431 155.2660617233398,-35.19627668034501 154.8867619045885,-27.90208550082615 149.0547914184899,-28.24548513942176','East Coast South'),(2,'145.3189141977523,-33.8991314327851 145.0790050622273,-39.34717405549549 153.0808752795217,-39.39167277749677 152.564341927145,-34.0115196362042 145.3189141977523,-33.8991314327851','Southern Slopes Vic East'),(3,'112.7632954156051,-26.52537830109324 112.2397686001995,-35.9640923319097 125.4390964302563,-36.01229549528745 124.759915381913,-26.54545205884348 112.7632954156051,-26.52537830109324','Southern and Southwestern Flatlands West'),(4,'','Monsoonal North'),(5,'','Wet Tropics'),(6,'','Rangelands'),(7,'','Central Slopes'),(8,'','Murray Basin');
/*!40000 ALTER TABLE `region` ENABLE KEYS */;
UNLOCK TABLES;

--
-- Table structure for table `seaport`
--

DROP TABLE IF EXISTS `seaport`;
/*!40101 SET @saved_cs_client     = @@character_set_client */;
/*!40101 SET character_set_client = utf8 */;
CREATE TABLE `seaport` (
  `code` varchar(255) NOT NULL,
  `name` varchar(255) DEFAULT NULL,
  `urban_center` varchar(255) DEFAULT NULL,
  `region_id` int(11) DEFAULT NULL,
  PRIMARY KEY (`code`),
  KEY `FK755195503365D05` (`region_id`),
  CONSTRAINT `FK755195503365D05` FOREIGN KEY (`region_id`) REFERENCES `region` (`id`)
) ENGINE=InnoDB DEFAULT CHARSET=latin1;
/*!40101 SET character_set_client = @saved_cs_client */;

--
-- Dumping data for table `seaport`
--

LOCK TABLES `seaport` WRITE;
/*!40000 ALTER TABLE `seaport` DISABLE KEYS */;
INSERT INTO `seaport` VALUES ('AUALH','Albany Port','Albany',3),('AUBSJ','Lakes Entrance','Bairnsdale',2),('AUBUY','Bunbury Port','Bunbury',3),('AUEPR','Esperance Ports',NULL,3),('AUFRE','Fremantle Ports','Perth',3),('AUGET','Geraldton Port','Geraldton',3),('AUNTL','Port of Newcastle','Newcastle',1),('AUPKL','Port Kembla','Wollongong',2),('AUQDN','Port of Eden',NULL,2),('AUSYD','Sydney Ports','Sydney',1),('AUWHL','Port Welshpool',NULL,2),('AUXMC','Port of Mallacoota',NULL,2),('AUYBA','Port of Yamba',NULL,1);
/*!40000 ALTER TABLE `seaport` ENABLE KEYS */;
UNLOCK TABLES;

--
-- Table structure for table `user`
--

DROP TABLE IF EXISTS `user`;
/*!40101 SET @saved_cs_client     = @@character_set_client */;
/*!40101 SET character_set_client = utf8 */;
CREATE TABLE `user` (
  `username` varchar(255) NOT NULL,
  `email` varchar(255) DEFAULT NULL,
  `enabled` bit(1) DEFAULT NULL,
  `firstname` varchar(255) DEFAULT NULL,
  `lastname` varchar(255) DEFAULT NULL,
  `nla_number` varchar(255) DEFAULT NULL,
  `non_locked` bit(1) DEFAULT NULL,
  `password` varchar(255) DEFAULT NULL,
  `roles` varchar(255) DEFAULT NULL,
  PRIMARY KEY (`username`)
) ENGINE=InnoDB DEFAULT CHARSET=latin1;
/*!40101 SET character_set_client = @saved_cs_client */;

--
-- Dumping data for table `user`
--

LOCK TABLES `user` WRITE;
/*!40000 ALTER TABLE `user` DISABLE KEYS */;
INSERT INTO `user` VALUES ('admin','email@company.com','','Admin','Admin',NULL,'','5e884898da28047151d0e56f8dc6292773603d0d6aabbdd62a11ef721d1542d8','ROLE_ADMIN'),('atrundle','alexei.trundle@rmit.edu.au','','Alexei','Trundle',NULL,'','5e884898da28047151d0e56f8dc6292773603d0d6aabbdd62a11ef721d1542d8','ROLE_USER'),('dmcevoy','darryn.mcevoy@rmit.edu.au','','Darryn','McEvoy',NULL,'','5e884898da28047151d0e56f8dc6292773603d0d6aabbdd62a11ef721d1542d8','ROLE_USER'),('gprevost','guillaume.prevost@rmit.edu.au','','Guillaume','Prevost',NULL,'','5e884898da28047151d0e56f8dc6292773603d0d6aabbdd62a11ef721d1542d8','ROLE_ADMIN'),('hscott','helen.scott@rmit.edu.au','','Helen','Scott',NULL,'','5e884898da28047151d0e56f8dc6292773603d0d6aabbdd62a11ef721d1542d8','ROLE_USER'),('jmullett','jane.mullett@rmit.edu.au','','Jane','Mullett',NULL,'','5e884898da28047151d0e56f8dc6292773603d0d6aabbdd62a11ef721d1542d8','ROLE_USER'),('rsrini','ravi.sreenivasamurthy@rmit.edu.au','','Ravi','Srini',NULL,'','5e884898da28047151d0e56f8dc6292773603d0d6aabbdd62a11ef721d1542d8','ROLE_USER'),('user','email@company.com','','User','User',NULL,'','5e884898da28047151d0e56f8dc6292773603d0d6aabbdd62a11ef721d1542d8','ROLE_USER');
/*!40000 ALTER TABLE `user` ENABLE KEYS */;
UNLOCK TABLES;

--
-- Table structure for table `user_story`
--

DROP TABLE IF EXISTS `user_story`;
/*!40101 SET @saved_cs_client     = @@character_set_client */;
/*!40101 SET character_set_client = utf8 */;
CREATE TABLE `user_story` (
  `id` int(11) NOT NULL AUTO_INCREMENT,
  `access` varchar(255) DEFAULT NULL,
  `creation_date` datetime DEFAULT NULL,
  `mode` varchar(255) DEFAULT NULL,
  `name` varchar(255) DEFAULT NULL,
  `publish_date` datetime DEFAULT NULL,
  `purpose` varchar(255) DEFAULT NULL,
  `owner_login` varchar(255) DEFAULT NULL,
  `seaport_id` varchar(255) DEFAULT NULL,
  PRIMARY KEY (`id`),
  KEY `FK735303818FB9E94F` (`seaport_id`),
  KEY `FK73530381BFE5533` (`owner_login`),
  CONSTRAINT `FK73530381BFE5533` FOREIGN KEY (`owner_login`) REFERENCES `user` (`username`),
  CONSTRAINT `FK735303818FB9E94F` FOREIGN KEY (`seaport_id`) REFERENCES `seaport` (`code`)
) ENGINE=InnoDB DEFAULT CHARSET=latin1;
/*!40101 SET character_set_client = @saved_cs_client */;

--
-- Dumping data for table `user_story`
--

LOCK TABLES `user_story` WRITE;
/*!40000 ALTER TABLE `user_story` DISABLE KEYS */;
/*!40000 ALTER TABLE `user_story` ENABLE KEYS */;
UNLOCK TABLES;

--
-- Table structure for table `weather_event`
--

DROP TABLE IF EXISTS `weather_event`;
/*!40101 SET @saved_cs_client     = @@character_set_client */;
/*!40101 SET character_set_client = utf8 */;
CREATE TABLE `weather_event` (
  `id` int(11) NOT NULL AUTO_INCREMENT,
  `changes` varchar(255) DEFAULT NULL,
  `consequences_other` varchar(255) DEFAULT NULL,
  `consequences_rating` varchar(255) DEFAULT NULL,
  `direct` bit(1) DEFAULT NULL,
  `impact` varchar(255) DEFAULT NULL,
  `response_adequate` bit(1) DEFAULT NULL,
  `type` varchar(255) DEFAULT NULL,
  `year` int(11) DEFAULT NULL,
  PRIMARY KEY (`id`)
) ENGINE=InnoDB DEFAULT CHARSET=latin1;
/*!40101 SET character_set_client = @saved_cs_client */;

--
-- Dumping data for table `weather_event`
--

LOCK TABLES `weather_event` WRITE;
/*!40000 ALTER TABLE `weather_event` DISABLE KEYS */;
/*!40000 ALTER TABLE `weather_event` ENABLE KEYS */;
UNLOCK TABLES;
/*!40103 SET TIME_ZONE=@OLD_TIME_ZONE */;

/*!40101 SET SQL_MODE=@OLD_SQL_MODE */;
/*!40014 SET FOREIGN_KEY_CHECKS=@OLD_FOREIGN_KEY_CHECKS */;
/*!40014 SET UNIQUE_CHECKS=@OLD_UNIQUE_CHECKS */;
/*!40101 SET CHARACTER_SET_CLIENT=@OLD_CHARACTER_SET_CLIENT */;
/*!40101 SET CHARACTER_SET_RESULTS=@OLD_CHARACTER_SET_RESULTS */;
/*!40101 SET COLLATION_CONNECTION=@OLD_COLLATION_CONNECTION */;
/*!40111 SET SQL_NOTES=@OLD_SQL_NOTES */;

-- Dump completed on 2013-06-04 11:14:14
